session_id,outage_s,start_index,distance_travelled_m,final_position_error_m,mean_position_error_m,max_position_error_m,trajectory_rmse_m,heading_error_deg,drift_per_minute_m,final_error_pct_distance
S-M_s00,10,0,70.17,21.308,12.62,21.32,14.736,0.496,127.847,30.367
S-M_s00,10,300,72.37,9.148,4.073,9.148,4.528,46.536,54.889,12.64
S-M_s00,10,600,73.14,7.759,4.387,7.759,4.761,40.092,46.555,10.608
S-M_s00,10,900,65.5,3.716,2.154,3.716,2.405,7.687,22.298,5.674
S-M_s00,10,1200,57.88,3.711,1.955,3.711,2.061,4.839,22.268,6.412
S-M_s00,10,1500,61.5,2.013,1.981,2.889,2.106,3.714,12.077,3.273
S-M_s00,10,1800,59.17,2.205,2.509,3.615,2.675,0.863,13.228,3.726
S-M_s00,10,2100,25.1,28.913,18.927,29.116,20.989,7.942,173.476,115.199
S-M_s00,10,2400,120.37,21.722,7.288,21.722,9.444,-13.331,130.332,18.045
S-M_s00,10,2700,179.24,51.834,28.489,51.834,32.593,-10.934,311.006,28.919
S-M_s00,10,3000,137.11,22.162,27.072,42.19,29.799,2.673,132.969,16.163
S-M_s00,10,3300,164.48,17.353,10.724,17.353,11.582,3.433,104.116,10.55
S-M_s00,10,3600,151.27,13.179,5.072,13.179,6.154,2.298,79.071,8.712
S-M_s00,10,3900,128.87,5.487,2.498,5.487,2.779,2.286,32.92,4.258
S-M_s00,10,4200,122.61,29.487,17.356,29.487,19.479,-0.453,176.92,24.049
S-M_s00,10,4500,122.05,9.868,5.297,9.868,5.828,0.164,59.207,8.085
S-M_s00,10,4800,66.09,3.435,5.875,9.098,6.46,-3.735,20.613,5.199
S-M_s00,10,5100,86.38,5.44,4.458,7.624,5.273,-5.031,32.641,6.298
S-M_s00,10,5400,5.15,6.471,4.09,6.721,4.589,-3.674,38.828,125.585
S-M_s00,10,5700,151.54,20.48,8.249,20.48,10.085,3.158,122.88,13.514
S-M_s00,10,6000,95.46,14.099,4.153,14.099,5.622,5.118,84.593,14.77
S-M_s00,10,6300,120.44,14.548,5.901,14.548,7.111,-1.361,87.285,12.079
S-M_s00,10,6600,127.55,27.828,16.348,27.828,17.799,-5.868,166.969,21.818
S-M_s00,10,6900,112.7,25.736,14.658,26.735,17.481,1.014,154.417,22.836
S-M_s00,10,7200,119.79,6.978,6.311,8.854,6.742,4.438,41.866,5.825
S-M_s00,10,7500,103.46,6.54,5.553,8.411,6.126,2.135,39.238,6.321
S-M_s00,10,7800,131.98,23.839,11.554,23.839,13.534,-8.679,143.036,18.063
S-M_s00,10,8100,128.33,47.495,26.602,47.495,30.615,-1.523,284.97,37.009
S-M_s00,10,8400,127.69,30.117,17.033,30.117,19.762,7.362,180.702,23.587
S-M_s00,10,8700,80.12,0.472,1.193,2.424,1.376,4.259,2.834,0.589
S-M_s00,10,9000,97.21,36.869,18.712,36.869,21.602,-0.845,221.215,37.928
S-M_s00,10,9300,84.25,0.886,2.202,4.04,2.572,-0.179,5.318,1.052
S-M_s00,10,9600,60.88,12.107,3.677,12.107,5.226,-19.28,72.642,19.885
S-M_s00,10,9900,4.47,1.024,0.823,1.333,0.883,-3.373,6.144,22.884
S-M_s00,10,10200,45.15,6.59,2.336,6.59,3.177,2.259,39.539,14.596
S-M_s00,10,10500,56.86,6.362,1.89,6.362,2.454,-6.709,38.174,11.19
S-M_s00,10,10800,87.49,19.146,9.419,19.146,11.082,3.14,114.875,21.883
S-M_s00,10,11100,99.42,21.277,13.244,21.277,14.793,3.954,127.663,21.401
S-M_s00,10,11400,72.37,7.025,2.901,7.025,3.321,-19.012,42.152,9.707
S-M_s00,10,11700,56.82,19.796,11.66,19.796,13.553,0.811,118.778,34.843
S-M_s00,10,12000,33.34,13.718,10.462,13.718,11.135,0.524,82.308,41.151
S-M_s00,10,12300,71.15,18.912,9.13,18.912,11.305,-5.229,113.471,26.579
S-M_s00,10,12600,72.14,22.452,14.372,22.959,16.242,-5.02,134.714,31.124
S-M_s00,10,12900,74.81,3.455,2.636,5.165,3.205,-7.521,20.728,4.618
S-M_s00,10,13200,80.47,18.702,8.369,18.702,9.546,3.169,112.212,23.24
S-M_s00,10,13500,84.04,20.868,8.557,20.868,10.293,-1.767,125.206,24.832
S-M_s00,10,13800,74.48,27.326,11.665,27.326,14.51,-5.327,163.957,36.692
S-M_s00,10,14100,57.14,13.597,7.135,13.597,7.809,-11.736,81.582,23.797
S-M_s00,10,14400,93.21,20.693,11.224,20.693,13.113,-4.546,124.159,22.2
S-M_s00,10,14700,91.05,20.636,9.88,20.643,12.308,-8.606,123.815,22.665
S-M_s00,10,15000,64.9,14.873,5.931,14.873,7.408,2.696,89.239,22.916
S-M_s00,10,15300,70.54,10.216,2.95,10.216,4.374,-0.27,61.293,14.481
S-M_s00,10,15600,17.25,4.762,0.806,4.762,1.377,10.106,28.569,27.611
S-M_s00,10,15900,86.81,27.071,10.45,27.071,13.248,-3.071,162.424,31.182
S-M_s00,10,16200,78.42,19.295,5.749,19.295,8.247,2.712,115.769,24.605
S-M_s00,10,16500,70.49,16.464,11.318,16.464,12.36,0.015,98.786,23.356
S-M_s00,10,16800,4.51,1.59,0.9,1.612,1.033,-3.925,9.541,35.296
S-M_s00,10,17100,8.25,6.379,4.778,6.379,5.009,-1.183,38.274,77.358
S-M_s00,10,17400,95.11,2.141,1.291,2.141,1.373,-0.926,12.848,2.251
S-M_s00,10,17700,68.61,8.545,5.892,8.545,6.114,-0.771,51.27,12.455
S-M_s00,10,18000,59.3,6.903,2.309,6.903,3.001,-5.1,41.419,11.64
S-M_s00,10,18300,92.91,23.535,11.941,23.535,14.23,-1.807,141.212,25.332
S-M_s00,10,18600,55.72,8.826,4.238,8.826,4.894,-9.937,52.955,15.839
S-M_s00,10,18900,1.9,0.433,0.563,1.023,0.637,-3.723,2.597,22.819
S-M_s00,10,19200,111.15,53.294,28.123,53.294,32.063,-3.384,319.763,47.947
S-M_s00,10,19500,91.5,18.916,6.213,18.916,8.313,-15.181,113.495,20.673
S-M_s00,10,19800,77.43,22.384,6.724,22.384,9.115,-9.532,134.306,28.91
S-M_s00,10,20100,72.43,8.876,3.719,8.876,4.599,-8.691,53.253,12.254
S-M_s00,10,20400,82.87,19.8,10.465,19.8,11.847,-10.432,118.801,23.893
S-M_s00,10,20700,61.26,38.388,19.29,38.507,23.382,0.615,230.325,62.659
S-M_s00,10,21000,46.57,6.381,2.956,6.63,3.634,-2.177,38.286,13.704
S-M_s00,10,21300,44.49,16.502,3.43,16.502,5.709,-6.301,99.013,37.093
S-M_s00,10,21600,72.14,12.124,7.187,12.124,7.896,-0.608,72.747,16.807
S-M_s00,10,21900,44.15,28.094,19.631,28.094,21.346,-14.0,168.563,63.64
S-M_s00,10,22200,95.46,22.726,12.574,22.726,14.942,2.889,136.357,23.807
S-M_s00,10,22500,50.18,6.664,7.263,9.448,7.577,2.935,39.981,13.28
S-M_s00,10,22800,128.53,21.362,8.592,21.362,10.919,-2.801,128.171,16.62
S-M_s00,10,23100,127.0,16.566,6.331,16.566,7.759,0.455,99.397,13.045
S-M_s00,10,23400,125.53,17.596,10.883,17.596,11.966,-0.579,105.578,14.018
S-M_s00,10,23700,114.01,38.847,14.334,38.847,18.317,0.479,233.083,34.073
S-M_s00,10,24000,162.64,50.923,27.632,50.923,31.285,0.682,305.536,31.309
S-M_s00,10,24300,116.71,5.338,2.12,5.338,2.581,-0.835,32.027,4.573
S-M_s00,10,24600,89.58,8.119,3.675,8.119,4.356,0.567,48.717,9.064
S-M_s00,10,24900,139.97,26.282,13.661,26.282,15.957,-1.525,157.694,18.777
S-M_s00,10,25200,88.6,5.771,3.746,8.548,4.918,-1.534,34.626,6.514
S-M_s00,10,25500,156.8,42.058,20.199,42.569,25.857,-6.275,252.347,26.823
S-M_s00,10,25800,194.88,48.354,15.642,48.354,21.628,-2.988,290.124,24.812
S-M_s00,10,26100,92.35,26.334,8.42,26.334,10.462,-10.4,158.007,28.517
S-M_s00,10,26400,163.28,29.313,13.449,29.313,15.357,-5.467,175.879,17.953
S-M_s00,10,26700,134.44,36.157,30.646,40.123,33.038,2.187,216.944,26.895
S-M_s00,10,27000,176.26,58.212,23.339,58.212,28.454,-1.299,349.273,33.026
S-M_s00,10,27300,122.24,8.475,3.387,8.475,3.925,6.646,50.852,6.934
S-M_s00,10,27600,178.81,45.633,22.4,45.633,26.512,3.589,273.797,25.52
S-M_s00,10,27900,109.09,40.641,12.554,40.641,17.364,-20.189,243.849,37.255
S-M_s00,10,28200,105.45,14.647,15.942,21.646,17.04,-4.657,87.884,13.89
S-M_s00,10,28500,141.46,31.01,14.511,31.01,16.721,-9.483,186.059,21.921
S-M_s00,10,28800,134.2,27.622,24.235,42.951,27.849,-0.121,165.731,20.582
S-M_s00,10,29100,123.72,11.643,4.554,11.643,5.614,5.007,69.855,9.411
S-M_s00,10,29400,105.31,11.256,7.255,11.256,7.708,7.403,67.533,10.688
S-M_s00,10,29700,124.39,20.393,7.551,20.393,9.857,-3.736,122.361,16.395
S-M_s00,10,30000,39.48,13.436,7.601,13.436,8.923,2.333,80.615,34.033
S-M_s00,10,30300,108.77,26.362,12.609,26.362,14.332,-3.514,158.17,24.236
S-M_s00,10,30600,105.09,22.801,10.944,22.801,12.972,-7.691,136.805,21.696
S-M_s00,10,30900,0.13,7.745,4.366,7.745,4.779,-3.403,46.468,
S-M_s00,10,31200,0.12,0.905,0.515,0.905,0.575,-2.868,5.432,
S-M_s00,10,31500,0.12,0.914,0.435,0.914,0.497,-4.934,5.482,
S-M_s00,10,31800,0.11,1.326,0.702,1.326,0.821,-5.807,7.954,
S-M_s00,10,32100,16.52,2.908,0.611,2.908,0.882,-8.217,17.447,17.601
S-M_s00,10,32400,88.9,11.717,5.039,11.717,5.785,-13.679,70.304,13.181
S-M_s00,10,32700,107.17,9.598,6.091,9.598,6.391,-0.881,57.588,8.956
S-M_s00,10,33000,68.68,2.007,4.599,9.559,5.522,-2.819,12.044,2.923
S-M_s00,10,33300,66.82,36.648,18.073,36.648,20.343,-11.211,219.886,54.848
S-M_s00,10,33600,104.97,27.063,11.166,27.063,14.04,5.112,162.378,25.781
S-M_s00,10,33900,82.43,37.018,22.141,37.018,24.041,-12.584,222.11,44.909
S-M_s00,10,34200,90.83,21.318,8.97,21.318,10.953,4.047,127.905,23.469
S-M_s00,10,34500,124.51,10.05,5.178,10.05,5.931,8.457,60.301,8.072
S-M_s00,10,34800,141.62,11.414,5.226,11.414,6.33,5.953,68.485,8.06
S-M_s00,10,35100,67.21,15.942,5.898,15.942,7.708,8.169,95.651,23.719
S-M_s00,10,35400,40.49,23.359,11.348,23.359,13.034,-2.29,140.154,57.697
S-M_s00,10,35700,90.66,6.072,5.513,9.84,6.561,-13.187,36.43,6.697
S-M_s00,10,36000,35.77,5.101,1.044,5.101,1.569,-4.517,30.605,14.26
S-M_s00,10,36300,77.06,8.685,3.873,8.685,4.58,-8.998,52.108,11.27
S-M_s00,10,36600,64.61,4.893,2.512,6.044,3.102,-0.843,29.361,7.574
S-M_s00,10,36900,91.1,12.858,6.973,12.858,7.96,-6.729,77.15,14.115
S-M_s00,10,37200,91.14,5.467,5.411,7.599,5.696,-4.299,32.803,5.999
S-M_s00,10,37500,10.59,3.359,2.047,4.461,2.701,-5.876,20.151,31.726
S-M_s00,10,37800,68.37,13.302,4.967,13.302,6.959,-14.706,79.811,19.457
S-M_s00,10,38100,89.35,19.86,10.34,19.86,11.969,12.44,119.161,22.228
S-M_s00,10,38400,88.59,18.612,9.244,18.612,10.956,-28.852,111.67,21.009
S-M_s00,10,38700,56.01,12.381,6.086,12.381,7.376,-4.854,74.285,22.104
S-M_s00,10,39000,102.44,2.93,2.036,3.697,2.244,-2.382,17.583,2.861
S-M_s00,10,39300,0.34,0.558,0.294,0.558,0.338,-3.993,3.348,
S-M_s00,10,39600,90.94,4.37,3.075,5.446,3.511,-1.047,26.218,4.805
S-M_s00,10,39900,104.33,21.162,6.054,21.162,8.693,-5.441,126.972,20.283
S-M_s00,10,40200,150.17,10.583,6.8,10.583,7.291,-0.108,63.497,7.047
S-M_s00,10,40500,141.17,10.258,5.781,10.258,6.435,3.6,61.547,7.266
S-M_s00,10,40800,0.19,0.846,0.485,0.846,0.537,-5.22,5.077,
S-M_s00,10,41100,0.13,0.761,0.407,0.761,0.47,-4.652,4.565,
S-M_s00,10,41400,54.63,2.233,2.39,5.372,3.136,-2.659,13.396,4.087
S-M_s00,10,41700,37.4,8.67,3.861,9.113,5.175,-3.744,52.022,23.185
S-M_s00,10,42000,100.13,6.29,2.471,6.29,2.809,9.073,37.74,6.282
S-M_s00,10,42300,0.14,1.966,1.217,1.966,1.345,-3.263,11.795,
S-M_s00,10,42600,169.61,45.216,21.991,45.216,25.896,-4.646,271.295,26.659
S-M_s00,10,42900,174.08,36.007,17.425,36.007,20.083,-0.585,216.042,20.685
S-M_s00,10,43200,101.42,6.639,4.381,6.639,4.599,0.769,39.831,6.545
S-M_s00,10,43500,167.54,58.849,28.776,58.849,33.561,-3.41,353.093,35.125
S-M_s00,10,43800,165.7,43.467,23.975,43.467,26.928,1.242,260.8,26.231
S-M_s00,30,0,210.36,27.006,18.94,27.006,20.035,56.331,54.012,12.838
S-M_s00,30,300,224.6,13.615,9.976,19.084,11.243,149.956,27.229,6.062
S-M_s00,30,600,191.82,13.013,6.498,13.013,7.02,52.63,26.027,6.784
S-M_s00,30,900,194.02,8.03,3.577,8.03,4.012,15.8,16.06,4.139
S-M_s00,30,1200,178.07,6.837,4.015,6.871,4.401,8.204,13.674,3.839
S-M_s00,30,1500,181.61,7.57,4.344,7.57,4.785,12.08,15.141,4.169
S-M_s00,30,1800,166.25,12.858,3.89,12.858,4.326,9.545,25.717,7.734
S-M_s00,30,2100,157.36,66.964,36.178,66.964,40.07,5.106,133.928,42.556
S-M_s00,30,2400,399.66,123.181,48.348,123.181,60.541,-22.752,246.361,30.821
S-M_s00,30,2700,535.05,168.727,83.109,168.727,96.766,-14.05,337.454,31.535
S-M_s00,30,3000,463.39,57.314,25.077,57.314,29.112,3.993,114.628,12.368
S-M_s00,30,3300,481.77,65.048,28.918,65.048,33.465,4.397,130.095,13.502
S-M_s00,30,3600,387.83,12.679,9.19,16.544,10.034,-14.135,25.357,3.269
S-M_s00,30,3900,382.58,15.257,9.476,17.496,10.965,-11.986,30.514,3.988
S-M_s00,30,4200,371.92,64.811,36.995,64.811,41.112,-5.003,129.621,17.426
S-M_s00,30,4500,314.82,34.259,12.421,34.259,14.595,-18.835,68.517,10.882
S-M_s00,30,4800,280.93,47.09,15.781,47.09,20.568,-15.596,94.18,16.762
S-M_s00,30,5100,101.03,16.108,6.788,16.108,7.785,-9.295,32.215,15.943
S-M_s00,30,5400,234.72,21.732,8.518,21.732,10.346,-5.094,43.464,9.259
S-M_s00,30,5700,443.97,87.121,43.172,87.121,52.566,6.886,174.242,19.623
S-M_s00,30,6000,313.87,23.075,14.449,23.075,16.374,-2.314,46.15,7.352
S-M_s00,30,6300,384.41,58.457,19.893,58.457,23.956,8.072,116.914,15.207
S-M_s00,30,6600,301.75,34.377,25.035,34.377,26.16,-9.821,68.753,11.392
S-M_s00,30,6900,354.13,25.051,20.36,26.735,21.511,-7.598,50.103,7.074
S-M_s00,30,7200,337.15,35.81,16.544,35.81,19.494,8.137,71.62,10.621
S-M_s00,30,7500,357.75,19.638,9.703,19.638,10.85,1.415,39.275,5.489
S-M_s00,30,7800,416.13,69.708,36.801,69.708,42.363,-7.102,139.416,16.751
S-M_s00,30,8100,334.7,36.388,35.883,47.763,37.72,5.14,72.776,10.872
S-M_s00,30,8400,344.72,40.567,29.96,42.323,32.118,6.515,81.134,11.768
S-M_s00,30,8700,240.39,30.95,9.779,30.95,13.61,3.297,61.9,12.875
S-M_s00,30,9000,248.23,86.627,49.261,86.627,55.6,-16.534,173.253,34.898
S-M_s00,30,9300,253.11,26.513,10.606,26.513,13.339,-5.503,53.025,10.475
S-M_s00,30,9600,139.81,44.306,24.006,44.464,29.181,-24.907,88.612,31.689
S-M_s00,30,9900,7.79,7.504,2.751,7.504,3.392,-10.802,15.007,96.374
S-M_s00,30,10200,113.11,16.441,7.344,16.441,9.14,-2.243,32.882,14.536
S-M_s00,30,10500,180.68,28.755,11.504,28.755,14.599,-13.569,57.51,15.915
S-M_s00,30,10800,261.49,58.071,30.929,58.071,35.566,10.462,116.142,22.208
S-M_s00,30,11100,295.24,33.199,25.163,40.241,27.176,-4.304,66.397,11.245
S-M_s00,30,11400,205.47,89.224,30.404,89.224,40.933,-30.265,178.448,43.424
S-M_s00,30,11700,218.6,98.372,44.684,98.372,54.756,-7.035,196.744,45.0
S-M_s00,30,12000,168.42,7.359,10.258,13.741,10.981,-7.017,14.719,4.37
S-M_s00,30,12300,192.08,54.779,26.605,54.779,30.87,-27.481,109.559,28.519
S-M_s00,30,12600,207.52,12.739,15.052,22.959,15.92,-14.213,25.478,6.139
S-M_s00,30,12900,222.44,22.784,10.502,22.784,13.178,-18.106,45.568,10.243
S-M_s00,30,13200,190.34,57.197,28.938,57.235,33.859,-3.398,114.394,30.051
S-M_s00,30,13500,221.57,34.215,21.802,34.215,24.068,6.883,68.43,15.442
S-M_s00,30,13800,225.34,123.881,51.979,123.881,64.14,-3.008,247.762,54.975
S-M_s00,30,14100,163.23,52.817,21.58,52.817,25.33,-23.968,105.634,32.357
S-M_s00,30,14400,279.51,50.328,29.413,50.328,33.02,-11.486,100.656,18.006
S-M_s00,30,14700,231.72,15.916,12.941,20.643,14.363,-16.965,31.831,6.869
S-M_s00,30,15000,201.28,89.145,37.162,89.343,47.834,-5.863,178.289,44.289
S-M_s00,30,15300,107.52,18.418,11.622,18.418,13.447,-5.8,36.836,17.13
S-M_s00,30,15600,198.29,19.041,11.895,20.855,14.616,-1.209,38.082,9.602
S-M_s00,30,15900,215.03,50.595,29.353,55.801,33.693,-8.608,101.191,23.53
S-M_s00,30,16200,254.2,65.01,28.369,65.01,34.029,5.019,130.019,25.574
S-M_s00,30,16500,153.25,25.795,16.845,25.878,17.675,-3.696,51.59,16.832
S-M_s00,30,16800,90.04,8.856,3.452,8.856,4.344,-11.406,17.711,9.835
S-M_s00,30,17100,161.73,27.297,7.665,27.297,9.419,-25.811,54.595,16.878
S-M_s00,30,17400,304.16,23.079,7.47,23.079,9.612,-0.431,46.159,7.588
S-M_s00,30,17700,108.71,16.823,12.514,18.974,13.605,-4.439,33.646,15.476
S-M_s00,30,18000,175.27,13.67,6.63,13.67,7.532,-7.751,27.34,7.799
S-M_s00,30,18300,274.49,37.421,23.068,37.421,25.233,-1.381,74.842,13.633
S-M_s00,30,18600,85.95,14.168,10.493,14.606,11.508,-18.075,28.336,16.484
S-M_s00,30,18900,189.59,52.465,11.59,52.465,18.491,-9.913,104.93,27.673
S-M_s00,30,19200,295.19,60.127,48.835,61.695,51.776,-1.159,120.254,20.369
S-M_s00,30,19500,229.45,40.63,25.286,41.122,29.08,-6.908,81.26,17.707
S-M_s00,30,19800,208.47,90.932,44.95,90.932,55.138,-25.846,181.863,43.62
S-M_s00,30,20100,228.23,49.75,19.443,49.75,24.473,-18.94,99.5,21.799
S-M_s00,30,20400,163.44,22.545,20.618,29.107,22.154,-3.312,45.089,13.794
S-M_s00,30,20700,199.24,45.446,34.75,46.356,37.305,5.735,90.892,22.81
S-M_s00,30,21000,55.09,3.626,3.823,6.63,4.254,-7.865,7.253,6.583
S-M_s00,30,21300,199.52,18.121,17.314,28.195,20.212,-11.274,36.242,9.082
S-M_s00,30,21600,227.91,42.818,23.173,42.818,26.385,-10.834,85.635,18.787
S-M_s00,30,21900,257.2,96.437,46.948,96.437,53.73,-14.232,192.874,37.495
S-M_s00,30,22200,293.23,49.707,27.785,49.707,30.684,6.836,99.414,16.952
S-M_s00,30,22500,272.42,40.998,16.64,40.998,20.333,7.922,81.997,15.049
S-M_s00,30,22800,380.79,67.474,32.634,67.474,38.519,-4.124,134.949,17.719
S-M_s00,30,23100,380.1,28.536,18.59,28.536,20.81,-1.649,57.072,7.508
S-M_s00,30,23400,346.88,45.772,24.732,45.82,27.711,-8.028,91.544,13.195
S-M_s00,30,23700,437.26,165.122,68.651,165.122,83.782,2.216,330.244,37.763
S-M_s00,30,24000,324.23,34.752,35.603,52.804,37.482,0.912,69.505,10.719
S-M_s00,30,24300,307.66,15.536,9.324,16.058,10.847,-0.445,31.072,5.05
S-M_s00,30,24600,344.94,44.742,16.487,44.742,20.543,14.283,89.484,12.971
S-M_s00,30,24900,386.96,28.569,25.487,40.289,27.477,-9.905,57.138,7.383
S-M_s00,30,25200,364.87,24.341,12.519,35.759,17.021,-5.452,48.682,6.671
S-M_s00,30,25500,454.11,130.242,62.347,130.242,74.399,-6.104,260.485,28.681
S-M_s00,30,25800,483.23,120.144,68.452,120.144,79.997,-14.734,240.289,24.863
S-M_s00,30,26100,441.98,147.159,75.039,147.159,93.883,-40.253,294.319,33.295
S-M_s00,30,26400,523.94,143.945,58.352,143.945,73.016,-10.375,287.889,27.474
S-M_s00,30,26700,353.93,23.756,30.45,40.123,31.421,10.866,47.511,6.712
S-M_s00,30,27000,488.72,103.444,69.731,107.531,78.278,-4.895,206.888,21.166
S-M_s00,30,27300,377.51,26.648,12.295,26.688,14.516,2.502,53.296,7.059
S-M_s00,30,27600,306.61,37.324,38.686,61.987,41.855,-11.432,74.649,12.173
S-M_s00,30,27900,444.98,215.705,92.063,215.705,114.368,-35.718,431.41,48.475
S-M_s00,30,28200,438.82,44.361,18.034,44.361,19.847,-3.815,88.723,10.109
S-M_s00,30,28500,393.99,30.591,32.171,45.852,35.015,7.246,61.183,7.764
S-M_s00,30,28800,288.14,26.143,26.479,42.951,27.791,-3.565,52.286,9.073
S-M_s00,30,29100,346.92,72.255,37.182,84.712,48.056,-6.789,144.51,20.827
S-M_s00,30,29400,350.39,21.843,15.819,27.551,17.598,-4.848,43.686,6.234
S-M_s00,30,29700,328.35,67.409,29.64,67.409,35.839,-27.302,134.817,20.53
S-M_s00,30,30000,251.07,33.464,16.099,33.464,17.902,-11.245,66.928,13.329
S-M_s00,30,30300,330.73,42.558,30.246,43.094,33.034,-4.374,85.117,12.868
S-M_s00,30,30600,234.07,26.387,21.863,31.767,23.614,-13.273,52.773,11.273
S-M_s00,30,30900,0.38,9.936,7.381,9.936,7.778,-11.055,19.872,
S-M_s00,30,31200,0.35,2.349,1.279,2.349,1.44,-10.724,4.699,
S-M_s00,30,31500,0.58,2.382,1.142,2.382,1.319,-13.218,4.764,
S-M_s00,30,31800,0.35,3.295,1.687,3.295,1.898,-15.557,6.591,
S-M_s00,30,32100,169.0,51.064,13.051,51.064,19.614,19.984,102.127,30.216
S-M_s00,30,32400,372.08,108.056,38.455,108.056,50.78,-24.004,216.112,29.041
S-M_s00,30,32700,225.02,23.623,12.057,23.623,13.418,-2.142,47.247,10.498
S-M_s00,30,33000,262.6,32.57,9.325,32.57,12.246,-8.176,65.139,12.403
S-M_s00,30,33300,229.97,154.567,66.859,154.567,80.15,-41.15,309.134,67.212
S-M_s00,30,33600,283.24,107.142,46.769,107.142,56.272,12.64,214.285,37.827
S-M_s00,30,33900,241.78,106.19,54.782,106.19,61.811,-19.931,212.379,43.921
S-M_s00,30,34200,319.16,33.093,25.643,37.454,28.541,-1.636,66.186,10.369
S-M_s00,30,34500,371.59,44.802,17.937,44.802,21.462,12.798,89.604,12.057
S-M_s00,30,34800,296.65,32.576,19.611,32.576,22.766,1.565,65.152,10.981
S-M_s00,30,35100,273.87,42.255,20.263,42.255,23.832,6.453,84.511,15.429
S-M_s00,30,35400,230.02,78.49,33.165,78.49,39.161,-27.025,156.98,34.123
S-M_s00,30,35700,133.27,28.6,18.91,30.576,22.127,-18.257,57.201,21.46
S-M_s00,30,36000,119.14,48.53,26.441,51.649,33.439,2.6,97.06,40.732
S-M_s00,30,36300,172.8,26.5,15.011,26.5,17.561,-19.738,53.0,15.336
S-M_s00,30,36600,218.79,25.069,11.721,25.069,14.428,-2.451,50.139,11.458
S-M_s00,30,36900,291.98,10.348,9.739,16.191,10.655,-13.314,20.696,3.544
S-M_s00,30,37200,192.05,20.871,9.382,20.871,10.713,33.814,41.742,10.867
S-M_s00,30,37500,142.95,17.356,10.797,24.434,13.886,-0.053,34.713,12.142
S-M_s00,30,37800,254.48,53.352,26.113,53.925,31.679,1.459,106.704,20.965
S-M_s00,30,38100,239.32,41.738,19.155,41.738,21.04,-19.991,83.475,17.44
S-M_s00,30,38400,220.02,57.361,27.481,57.361,32.347,-29.819,114.723,26.071
S-M_s00,30,38700,150.31,7.504,9.886,13.414,10.599,-5.204,15.008,4.992
S-M_s00,30,39000,170.25,8.677,5.106,8.677,5.737,-7.994,17.355,5.097
S-M_s00,30,39300,140.97,30.154,6.051,30.154,10.348,-14.49,60.307,21.39
S-M_s00,30,39600,370.13,27.596,11.308,27.596,14.461,-0.997,55.193,7.456
S-M_s00,30,39900,325.93,75.039,40.851,75.24,49.759,-8.212,150.077,23.023
S-M_s00,30,40200,425.97,27.368,14.013,27.368,15.328,-4.722,54.735,6.425
S-M_s00,30,40500,315.4,22.27,13.065,22.27,14.758,3.295,44.54,7.061
S-M_s00,30,40800,0.47,2.055,1.106,2.055,1.235,-13.071,4.11,
S-M_s00,30,41100,0.34,2.005,1.046,2.005,1.183,-11.363,4.01,
S-M_s00,30,41400,99.18,11.872,8.095,13.272,9.28,-11.505,23.743,11.97
S-M_s00,30,41700,107.31,5.491,5.864,9.113,6.469,-8.307,10.982,5.117
S-M_s00,30,42000,210.85,30.712,15.234,30.712,18.629,6.851,61.425,14.566
S-M_s00,30,42300,63.43,17.069,2.965,17.069,4.221,-20.676,34.137,26.91
S-M_s00,30,42600,520.42,137.581,68.631,137.581,79.926,-6.366,275.163,26.437
S-M_s00,30,42900,515.73,131.4,57.9,131.4,68.613,-5.981,262.801,25.479
S-M_s00,30,43200,372.85,62.736,17.658,62.736,24.684,-3.686,125.473,16.826
S-M_s00,30,43500,502.36,162.588,84.007,162.588,96.153,0.213,325.176,32.365
S-M_s00,30,43800,483.22,113.328,63.668,113.328,72.107,-12.339,226.656,23.452
S-M_s00,60,0,434.96,7.467,22.418,40.42,24.152,-153.713,7.467,1.717
S-M_s00,60,300,416.42,12.885,13.941,23.882,15.186,-157.414,12.885,3.094
S-M_s00,60,600,385.84,19.461,8.882,19.757,10.07,68.43,19.461,5.044
S-M_s00,60,900,372.09,14.727,6.516,14.727,7.513,24.005,14.727,3.958
S-M_s00,60,1200,359.68,13.642,6.961,14.09,7.834,20.284,13.642,3.793
S-M_s00,60,1500,347.86,9.553,7.001,14.031,7.761,21.625,9.553,2.746
S-M_s00,60,1800,323.61,92.733,27.846,92.733,39.483,14.652,92.733,28.656
S-M_s00,60,2100,557.02,84.143,43.787,84.143,47.127,-17.646,84.143,15.106
S-M_s00,60,2400,934.71,383.698,145.069,383.698,183.696,-36.802,383.698,41.05
S-M_s00,60,2700,998.44,250.513,151.148,250.513,169.932,-10.056,250.513,25.091
S-M_s00,60,3000,945.16,122.298,56.572,122.298,66.659,8.39,122.298,12.939
S-M_s00,60,3300,869.6,49.057,46.669,77.668,51.658,-9.739,49.057,5.641
S-M_s00,60,3600,770.41,104.939,29.984,104.939,40.733,-26.121,104.939,13.621
S-M_s00,60,3900,754.5,123.749,39.328,123.749,54.12,-16.989,123.749,16.401
S-M_s00,60,4200,686.74,115.52,61.293,115.52,67.738,-23.838,115.52,16.822
S-M_s00,60,4500,595.76,169.76,51.106,169.76,70.101,-34.432,169.76,28.495
S-M_s00,60,4800,381.97,82.111,44.586,82.111,54.329,-24.891,82.111,21.497
S-M_s00,60,5100,335.75,63.657,19.275,63.657,25.134,-14.389,63.657,18.959
S-M_s00,60,5400,678.69,76.998,30.594,77.034,39.861,1.792,76.998,11.345
S-M_s00,60,5700,757.84,122.046,74.446,122.046,83.86,4.573,122.046,16.104
S-M_s00,60,6000,698.28,75.457,27.584,75.457,32.13,5.759,75.457,10.806
S-M_s00,60,6300,686.17,74.115,50.937,94.529,60.687,-1.748,74.115,10.801
S-M_s00,60,6600,655.88,115.124,48.916,115.124,56.993,-17.419,115.124,17.553
S-M_s00,60,6900,691.28,32.357,26.19,36.128,27.377,0.539,32.357,4.681
S-M_s00,60,7200,694.9,103.893,42.435,103.893,52.317,9.552,103.893,14.951
S-M_s00,60,7500,773.88,61.572,23.79,61.572,29.03,-5.687,61.572,7.956
S-M_s00,60,7800,750.83,95.906,69.289,111.064,78.343,-1.962,95.906,12.773
S-M_s00,60,8100,679.42,33.875,38.925,54.27,40.148,11.655,33.875,4.986
S-M_s00,60,8400,585.12,5.791,31.185,45.93,33.413,9.812,5.791,0.99
S-M_s00,60,8700,488.62,115.42,44.865,115.42,60.057,-13.238,115.42,23.622
S-M_s00,60,9000,501.34,180.715,90.91,180.715,103.97,-22.037,180.715,36.047
S-M_s00,60,9300,392.92,80.854,32.98,80.961,42.849,-30.41,80.854,20.578
S-M_s00,60,9600,147.6,51.93,35.784,51.93,39.491,-35.709,51.93,35.183
S-M_s00,60,9900,120.89,23.713,7.173,23.713,10.194,-13.045,23.713,19.615
S-M_s00,60,10200,293.78,44.969,18.153,44.969,22.565,-15.812,44.969,15.307
S-M_s00,60,10500,442.17,60.143,29.64,61.424,36.327,-3.107,60.143,13.602
S-M_s00,60,10800,556.73,121.686,63.188,121.686,73.401,6.158,121.686,21.857
S-M_s00,60,11100,500.71,108.67,41.877,108.67,48.192,-34.569,108.67,21.703
S-M_s00,60,11400,424.08,255.313,97.988,255.313,125.879,-37.301,255.313,60.204
S-M_s00,60,11700,387.03,85.713,73.429,110.79,82.121,-14.052,85.713,22.146
S-M_s00,60,12000,360.5,69.597,25.048,69.597,32.036,-34.498,69.597,19.306
S-M_s00,60,12300,399.6,135.621,60.067,135.621,71.449,-41.693,135.621,33.939
S-M_s00,60,12600,429.96,72.965,31.206,76.665,38.45,-32.318,72.965,16.97
S-M_s00,60,12900,412.78,78.02,31.233,78.02,40.056,-21.504,78.02,18.901
S-M_s00,60,13200,411.91,31.907,44.817,72.806,49.754,3.485,31.907,7.746
S-M_s00,60,13500,446.92,146.137,50.924,146.137,63.679,3.876,146.137,32.699
S-M_s00,60,13800,388.58,161.262,97.75,161.262,111.362,-26.975,161.262,41.501
S-M_s00,60,14100,442.74,206.788,73.968,206.788,96.61,-35.453,206.788,46.706
S-M_s00,60,14400,511.23,83.84,50.488,85.297,56.538,-28.451,83.84,16.4
S-M_s00,60,14700,433.0,119.909,36.04,119.993,49.702,-22.828,119.909,27.693
S-M_s00,60,15000,308.8,81.472,59.964,89.343,67.618,-11.663,81.472,26.384
S-M_s00,60,15300,305.81,25.325,17.54,29.597,19.344,-7.008,25.325,8.281
S-M_s00,60,15600,413.32,33.946,15.078,38.917,18.058,-9.817,33.946,8.213
S-M_s00,60,15900,469.23,114.001,54.092,114.001,62.029,-3.589,114.001,24.295
S-M_s00,60,16200,407.46,79.566,54.178,83.647,61.528,1.323,79.566,19.527
S-M_s00,60,16500,243.3,30.869,21.118,30.869,21.934,-15.102,30.869,12.688
S-M_s00,60,16800,251.77,48.679,11.085,48.679,15.615,-37.217,48.679,19.335
S-M_s00,60,17100,465.89,176.591,52.042,176.591,75.138,-26.242,176.591,37.904
S-M_s00,60,17400,412.87,28.673,18.598,33.558,22.129,-4.87,28.673,6.945
S-M_s00,60,17700,283.98,31.259,13.723,31.259,14.84,-12.19,31.259,11.007
S-M_s00,60,18000,449.76,68.885,25.865,68.885,34.123,-9.132,68.885,15.316
S-M_s00,60,18300,360.44,51.382,34.712,51.382,37.47,-19.455,51.382,14.255
S-M_s00,60,18600,275.54,98.644,24.468,98.644,34.036,-27.987,98.644,35.8
S-M_s00,60,18900,484.78,135.272,60.841,135.272,80.596,-11.072,135.272,27.904
S-M_s00,60,19200,524.64,102.703,65.041,103.188,68.805,-8.067,102.703,19.576
S-M_s00,60,19500,437.92,89.777,38.266,89.777,44.24,-32.753,89.777,20.501
S-M_s00,60,19800,436.69,122.382,78.198,123.605,88.209,-44.786,122.382,28.025
S-M_s00,60,20100,391.67,101.16,53.727,102.287,65.585,-22.252,101.16,25.828
S-M_s00,60,20400,362.68,63.395,35.718,65.307,40.319,2.422,63.395,17.48
S-M_s00,60,20700,254.33,49.533,41.999,51.063,43.701,-2.131,49.533,19.476
S-M_s00,60,21000,254.61,30.677,13.605,38.894,19.141,-19.14,30.677,12.049
S-M_s00,60,21300,427.43,50.364,18.196,50.364,21.36,-22.109,50.364,11.783
S-M_s00,60,21600,485.11,179.495,62.384,179.495,79.533,-25.067,179.495,37.001
S-M_s00,60,21900,550.43,169.645,92.021,169.645,105.093,-7.396,169.645,30.821
S-M_s00,60,22200,565.65,98.879,48.603,98.879,54.588,14.758,98.879,17.48
S-M_s00,60,22500,653.22,112.507,46.729,112.507,58.153,3.798,112.507,17.223
S-M_s00,60,22800,760.89,105.292,61.061,105.292,69.37,-5.773,105.292,13.838
S-M_s00,60,23100,726.98,76.341,36.387,76.361,42.075,-9.676,76.341,10.501
S-M_s00,60,23400,784.14,160.76,50.674,160.76,62.883,-5.812,160.76,20.501
S-M_s00,60,23700,761.49,196.53,134.482,217.734,153.756,3.127,196.53,25.809
S-M_s00,60,24000,631.88,21.973,31.772,52.804,33.227,0.466,21.973,3.477
S-M_s00,60,24300,652.6,40.223,12.323,40.223,14.728,13.837,40.223,6.164
S-M_s00,60,24600,731.9,115.609,48.962,115.609,61.556,4.378,115.609,15.796
S-M_s00,60,24900,751.84,102.873,41.958,102.873,48.847,-15.357,102.873,13.683
S-M_s00,60,25200,818.99,169.073,51.835,169.073,72.793,-11.556,169.073,20.644
S-M_s00,60,25500,937.35,268.747,133.442,268.747,157.226,-20.839,268.747,28.671
S-M_s00,60,25800,925.22,147.461,103.684,166.175,114.05,-54.987,147.461,15.938
S-M_s00,60,26100,965.92,472.888,179.981,472.888,222.299,-50.629,472.888,48.957
S-M_s00,60,26400,877.87,184.886,119.383,190.711,137.818,0.49,184.886,21.061
S-M_s00,60,26700,842.66,142.054,64.408,142.054,78.288,5.97,142.054,16.858
S-M_s00,60,27000,866.24,97.32,84.777,107.647,89.761,-2.393,97.32,11.235
S-M_s00,60,27300,684.13,61.021,30.993,69.35,37.828,-8.93,61.021,8.919
S-M_s00,60,27600,751.59,270.751,78.403,270.751,103.525,-47.15,270.751,36.024
S-M_s00,60,27900,883.8,477.855,214.429,477.855,257.568,-39.533,477.855,54.068
S-M_s00,60,28200,832.82,92.014,50.973,101.31,62.293,3.431,92.014,11.049
S-M_s00,60,28500,682.13,10.028,25.575,45.852,28.549,3.681,10.028,1.47
S-M_s00,60,28800,635.06,93.119,42.95,105.339,50.585,-10.353,93.119,14.663
S-M_s00,60,29100,697.31,95.983,61.573,96.637,69.801,-11.637,95.983,13.765
S-M_s00,60,29400,678.73,73.376,26.781,73.376,31.751,-32.15,73.376,10.811
S-M_s00,60,29700,579.41,177.059,67.671,177.059,81.906,-38.547,177.059,30.558
S-M_s00,60,30000,581.8,111.84,48.022,111.84,60.116,-15.619,111.84,19.223
S-M_s00,60,30300,564.8,85.838,47.445,85.838,52.523,-17.647,85.838,15.198
S-M_s00,60,30600,234.45,31.463,25.853,31.767,26.926,-24.328,31.463,13.42
S-M_s00,60,30900,0.73,12.2,9.279,12.2,9.639,-21.78,12.2,
S-M_s00,60,31200,0.93,4.709,2.381,4.709,2.705,-23.942,4.709,
S-M_s00,60,31500,0.93,5.65,2.6,5.65,3.078,-28.775,5.65,
S-M_s00,60,31800,169.35,35.73,9.24,35.73,14.321,4.427,35.73,21.098
S-M_s00,60,32100,541.07,32.067,29.055,59.818,35.585,-4.02,32.067,5.927
S-M_s00,60,32400,597.1,186.17,94.933,186.17,113.78,-26.146,186.17,31.179
S-M_s00,60,32700,487.62,62.045,23.379,62.045,27.364,-10.318,62.045,12.724
S-M_s00,60,33000,492.56,206.758,58.19,206.758,84.174,-49.326,206.758,41.976
S-M_s00,60,33300,513.21,362.319,165.445,362.319,199.497,-28.51,362.319,70.598
S-M_s00,60,33600,525.02,185.902,100.277,185.902,116.686,-7.291,185.902,35.409
S-M_s00,60,33900,560.93,198.811,105.194,198.811,119.94,-21.567,198.811,35.443
S-M_s00,60,34200,690.75,67.878,35.477,67.878,38.45,11.162,67.878,9.827
S-M_s00,60,34500,668.24,131.08,57.318,131.08,72.961,14.363,131.08,19.616
S-M_s00,60,34800,570.52,56.84,33.674,56.84,37.81,8.018,56.84,9.963
S-M_s00,60,35100,503.89,82.136,41.84,82.136,48.458,-20.572,82.136,16.3
S-M_s00,60,35400,363.29,104.909,67.009,107.264,76.614,-45.283,104.909,28.877
S-M_s00,60,35700,252.42,46.336,22.966,46.336,25.482,-15.658,46.336,18.357
S-M_s00,60,36000,291.94,67.849,42.747,67.849,48.236,-17.138,67.849,23.241
S-M_s00,60,36300,391.58,62.018,28.561,62.018,32.653,-22.189,62.018,15.838
S-M_s00,60,36600,510.77,24.031,16.306,25.243,18.057,-15.765,24.031,4.705
S-M_s00,60,36900,484.03,32.097,17.193,32.238,19.534,20.5,32.097,6.631
S-M_s00,60,37200,335.0,75.337,21.279,75.337,26.906,33.76,75.337,22.489
S-M_s00,60,37500,397.43,68.864,26.701,69.478,34.025,1.406,68.864,17.327
S-M_s00,60,37800,493.8,88.643,47.945,88.643,54.526,-18.533,88.643,17.951
S-M_s00,60,38100,459.34,101.87,45.473,101.87,53.613,-49.811,101.87,22.178
S-M_s00,60,38400,370.33,53.978,52.091,86.985,59.306,-35.023,53.978,14.576
S-M_s00,60,38700,320.56,15.744,9.944,15.744,10.933,-13.198,15.744,4.911
S-M_s00,60,39000,311.22,53.55,10.922,53.55,15.338,-22.484,53.55,17.207
S-M_s00,60,39300,511.1,119.423,38.51,119.423,54.125,-15.487,119.423,23.366
S-M_s00,60,39600,696.06,52.564,20.483,52.564,25.579,-9.209,52.564,7.552
S-M_s00,60,39900,751.91,130.143,66.904,130.143,75.73,-12.934,130.143,17.308
S-M_s00,60,40200,741.37,30.768,24.097,40.398,26.609,-1.427,30.768,4.15
S-M_s00,60,40500,315.87,22.381,17.717,22.393,18.949,-9.775,22.381,7.086
S-M_s00,60,40800,0.81,4.048,2.101,4.048,2.388,-24.434,4.048,
S-M_s00,60,41100,99.52,28.854,10.161,28.854,15.657,-22.868,28.854,28.992
S-M_s00,60,41400,206.49,29.453,15.257,30.642,18.217,-19.812,29.453,14.264
S-M_s00,60,41700,318.17,34.863,10.799,34.863,14.03,-1.456,34.863,10.957
S-M_s00,60,42000,274.28,25.063,23.215,32.525,25.724,-13.825,25.063,9.138
S-M_s00,60,42300,583.85,250.565,67.144,250.565,104.923,-27.042,250.565,42.916
S-M_s00,60,42600,1036.15,277.888,134.069,277.888,154.52,-12.346,277.888,26.819
S-M_s00,60,42900,888.58,200.532,104.446,200.532,118.065,-9.667,200.532,22.568
S-M_s00,60,43200,875.21,228.061,82.765,228.061,111.229,-3.473,228.061,26.058
S-M_s00,60,43500,985.58,273.184,154.39,273.184,174.425,-12.126,273.184,27.718
S-M_s00,120,0,820.79,19.068,25.144,41.488,27.002,-85.283,9.534,2.323
S-M_s00,120,300,788.51,22.165,16.799,32.919,18.262,-133.412,11.082,2.811
S-M_s00,120,600,745.52,30.922,13.22,32.269,15.407,88.715,15.461,4.148
S-M_s00,120,900,719.95,24.691,12.452,27.246,14.446,45.631,12.345,3.429
S-M_s00,120,1200,683.29,103.26,19.82,103.26,28.903,34.936,51.63,15.112
S-M_s00,120,1500,904.88,44.445,37.094,109.44,51.553,3.98,22.223,4.912
S-M_s00,120,1800,1258.31,237.464,61.735,237.464,83.618,-22.15,118.732,18.872
S-M_s00,120,2100,1555.45,530.904,186.252,530.904,253.87,-27.703,265.452,34.132
S-M_s00,120,2400,1879.87,748.509,374.963,748.509,453.885,-28.412,374.254,39.817
S-M_s00,120,2700,1868.03,310.125,216.37,310.125,232.692,-19.795,155.063,16.602
S-M_s00,120,3000,1715.57,86.963,81.808,130.68,89.601,-17.731,43.481,5.069
S-M_s00,120,3300,1624.09,199.445,66.121,199.445,78.683,-26.728,99.722,12.28
S-M_s00,120,3600,1457.15,492.72,160.388,492.72,221.839,-49.96,246.36,33.814
S-M_s00,120,3900,1350.25,457.211,148.602,457.211,197.571,-51.42,228.605,33.861
S-M_s00,120,4200,1068.7,342.956,156.354,342.956,193.186,-48.73,171.478,32.091
S-M_s00,120,4500,931.51,430.231,156.602,430.231,196.445,-48.821,215.116,46.187
S-M_s00,120,4800,1060.66,359.292,125.928,359.292,166.212,-23.099,179.646,33.874
S-M_s00,120,5100,1093.59,161.966,69.957,161.966,88.594,-9.816,80.983,14.81
S-M_s00,120,5400,1376.98,137.42,63.187,137.42,74.191,7.551,68.71,9.98
S-M_s00,120,5700,1444.01,214.658,129.216,234.954,145.704,2.824,107.329,14.865
S-M_s00,120,6000,1354.16,121.225,66.495,122.84,78.357,-11.66,60.613,8.952
S-M_s00,120,6300,1377.45,93.448,71.559,100.588,78.136,-1.209,46.724,6.784
S-M_s00,120,6600,1350.78,219.155,113.418,219.155,133.628,-7.867,109.577,16.224
S-M_s00,120,6900,1465.16,74.444,30.276,74.444,33.623,-5.148,37.222,5.081
S-M_s00,120,7200,1445.73,163.803,89.972,169.182,105.362,7.59,81.902,11.33
S-M_s00,120,7500,1453.3,57.544,55.559,108.864,66.314,5.969,28.772,3.96
S-M_s00,120,7800,1335.95,88.482,69.613,111.064,74.712,7.85,44.241,6.623
S-M_s00,120,8100,1168.04,110.737,43.619,110.961,50.295,-1.582,55.369,9.481
S-M_s00,120,8400,1086.45,138.888,54.988,138.888,66.025,-12.225,69.444,12.784
S-M_s00,120,8700,881.54,274.212,121.504,274.212,150.898,-43.647,137.106,31.106
S-M_s00,120,9000,648.94,273.365,169.681,273.365,191.538,-57.746,136.682,42.125
S-M_s00,120,9300,513.82,9.915,48.316,88.483,57.973,-43.455,4.958,1.93
S-M_s00,120,9600,441.38,102.639,40.756,102.639,47.443,-51.521,51.319,23.254
S-M_s00,120,9900,563.06,110.2,35.61,110.2,48.794,-16.152,55.1,19.572
S-M_s00,120,10200,850.51,107.415,45.322,107.415,55.828,-9.654,53.708,12.629
S-M_s00,120,10500,942.88,138.358,64.28,138.358,75.498,-37.676,69.179,14.674
S-M_s00,120,10800,980.81,333.74,132.149,333.74,158.385,-31.143,166.87,34.027
S-M_s00,120,11100,887.74,205.914,136.372,301.964,172.05,-48.621,102.957,23.195
S-M_s00,120,11400,784.58,63.924,134.777,272.376,160.409,-71.798,31.962,8.148
S-M_s00,120,11700,786.62,95.401,68.537,110.79,75.789,-55.745,47.7,12.128
S-M_s00,120,12000,790.46,124.83,79.671,166.309,99.898,-66.816,62.415,15.792
S-M_s00,120,12300,812.37,96.319,85.807,154.949,96.273,-63.197,48.159,11.856
S-M_s00,120,12600,841.87,158.798,79.362,195.617,98.813,-28.833,79.399,18.863
S-M_s00,120,12900,859.69,129.72,63.352,129.72,74.384,-17.628,64.86,15.089
S-M_s00,120,13200,800.49,132.939,59.505,132.939,69.558,-23.49,66.469,16.607
S-M_s00,120,13500,889.66,281.385,122.16,281.385,146.443,-31.578,140.693,31.628
S-M_s00,120,13800,899.8,291.203,178.0,351.038,204.112,-55.426,145.602,32.363
S-M_s00,120,14100,875.74,487.537,198.705,487.537,244.696,-58.282,243.769,55.672
S-M_s00,120,14400,820.03,227.528,119.075,227.528,143.046,-40.114,113.764,27.746
S-M_s00,120,14700,738.81,97.081,70.534,119.993,82.262,-29.836,48.54,13.14
S-M_s00,120,15000,722.11,105.738,77.203,105.738,82.289,-21.479,52.869,14.643
S-M_s00,120,15300,775.04,129.445,35.859,129.445,48.234,-10.597,64.723,16.702
S-M_s00,120,15600,820.78,116.278,52.023,116.952,67.319,-8.494,58.139,14.167
S-M_s00,120,15900,712.52,138.944,90.728,138.944,100.205,-18.692,69.472,19.5
S-M_s00,120,16200,659.23,124.639,71.097,124.639,76.239,-35.895,62.319,18.907
S-M_s00,120,16500,709.19,259.978,59.447,259.978,85.894,-41.345,129.989,36.659
S-M_s00,120,16800,664.64,268.742,105.563,269.131,151.803,-42.088,134.371,40.434
S-M_s00,120,17100,749.87,117.444,118.192,196.494,141.322,-38.433,58.722,15.662
S-M_s00,120,17400,862.63,95.513,29.156,95.513,36.658,-14.002,47.756,11.072
S-M_s00,120,17700,644.42,137.766,57.494,138.291,76.094,-31.646,68.883,21.378
S-M_s00,120,18000,725.31,197.114,65.832,197.114,81.679,-37.119,98.557,27.177
S-M_s00,120,18300,845.22,268.052,87.385,268.052,115.978,-30.527,134.026,31.714
S-M_s00,120,18600,800.18,312.232,134.058,330.936,180.812,-36.054,156.116,39.02
S-M_s00,120,18900,922.7,137.953,112.841,200.886,130.989,-43.826,68.976,14.951
S-M_s00,120,19200,961.33,219.043,99.733,219.043,111.615,-52.853,109.522,22.785
S-M_s00,120,19500,829.59,231.03,98.154,231.03,118.609,-55.006,115.515,27.849
S-M_s00,120,19800,799.37,319.182,142.437,329.191,166.954,-42.364,159.591,39.929
S-M_s00,120,20100,645.99,162.044,105.654,184.111,121.527,-24.383,81.022,25.085
S-M_s00,120,20400,617.29,40.288,45.736,65.536,49.365,-16.717,20.144,6.527
S-M_s00,120,20700,681.76,87.251,45.349,87.251,48.138,-24.24,43.625,12.798
S-M_s00,120,21000,739.72,297.956,63.45,297.956,99.662,-44.206,148.978,40.28
S-M_s00,120,21300,977.86,415.56,123.688,415.56,181.156,-29.505,207.78,42.497
S-M_s00,120,21600,1050.76,284.862,170.541,324.148,207.05,-10.308,142.431,27.11
S-M_s00,120,21900,1203.64,191.745,137.62,191.745,149.381,-3.598,95.873,15.93
S-M_s00,120,22200,1326.54,259.749,119.172,259.749,143.811,8.985,129.874,19.581
S-M_s00,120,22500,1380.2,189.117,99.693,190.054,116.519,-5.878,94.559,13.702
S-M_s00,120,22800,1545.04,230.235,108.575,230.235,122.221,-11.585,115.117,14.902
S-M_s00,120,23100,1488.47,207.589,93.116,220.789,117.523,-6.549,103.794,13.946
S-M_s00,120,23400,1416.03,205.735,125.825,214.529,149.045,-5.346,102.868,14.529
S-M_s00,120,23700,1414.08,158.967,154.979,217.734,165.113,16.964,79.484,11.242
S-M_s00,120,24000,1363.79,99.322,37.996,99.322,43.189,4.844,49.661,7.283
S-M_s00,120,24300,1404.43,119.748,56.787,129.098,74.6,-1.52,59.874,8.526
S-M_s00,120,24600,1550.89,134.665,85.585,134.98,96.844,-7.178,67.333,8.683
S-M_s00,120,24900,1689.18,503.189,169.02,503.189,228.957,-36.195,251.595,29.789
S-M_s00,120,25200,1744.2,359.975,181.331,403.718,230.997,-66.544,179.988,20.638
S-M_s00,120,25500,1903.27,526.562,221.974,526.562,249.697,-71.467,263.281,27.666
S-M_s00,120,25800,1803.09,815.715,300.03,815.715,392.966,-54.497,407.858,45.24
S-M_s00,120,26100,1808.58,770.077,421.946,770.077,497.903,-44.658,385.038,42.579
S-M_s00,120,26400,1744.11,147.162,136.007,190.711,145.628,-1.903,73.581,8.438
S-M_s00,120,26700,1526.78,258.398,131.64,258.942,154.019,-2.96,129.199,16.924
S-M_s00,120,27000,1617.83,243.435,110.075,243.435,116.877,-49.543,121.717,15.047
S-M_s00,120,27300,1567.93,590.047,160.108,590.047,237.193,-48.463,295.023,37.632
S-M_s00,120,27600,1584.41,857.198,334.318,864.08,444.27,-43.719,428.599,54.102
S-M_s00,120,27900,1565.94,699.107,432.065,705.184,496.209,-35.852,349.553,44.645
S-M_s00,120,28200,1467.88,62.046,59.081,101.31,65.072,-6.923,31.023,4.227
S-M_s00,120,28500,1379.44,107.317,52.054,112.112,63.916,-7.956,53.658,7.78
S-M_s00,120,28800,1313.8,235.362,96.51,235.362,116.158,-42.504,117.681,17.915
S-M_s00,120,29100,1276.72,334.556,120.733,334.556,143.017,-50.184,167.278,26.204
S-M_s00,120,29400,1260.53,464.074,128.236,464.074,186.55,-47.77,232.037,36.816
S-M_s00,120,29700,1144.22,549.484,234.075,549.691,300.127,-56.194,274.742,48.023
S-M_s00,120,30000,816.25,193.308,112.697,193.308,133.539,-39.948,96.654,23.682
S-M_s00,120,30300,565.53,91.919,68.678,91.919,73.637,-39.427,45.96,16.254
S-M_s00,120,30600,235.38,36.039,29.746,36.039,30.481,-48.27,18.02,15.311
S-M_s00,120,30900,1.66,17.098,11.893,17.098,12.358,-50.554,8.549,1028.423
S-M_s00,120,31200,170.28,12.953,8.421,41.522,13.455,-19.515,6.477,7.607
S-M_s00,120,31500,542.01,148.197,19.924,148.197,36.746,-32.795,74.098,27.342
S-M_s00,120,31800,766.45,145.937,45.863,145.937,66.619,-21.72,72.969,19.041
S-M_s00,120,32100,1028.69,73.58,31.366,73.58,35.433,-14.339,36.79,7.153
S-M_s00,120,32400,1089.66,535.273,196.248,535.273,237.511,-75.472,267.636,49.123
S-M_s00,120,32700,1000.83,489.857,137.024,489.857,201.282,-38.828,244.928,48.945
S-M_s00,120,33000,1017.58,630.873,252.314,630.873,333.157,-56.617,315.436,61.997
S-M_s00,120,33300,1074.15,748.948,351.77,748.948,412.178,-50.077,374.474,69.725
S-M_s00,120,33600,1215.77,217.929,157.798,225.059,173.323,3.871,108.964,17.925
S-M_s00,120,33900,1229.18,237.126,169.256,253.068,185.695,-7.204,118.563,19.292
S-M_s00,120,34200,1261.27,166.419,85.829,167.504,102.195,19.18,83.209,13.195
S-M_s00,120,34500,1172.13,177.687,112.358,191.079,129.658,-6.21,88.844,15.159
S-M_s00,120,34800,933.81,115.558,57.682,115.888,65.583,-37.265,57.779,12.375
S-M_s00,120,35100,756.3,114.58,76.32,125.053,85.929,-36.23,57.29,15.15
S-M_s00,120,35400,655.23,271.368,114.829,271.368,134.728,-62.421,135.684,41.416
S-M_s00,120,35700,644.0,183.347,65.416,183.347,81.405,-37.846,91.674,28.47
S-M_s00,120,36000,802.71,184.725,76.174,184.725,88.524,-32.903,92.362,23.013
S-M_s00,120,36300,875.61,184.405,88.86,201.79,112.021,-1.689,92.203,21.06
S-M_s00,120,36600,845.76,62.062,22.448,62.062,25.314,17.996,31.031,7.338
S-M_s00,120,36900,881.46,103.344,42.262,103.344,52.419,21.906,51.672,11.724
S-M_s00,120,37200,828.8,207.668,81.153,207.668,104.735,15.228,103.834,25.056
S-M_s00,120,37500,856.77,95.82,61.131,136.646,72.965,-48.405,47.91,11.184
S-M_s00,120,37800,864.13,148.7,79.771,148.7,90.017,-53.556,74.35,17.208
S-M_s00,120,38100,779.9,221.482,105.993,221.482,125.974,-63.009,110.741,28.399
S-M_s00,120,38400,681.55,215.153,80.162,215.153,90.712,-57.507,107.577,31.568
S-M_s00,120,38700,831.65,235.639,47.802,235.639,78.679,-28.685,117.819,28.334
S-M_s00,120,39000,1007.28,356.147,100.657,356.147,147.952,-31.693,178.073,35.357
S-M_s00,120,39300,1263.0,429.11,143.831,429.11,191.827,-28.421,214.555,33.975
S-M_s00,120,39600,1437.43,181.479,71.187,181.479,93.634,-10.636,90.74,12.625
S-M_s00,120,39900,1067.78,177.226,117.016,177.226,130.09,-22.709,88.613,16.598
S-M_s00,120,40200,742.19,32.747,27.85,40.398,29.216,-25.861,16.373,4.412
S-M_s00,120,40500,415.39,23.58,19.083,23.58,19.999,-32.643,11.79,5.677
S-M_s00,120,40800,207.31,112.56,30.941,112.56,48.111,-44.245,56.28,54.297
S-M_s00,120,41100,417.69,94.035,37.522,94.035,48.951,-24.324,47.018,22.513
S-M_s00,120,41400,480.78,77.836,32.652,77.836,38.77,-33.636,38.918,16.19
S-M_s00,120,41700,902.01,281.904,54.017,281.904,88.982,-28.497,140.952,31.253
S-M_s00,120,42000,1310.43,409.848,109.35,409.848,161.458,-26.171,204.924,31.276
S-M_s00,120,42300,1472.43,697.125,273.159,697.125,357.682,-36.709,348.563,47.345
S-M_s00,120,42600,1911.36,559.227,258.455,559.227,298.916,-15.82,279.614,29.258
S-M_s00,120,42900,1874.16,505.519,237.345,505.519,282.082,-21.793,252.759,26.973
S-M_s00,300,0,2438.79,930.729,113.272,930.729,224.212,-87.145,186.146,38.163
S-M_s00,300,300,2691.82,2005.016,311.667,2005.016,618.038,-139.489,401.003,74.485
S-M_s00,300,600,2949.0,1543.612,349.336,1543.612,594.411,74.956,308.722,52.344
S-M_s00,300,900,3145.0,423.414,157.853,459.604,224.973,8.19,84.683,13.463
S-M_s00,300,1200,3333.57,152.51,77.553,161.695,94.458,-19.6,30.502,4.575
S-M_s00,300,1500,3527.41,504.855,137.33,504.855,183.337,-32.805,100.971,14.312
S-M_s00,300,1800,3660.62,1173.435,375.567,1173.435,496.212,-63.72,234.687,32.056
S-M_s00,300,2100,3775.3,1913.336,699.287,1913.336,881.103,-88.862,382.667,50.68
S-M_s00,300,2400,3718.98,2314.048,1032.712,2314.048,1245.375,-103.263,462.81,62.223
S-M_s00,300,2700,3554.04,1630.484,627.562,1630.484,773.046,-85.605,326.097,45.877
S-M_s00,300,3000,3462.96,1308.67,343.352,1308.67,485.395,-64.669,261.734,37.79
S-M_s00,300,3300,3313.44,1759.5,544.864,1759.5,759.588,-70.976,351.9,53.102
S-M_s00,300,3600,3216.09,2302.149,846.963,2302.149,1104.922,-67.3,460.43,71.582
S-M_s00,300,3900,3130.01,1945.105,755.13,1945.105,981.907,-62.985,389.021,62.144
S-M_s00,300,4200,3101.56,1744.693,693.68,1744.693,882.364,-58.597,348.939,56.252
S-M_s00,300,4500,3066.8,1719.57,716.855,1719.57,895.636,-45.457,343.914,56.071
S-M_s00,300,4800,3109.72,1096.097,476.038,1096.097,585.342,-25.207,219.219,35.247
S-M_s00,300,5100,3244.92,555.555,228.216,555.555,279.275,-16.712,111.111,17.121
S-M_s00,300,5400,3478.59,270.332,145.727,292.42,165.928,-2.277,54.066,7.771
S-M_s00,300,5700,3588.59,260.056,204.533,327.091,219.537,9.332,52.011,7.247
S-M_s00,300,6000,3385.01,218.12,140.968,261.868,159.332,5.742,43.624,6.444
S-M_s00,300,6300,3319.37,241.482,122.745,241.634,135.372,-8.478,48.296,7.275
S-M_s00,300,6600,3188.07,255.881,206.318,343.208,226.278,-22.053,51.176,8.026
S-M_s00,300,6900,3026.13,289.966,95.629,290.046,122.872,-37.14,57.993,9.582
S-M_s00,300,7200,2679.79,277.521,149.593,277.521,167.584,-40.344,55.504,10.356
S-M_s00,300,7500,2455.74,216.422,146.734,310.121,178.642,-50.724,43.284,8.813
S-M_s00,300,7800,2278.67,250.296,162.378,307.363,185.963,-65.708,50.059,10.984
S-M_s00,300,8100,2124.03,366.281,121.894,366.281,147.62,-48.144,73.256,17.245
S-M_s00,300,8400,2084.57,641.839,172.761,641.839,227.926,-57.588,128.368,30.79
S-M_s00,300,8700,1945.32,706.873,300.619,815.465,381.05,-94.369,141.375,36.337
S-M_s00,300,9000,1923.53,690.301,362.339,838.482,441.633,-104.7,138.06,35.887
S-M_s00,300,9300,1843.72,472.104,222.653,532.214,294.827,-95.184,94.421,25.606
S-M_s00,300,9600,1782.69,482.254,225.941,482.254,282.608,-117.161,96.451,27.052
S-M_s00,300,9900,1850.4,488.275,154.087,488.275,194.399,-106.467,97.655,26.388
S-M_s00,300,10200,2065.05,369.818,159.445,430.456,203.217,-113.77,73.964,17.908
S-M_s00,300,10500,2142.28,117.46,181.815,439.37,219.903,-114.925,23.492,5.483
S-M_s00,300,10800,2183.18,439.236,230.886,445.303,258.647,-94.473,87.847,20.119
S-M_s00,300,11100,2147.03,561.907,218.788,561.907,254.07,-107.942,112.381,26.171
S-M_s00,300,11400,2015.03,639.811,256.174,660.287,305.034,-127.606,127.962,31.752
S-M_s00,300,11700,2089.06,665.019,202.359,665.019,257.981,-108.827,133.004,31.833
S-M_s00,300,12000,2102.18,594.726,228.137,710.82,301.259,-118.757,118.945,28.291
S-M_s00,300,12300,2135.03,894.138,290.103,894.138,373.523,-117.603,178.828,41.879
S-M_s00,300,12600,2050.47,885.58,314.667,885.58,416.162,-95.922,177.116,43.189
S-M_s00,300,12900,2041.25,517.9,302.576,734.093,393.45,-82.918,103.58,25.372
S-M_s00,300,13200,2033.83,128.52,229.584,528.341,287.178,-73.42,25.704,6.319
S-M_s00,300,13500,2097.7,174.864,254.169,528.409,300.841,-65.003,34.973,8.336
S-M_s00,300,13800,2029.38,332.914,275.942,546.354,314.913,-75.583,66.583,16.405
S-M_s00,300,14100,1894.08,335.249,280.602,526.544,323.027,-83.981,67.05,17.7
S-M_s00,300,14400,1892.57,479.464,223.339,494.069,263.797,-85.825,95.893,25.334
S-M_s00,300,14700,1917.22,468.705,218.333,468.705,267.271,-74.77,93.741,24.447
S-M_s00,300,15000,1794.21,346.794,186.686,379.879,213.911,-62.244,69.359,19.329
S-M_s00,300,15300,1768.21,296.579,166.831,402.743,214.504,-64.132,59.316,16.773
S-M_s00,300,15600,1935.18,65.14,160.362,381.359,203.427,-59.713,13.028,3.366
S-M_s00,300,15900,1822.84,115.314,179.516,394.463,215.761,-76.579,23.063,6.326
S-M_s00,300,16200,1797.4,295.369,143.91,323.256,176.338,-77.884,59.074,16.433
S-M_s00,300,16500,1838.39,708.798,178.718,708.798,243.346,-84.062,141.76,38.555
S-M_s00,300,16800,1914.59,744.845,240.296,823.134,335.165,-87.274,148.969,38.904
S-M_s00,300,17100,2033.01,368.367,255.374,745.234,338.146,-101.714,73.673,18.119
S-M_s00,300,17400,2099.51,518.061,200.445,544.852,269.497,-94.842,103.612,24.675
S-M_s00,300,17700,1958.79,698.351,265.008,698.351,337.625,-97.724,139.67,35.652
S-M_s00,300,18000,2049.32,825.188,288.686,845.744,368.862,-87.55,165.038,40.266
S-M_s00,300,18300,1929.13,685.42,292.565,744.466,372.479,-87.664,137.084,35.53
S-M_s00,300,18600,1854.16,789.561,350.034,789.561,430.735,-97.558,157.912,42.583
S-M_s00,300,18900,1996.12,898.364,344.918,898.364,419.901,-90.318,179.673,45.006
S-M_s00,300,19200,2063.73,1117.055,345.773,1117.055,434.611,-94.637,223.411,54.128
S-M_s00,300,19500,2061.77,1483.713,412.736,1483.713,555.802,-86.641,296.743,71.963
S-M_s00,300,19800,2104.74,1232.414,490.306,1425.749,652.664,-71.812,246.483,58.554
S-M_s00,300,20100,2277.07,502.77,340.68,917.799,445.721,-50.09,100.554,22.08
S-M_s00,300,20400,2428.94,73.598,191.196,550.82,258.576,-32.799,14.72,3.03
S-M_s00,300,20700,2612.38,104.005,175.695,505.211,238.031,-37.514,20.801,3.981
S-M_s00,300,21000,2850.41,459.685,219.692,559.73,280.651,-41.033,91.937,16.127
S-M_s00,300,21300,3119.54,440.01,198.958,447.107,249.839,-32.256,88.002,14.105
S-M_s00,300,21600,3227.68,251.144,171.96,324.148,193.165,-21.427,50.229,7.781
S-M_s00,300,21900,3344.71,149.718,140.746,204.394,149.877,3.69,29.944,4.476
S-M_s00,300,22200,3474.47,219.72,188.945,322.111,205.994,8.017,43.944,6.324
S-M_s00,300,22500,3546.12,93.135,116.159,190.054,125.001,-4.271,18.627,2.626
S-M_s00,300,22800,3727.81,475.186,235.938,475.186,262.919,-18.297,95.037,12.747
S-M_s00,300,23100,3830.25,400.19,180.994,400.19,203.871,-28.907,80.038,10.448
S-M_s00,300,23400,3892.13,473.378,194.027,487.825,219.349,-67.512,94.676,12.162
S-M_s00,300,23700,4069.19,567.358,151.346,567.358,175.522,-69.86,113.472,13.943
S-M_s00,300,24000,3985.86,796.726,172.528,796.726,255.116,-61.21,159.345,19.989
S-M_s00,300,24300,4150.36,979.414,260.588,979.414,377.614,-67.016,195.883,23.598
S-M_s00,300,24600,4220.22,1330.414,369.95,1330.414,521.461,-64.069,266.083,31.525
S-M_s00,300,24900,4181.89,2286.917,819.08,2290.629,1080.687,-89.783,457.383,54.686
S-M_s00,300,25200,4239.91,1520.351,798.671,1896.738,1023.461,-115.596,304.07,35.858
S-M_s00,300,25500,4313.85,1561.411,827.777,1692.067,999.325,-113.96,312.282,36.195
S-M_s00,300,25800,4253.74,1989.261,892.153,1989.261,1052.419,-100.61,397.852,46.765
S-M_s00,300,26100,4058.64,1949.949,914.976,1949.949,1046.827,-89.44,389.99,48.044
S-M_s00,300,26400,3963.58,946.515,357.325,946.515,472.783,-55.976,189.303,23.88
S-M_s00,300,26700,3790.03,607.636,399.059,759.388,472.988,-50.449,121.527,16.033
S-M_s00,300,27000,3764.44,1138.252,500.079,1138.252,611.829,-88.616,227.65,30.237
S-M_s00,300,27300,3526.78,1053.153,596.607,1138.944,710.126,-94.966,210.631,29.862
S-M_s00,300,27600,3480.0,1250.005,733.354,1250.005,830.53,-101.842,250.001,35.92
S-M_s00,300,27900,3407.46,1452.116,737.323,1452.116,809.301,-103.683,290.423,42.616
S-M_s00,300,28200,2962.86,814.235,278.344,814.235,400.36,-79.021,162.847,27.481
S-M_s00,300,28500,2524.39,713.444,305.214,713.96,416.349,-85.93,142.689,28.262
S-M_s00,300,28800,2130.98,897.627,477.834,897.627,598.872,-106.393,179.525,42.123
S-M_s00,300,29100,1843.19,796.141,487.892,796.141,581.736,-118.386,159.228,43.194
S-M_s00,300,29400,1665.26,556.062,416.655,705.025,486.98,-91.613,111.212,33.392
S-M_s00,300,29700,1686.95,895.352,433.953,895.352,481.152,-110.769,179.07,53.075
S-M_s00,300,30000,1583.63,635.154,205.693,635.154,249.257,-85.61,127.031,40.108
S-M_s00,300,30300,1595.16,581.271,161.718,581.271,223.898,-82.54,116.254,36.44
S-M_s00,300,30600,1494.39,962.317,194.662,962.317,314.75,-119.316,192.463,64.395
S-M_s00,300,30900,1543.57,1339.676,265.456,1339.676,443.584,-93.403,267.935,86.791
S-M_s00,300,31200,1784.96,1441.766,358.641,1441.766,574.571,-102.279,288.353,80.773
S-M_s00,300,31500,2103.77,1595.029,438.522,1595.029,659.451,-93.19,319.006,75.818
S-M_s00,300,31800,2474.78,1716.161,492.765,1716.161,718.771,-67.175,343.232,69.346
S-M_s00,300,32100,2771.08,1371.595,469.477,1371.595,671.736,-50.053,274.319,49.497
S-M_s00,300,32400,2875.95,1867.51,930.764,1985.627,1166.004,-63.583,373.502,64.935
S-M_s00,300,32700,2733.89,1251.452,661.796,1264.678,817.4,-66.605,250.29,45.775
S-M_s00,300,33000,2642.14,1299.414,749.874,1299.414,874.725,-82.72,259.883,49.18
S-M_s00,300,33300,2498.69,1004.0,722.857,1080.99,797.257,-71.944,200.8,40.181
S-M_s00,300,33600,2441.52,146.475,223.721,336.888,238.11,-50.532,29.295,5.999
S-M_s00,300,33900,2377.07,423.12,237.532,423.12,251.335,-65.623,84.624,17.8
S-M_s00,300,34200,2427.27,271.904,111.771,271.904,128.441,-59.006,54.381,11.202
S-M_s00,300,34500,2300.16,328.053,143.309,331.522,165.156,-23.556,65.611,14.262
S-M_s00,300,34800,2071.52,604.101,226.113,621.429,311.343,-36.407,120.82,29.162
S-M_s00,300,35100,2029.35,756.752,320.93,759.046,411.332,-36.513,151.35,37.29
S-M_s00,300,35400,1994.8,888.662,440.162,888.662,534.728,-62.958,177.732,44.549
S-M_s00,300,35700,1984.8,442.495,258.864,525.609,310.352,-65.751,88.499,22.294
S-M_s00,300,36000,2001.84,359.393,183.916,359.393,209.292,-52.698,71.879,17.953
S-M_s00,300,36300,2052.94,451.033,203.426,451.033,235.643,-63.292,90.207,21.97
S-M_s00,300,36600,2021.11,309.587,103.851,309.587,130.384,-58.044,61.917,15.318
S-M_s00,300,36900,2172.45,641.279,158.758,641.279,206.368,-56.59,128.256,29.519
S-M_s00,300,37200,2206.41,800.859,219.245,800.859,281.216,-51.488,160.172,36.297
S-M_s00,300,37500,2440.33,1833.839,412.112,1833.839,639.877,-90.024,366.768,75.147
S-M_s00,300,37800,2612.78,2246.19,605.218,2246.19,912.493,-86.675,449.238,85.969
S-M_s00,300,38100,2358.77,2259.975,812.538,2259.975,1156.791,-101.205,451.995,95.812
S-M_s00,300,38400,2119.79,1727.524,758.334,1727.524,1025.511,-92.576,345.505,81.495
S-M_s00,300,38700,1998.95,1015.061,475.365,1015.061,619.827,-74.262,203.012,50.78
S-M_s00,300,39000,1955.95,945.026,491.914,948.106,600.88,-77.365,189.005,48.315
S-M_s00,300,39300,1996.56,540.621,412.583,711.792,476.737,-62.52,108.124,27.078
S-M_s00,300,39600,1919.02,164.268,155.357,294.382,176.837,-68.705,32.854,8.56
S-M_s00,300,39900,2069.31,597.636,180.008,597.636,202.027,-74.074,119.527,28.881
S-M_s00,300,40200,2259.11,1162.02,188.494,1162.02,329.683,-71.843,232.404,51.437
S-M_s00,300,40500,2205.99,1463.918,286.319,1463.918,505.779,-70.808,292.784,66.361
S-M_s00,300,40800,2392.95,2062.86,480.607,2062.86,779.087,-73.89,412.572,86.206
S-M_s00,300,41100,2875.7,2142.12,576.758,2142.12,882.354,-73.158,428.424,74.49
S-M_s01,10,0,0.15,4.678,2.877,4.678,3.128,-1.096,28.067,
S-M_s01,10,300,8.67,0.407,0.615,1.235,0.725,-2.434,2.441,4.692
S-M_s01,10,600,138.78,38.947,20.308,38.947,23.55,2.92,233.679,28.064
S-M_s01,10,900,149.45,54.183,14.596,54.183,21.245,8.139,325.097,36.254
S-M_s01,10,1200,158.55,39.348,14.046,39.348,19.817,-3.698,236.085,24.818
S-M_s01,10,1500,12.01,7.854,5.57,8.568,6.206,-4.317,47.121,65.396
S-M_s01,10,1800,8.59,6.09,3.135,6.806,4.083,-8.644,36.54,70.857
S-M_s01,10,2100,215.08,31.847,17.848,31.847,20.408,1.248,191.082,14.807
S-M_s01,10,2400,212.21,22.342,15.597,27.217,18.203,2.4,134.051,10.528
S-M_s01,10,2700,199.46,32.293,10.753,32.293,13.395,3.105,193.756,16.19
S-M_s01,10,3000,216.66,38.245,16.45,38.245,19.771,-3.369,229.47,17.652
S-M_s01,10,3300,209.83,17.012,6.912,17.012,8.151,4.159,102.07,8.107
S-M_s01,10,3600,116.57,27.628,15.095,27.628,16.593,0.844,165.767,23.7
S-M_s01,10,3900,0.14,0.924,0.416,0.924,0.496,-2.404,5.543,
S-M_s01,10,4200,149.29,31.28,15.135,31.28,18.363,-9.033,187.681,20.953
S-M_s01,10,4500,219.54,32.028,16.043,32.028,18.474,6.008,192.17,14.589
S-M_s01,10,4800,122.34,18.66,10.382,18.66,11.813,20.26,111.959,15.252
S-M_s01,10,5100,148.13,39.107,16.536,39.107,20.151,-24.861,234.639,26.401
S-M_s01,10,5400,175.58,2.355,3.494,5.793,3.791,-2.636,14.127,1.341
S-M_s01,10,5700,95.26,5.802,5.192,8.548,5.717,-9.19,34.811,6.09
S-M_s01,10,6000,202.5,27.9,11.674,28.244,14.346,5.606,167.397,13.777
S-M_s01,10,6300,96.28,41.687,26.278,44.229,30.956,21.603,250.124,43.296
S-M_s01,10,6600,133.1,25.41,9.237,25.41,11.543,4.864,152.462,19.091
S-M_s01,10,6900,114.69,36.225,21.354,36.225,23.213,-10.306,217.348,31.585
S-M_s01,10,7200,140.21,17.938,6.163,17.938,8.061,6.134,107.628,12.794
S-M_s01,10,7500,97.81,14.304,9.21,14.304,10.538,32.884,85.827,14.625
S-M_s01,10,7800,137.38,20.564,8.565,20.564,10.743,-0.807,123.382,14.969
S-M_s01,10,8100,114.27,59.175,24.022,59.175,30.201,2.095,355.047,51.784
S-M_s01,10,8400,74.17,39.422,18.185,39.422,21.69,32.568,236.53,53.152
S-M_s01,10,8700,82.29,18.082,6.335,18.082,8.968,-31.347,108.492,21.973
S-M_s01,10,9000,86.61,30.999,13.671,30.999,17.914,-15.516,185.992,35.79
S-M_s01,10,9300,64.73,24.064,6.983,24.064,9.243,132.128,144.386,37.179
S-M_s01,10,9600,153.5,6.941,3.223,6.941,3.857,-4.677,41.645,4.522
S-M_s01,10,9900,170.08,12.373,7.008,12.373,8.445,-3.659,74.239,7.275
S-M_s01,10,10200,195.46,23.647,13.505,23.851,15.285,2.608,141.884,12.098
S-M_s01,10,10500,224.21,30.255,12.093,30.255,15.285,4.973,181.529,13.494
S-M_s01,10,10800,135.96,17.969,9.871,17.975,11.358,15.245,107.816,13.217
S-M_s01,10,11100,166.93,2.897,2.598,5.66,3.321,-2.244,17.379,1.735
S-M_s01,10,11400,104.51,8.067,10.505,15.425,11.275,-4.096,48.403,7.719
S-M_s01,10,11700,215.17,48.414,24.635,48.414,28.509,-1.172,290.485,22.5
S-M_s01,10,12000,126.32,8.849,7.21,10.293,7.834,4.145,53.091,7.005
S-M_s01,10,12300,200.57,20.406,14.045,20.406,14.751,10.17,122.436,10.174
S-M_s01,10,12600,90.84,52.017,25.034,52.017,30.57,-2.121,312.1,57.259
S-M_s01,10,12900,18.92,25.068,5.692,25.068,9.171,-1.639,150.407,132.505
S-M_s01,10,13200,107.85,7.93,4.929,8.335,5.702,-0.367,47.581,7.353
S-M_s01,10,13500,138.98,14.083,7.208,14.083,7.706,2.25,84.498,10.133
S-M_s01,10,13800,36.14,19.54,10.988,19.54,12.547,17.299,117.239,54.061
S-M_s01,10,14100,78.45,10.328,6.321,10.328,6.649,-3.444,61.971,13.165
S-M_s01,10,14400,113.93,35.73,13.967,35.73,18.573,1.922,214.377,31.362
S-M_s01,10,14700,120.06,11.097,5.913,11.097,6.461,9.696,66.583,9.243
S-M_s01,10,15000,96.8,44.479,18.04,44.479,24.012,-2.312,266.876,45.949
S-M_s01,10,15300,25.31,5.172,2.44,5.172,3.186,-0.607,31.031,20.436
S-M_s01,10,15600,72.69,2.202,5.214,12.453,6.73,-0.045,13.211,3.029
S-M_s01,10,15900,50.32,9.174,7.224,10.937,8.027,0.026,55.047,18.231
S-M_s01,10,16200,120.13,45.362,22.941,45.362,27.542,0.207,272.172,37.76
S-M_s01,10,16500,133.06,10.668,5.654,10.668,5.96,5.585,64.008,8.017
S-M_s01,10,16800,107.89,26.582,14.229,26.582,15.207,0.541,159.49,24.637
S-M_s01,10,17100,116.82,39.944,16.999,39.944,21.402,2.138,239.667,34.193
S-M_s01,10,17400,0.19,1.517,0.933,1.517,1.047,-2.327,9.102,
S-M_s01,10,17700,0.73,1.223,0.447,1.223,0.558,-2.404,7.341,
S-M_s01,10,18000,148.24,38.298,25.254,38.298,26.874,0.307,229.788,25.835
S-M_s01,10,18300,161.79,64.804,34.155,64.804,38.923,3.426,388.822,40.055
S-M_s01,10,18600,82.39,47.27,28.802,47.32,32.987,-17.328,283.619,57.376
S-M_s01,10,18900,125.52,38.292,16.998,38.292,21.252,-2.829,229.752,30.507
S-M_s01,10,19200,121.74,23.025,15.173,24.418,17.267,0.439,138.148,18.913
S-M_s01,10,19500,121.28,3.076,3.392,6.391,3.583,-2.18,18.457,2.537
S-M_s01,10,19800,127.91,17.877,10.984,17.877,11.689,-3.369,107.26,13.976
S-M_s01,10,20100,38.59,0.937,1.585,3.043,1.763,1.557,5.623,2.429
S-M_s01,10,20400,114.76,59.701,30.367,59.701,35.255,-1.504,358.206,52.024
S-M_s01,10,20700,47.57,10.323,5.801,10.323,6.316,1.566,61.939,21.699
S-M_s01,10,21000,90.01,9.367,8.293,10.928,8.559,-1.126,56.2,10.406
S-M_s01,10,21300,107.77,19.011,11.726,19.011,13.025,-3.456,114.064,17.639
S-M_s01,10,21600,0.17,1.006,0.561,1.006,0.622,-3.572,6.036,
S-M_s01,10,21900,88.74,3.96,1.892,4.061,2.47,-1.046,23.759,4.462
S-M_s01,10,22200,78.55,11.489,5.535,11.489,7.01,3.995,68.935,14.627
S-M_s01,10,22500,82.79,23.209,11.607,23.209,14.952,0.358,139.253,28.034
S-M_s01,10,22800,38.96,11.304,6.209,11.304,7.422,-3.189,67.822,29.011
S-M_s01,10,23100,84.12,4.222,0.928,4.222,1.279,-3.233,25.333,5.019
S-M_s01,10,23400,46.91,16.162,6.565,16.162,8.577,-6.699,96.974,34.452
S-M_s01,10,23700,77.03,62.132,28.418,62.132,33.974,-2.295,372.791,80.66
S-M_s01,10,24000,13.41,6.716,3.295,6.716,3.692,-4.608,40.295,50.084
S-M_s01,10,24300,98.28,32.507,19.209,32.507,21.886,-5.834,195.043,33.075
S-M_s01,10,24600,67.49,9.19,4.4,9.19,5.123,-10.776,55.141,13.618
S-M_s01,10,24900,182.43,10.691,7.305,10.691,7.986,4.25,64.146,5.86
S-M_s01,10,25200,196.01,28.378,9.697,28.378,13.065,1.1,170.267,14.478
S-M_s01,10,25500,138.91,64.363,27.314,64.363,32.158,-0.517,386.175,46.334
S-M_s01,10,25800,154.62,8.661,7.392,11.557,8.365,6.859,51.969,5.602
S-M_s01,10,26100,130.35,117.644,50.289,117.644,62.53,-3.903,705.863,90.251
S-M_s01,10,26400,0.24,1.324,0.622,1.324,0.746,-2.024,7.946,
S-M_s01,10,26700,60.8,31.387,20.688,31.387,23.049,-7.269,188.32,51.625
S-M_s01,10,27000,126.5,50.213,20.716,50.213,26.319,-1.911,301.277,39.693
S-M_s01,10,27300,15.34,3.182,1.04,3.182,1.291,-2.132,19.09,20.743
S-M_s01,10,27600,11.37,59.162,51.056,61.398,53.558,-1.215,354.969,520.423
S-M_s01,10,27900,53.96,161.477,67.811,161.477,83.302,0.187,968.864,299.25
S-M_s01,10,28200,1.14,0.2,0.585,0.826,0.623,-3.333,1.198,17.463
S-M_s01,10,28500,4.96,2.394,0.626,2.394,0.844,-3.258,14.362,48.277
S-M_s01,10,28800,104.77,11.146,6.421,11.146,6.929,2.089,66.877,10.639
S-M_s01,10,29100,154.81,21.293,6.159,21.293,8.421,2.616,127.76,13.754
S-M_s01,10,29400,204.18,24.299,11.369,24.299,13.5,-0.22,145.793,11.9
S-M_s01,10,29700,0.12,3.042,1.932,3.042,2.11,-3.255,18.25,
S-M_s01,10,30000,163.9,28.02,17.319,28.02,19.414,0.554,168.12,17.096
S-M_s01,10,30300,25.36,13.568,5.502,13.568,7.113,-2.844,81.405,53.51
S-M_s01,10,30600,0.14,3.29,1.847,3.29,2.111,-2.993,19.742,
S-M_s01,10,30900,116.0,18.764,5.96,18.764,8.058,-6.637,112.582,16.175
S-M_s01,10,31200,66.56,21.553,13.566,21.553,14.712,3.573,129.32,32.383
S-M_s01,10,31500,52.36,22.879,9.03,22.901,12.135,-1.214,137.274,43.7
S-M_s01,10,31800,46.53,60.438,43.602,60.438,47.084,-4.943,362.629,129.898
S-M_s01,10,32100,61.02,9.631,6.664,9.631,7.188,6.195,57.787,15.783
S-M_s01,10,32400,145.09,21.777,12.27,21.777,14.069,-3.581,130.66,15.01
S-M_s01,10,32700,87.69,14.769,12.034,17.763,12.954,-1.072,88.614,16.842
S-M_s01,10,33000,6.16,19.211,2.129,19.211,4.858,-0.949,115.267,311.959
S-M_s01,10,33300,106.48,163.687,81.299,163.687,93.496,2.557,982.125,153.732
S-M_s01,10,33600,129.77,19.468,7.479,19.468,8.893,-6.652,116.806,15.001
S-M_s01,10,33900,12.52,5.149,3.067,5.149,3.523,0.441,30.895,41.132
S-M_s01,10,34200,118.79,25.73,13.053,25.73,14.752,-1.065,154.378,21.66
S-M_s01,10,34500,131.33,81.339,51.214,81.339,56.295,6.369,488.034,61.933
S-M_s01,10,34800,153.42,24.197,13.946,24.197,15.18,-8.05,145.182,15.772
S-M_s01,10,35100,45.31,22.698,16.461,22.698,17.23,10.988,136.19,50.099
S-M_s01,10,35400,132.86,36.099,13.878,36.099,16.383,7.757,216.592,27.171
S-M_s01,10,35700,131.42,147.758,69.54,147.758,81.985,3.278,886.545,112.43
S-M_s01,10,36000,110.83,20.763,8.329,20.763,10.292,7.726,124.576,18.734
S-M_s01,10,36300,35.64,3.422,1.263,3.422,1.555,1.684,20.533,9.602
S-M_s01,10,36600,125.9,26.734,15.677,26.734,17.272,-2.776,160.405,21.234
S-M_s01,10,36900,126.54,14.627,4.59,14.627,6.085,-6.88,87.761,11.559
S-M_s01,10,37200,3.09,5.229,3.322,5.229,3.541,-0.407,31.377,169.272
S-M_s01,10,37500,70.45,11.227,6.327,11.227,6.941,10.057,67.361,15.935
S-M_s01,10,37800,128.71,21.449,16.952,22.132,18.035,-1.831,128.697,16.664
S-M_s01,10,38100,110.74,37.915,14.516,37.915,18.794,0.872,227.49,34.238
S-M_s01,10,38400,114.8,34.488,13.42,34.488,16.128,-0.548,206.93,30.041
S-M_s01,10,38700,120.21,21.968,18.817,25.388,20.192,8.65,131.809,18.275
S-M_s01,10,39000,112.64,48.824,22.785,48.824,27.178,9.934,292.942,43.346
S-M_s01,10,39300,27.06,23.402,11.912,23.402,14.19,0.239,140.414,86.474
S-M_s01,10,39600,92.27,21.717,15.973,24.231,17.95,1.467,130.3,23.537
S-M_s01,10,39900,108.56,40.374,23.43,40.374,26.412,3.589,242.246,37.191
S-M_s01,10,40200,93.59,52.219,22.502,52.219,27.379,1.127,313.314,55.793
S-M_s01,10,40500,85.26,36.459,7.109,36.459,12.217,11.929,218.751,42.762
S-M_s01,10,40800,117.12,50.112,22.373,50.112,26.24,1.489,300.674,42.787
S-M_s01,10,41100,117.05,46.057,24.935,46.057,27.614,5.759,276.343,39.348
S-M_s01,10,41400,110.09,72.375,29.16,72.375,37.261,0.125,434.247,65.743
S-M_s01,10,41700,108.86,30.228,13.582,30.228,17.06,0.183,181.371,27.769
S-M_s01,10,42000,86.03,45.548,17.925,45.548,24.127,-1.529,273.289,52.942
S-M_s01,10,42300,74.88,7.232,6.128,7.562,6.256,0.313,43.391,9.658
S-M_s01,10,42600,62.71,8.745,4.93,8.745,5.245,17.014,52.472,13.945
S-M_s01,10,42900,94.87,14.735,6.982,14.735,8.056,-3.127,88.413,15.532
S-M_s01,10,43200,64.59,14.388,4.315,14.388,6.045,0.089,86.329,22.277
S-M_s01,10,43500,98.99,63.319,32.814,63.319,37.179,3.608,379.916,63.965
S-M_s01,10,43800,129.93,36.599,25.471,36.599,27.47,-3.885,219.593,28.169
S-M_s01,10,44100,149.53,28.755,13.478,28.755,16.42,8.051,172.53,19.23
S-M_s01,10,44400,140.76,30.82,12.44,30.82,15.425,-0.005,184.921,21.896
S-M_s01,10,44700,122.08,46.65,23.563,46.65,27.521,3.766,279.902,38.212
S-M_s01,10,45000,123.48,40.553,21.958,40.553,25.522,6.708,243.318,32.843
S-M_s01,10,45300,117.97,32.863,15.737,32.863,18.973,3.008,197.177,27.857
S-M_s01,10,45600,99.11,17.346,8.961,17.346,11.01,-0.924,104.078,17.502
S-M_s01,10,45900,66.87,14.369,9.669,14.369,10.181,0.702,86.217,21.489
S-M_s01,10,46200,167.32,12.206,7.085,12.206,7.918,-2.649,73.233,7.295
S-M_s01,10,46500,188.13,35.231,8.611,35.231,13.271,6.321,211.384,18.727
S-M_s01,10,46800,193.19,11.47,7.675,11.813,8.176,-3.328,68.82,5.937
S-M_s01,10,47100,201.91,45.195,31.895,51.279,35.971,1.676,271.168,22.384
S-M_s01,10,47400,165.62,52.203,27.887,52.203,32.281,-2.413,313.217,31.52
S-M_s01,10,47700,217.4,36.996,20.508,36.996,22.935,0.269,221.976,17.017
S-M_s01,10,48000,215.6,12.066,8.833,18.949,11.316,2.491,72.393,5.596
S-M_s01,10,48300,214.8,74.9,39.448,74.9,45.027,6.324,449.398,34.869
S-M_s01,10,48600,208.54,36.614,23.016,37.903,25.793,3.554,219.682,17.557
S-M_s01,10,48900,63.04,67.561,39.762,67.561,44.836,0.795,405.368,107.175
S-M_s01,10,49200,114.03,25.444,20.269,28.208,21.686,-2.119,152.664,22.314
S-M_s01,10,49500,155.98,21.625,8.918,21.625,11.459,7.053,129.747,13.864
S-M_s01,10,49800,165.84,3.633,1.821,3.715,2.139,2.614,21.8,2.191
S-M_s01,10,50100,173.91,6.603,4.876,6.603,5.065,0.192,39.618,3.797
S-M_s01,10,50400,150.0,30.169,14.66,30.169,16.169,-1.764,181.013,20.113
S-M_s01,10,50700,161.75,58.867,24.088,58.867,28.979,5.06,353.203,36.395
S-M_s01,10,51000,138.42,21.747,7.739,21.747,10.074,-1.013,130.481,15.711
S-M_s01,10,51300,144.55,13.775,3.169,13.775,5.05,0.23,82.65,9.529
S-M_s01,10,51600,127.86,36.028,12.709,36.028,17.004,12.121,216.169,28.177
S-M_s01,10,51900,92.58,30.579,15.993,30.579,19.005,-2.79,183.474,33.03
S-M_s01,10,52200,81.04,25.827,17.273,25.827,19.293,-1.477,154.961,31.868
S-M_s01,10,52500,83.2,68.845,28.432,68.845,35.789,0.924,413.072,82.744
S-M_s01,10,52800,85.36,5.138,2.422,5.138,2.67,-8.541,30.831,6.02
S-M_s01,10,53100,62.18,47.186,20.521,47.186,24.907,2.738,283.117,75.892
S-M_s01,10,53400,130.11,36.837,18.346,36.837,20.818,-0.253,221.022,28.313
S-M_s01,10,53700,43.34,8.77,4.548,8.77,4.994,-0.802,52.619,20.236
S-M_s01,10,54000,17.99,0.517,1.279,2.743,1.536,-3.007,3.099,2.871
S-M_s01,10,54300,84.35,14.318,5.426,14.318,6.72,-9.692,85.905,16.973
S-M_s01,10,54600,114.97,49.414,27.504,49.414,32.049,0.189,296.486,42.981
S-M_s01,10,54900,103.45,39.914,23.13,39.914,25.56,0.207,239.485,38.585
S-M_s01,10,55200,37.27,54.335,33.918,54.335,38.209,-2.14,326.011,145.774
S-M_s01,10,55500,0.14,1.318,0.695,1.318,0.802,-2.767,7.906,
S-M_s01,10,55800,177.38,20.112,9.337,20.118,11.244,-0.713,120.674,11.339
S-M_s01,10,56100,167.41,14.564,4.879,14.564,5.742,-1.731,87.387,8.7
S-M_s01,10,56400,207.28,4.873,5.451,12.587,6.95,-1.554,29.236,2.351
S-M_s01,10,56700,214.57,8.196,7.642,14.882,9.045,2.863,49.174,3.82
S-M_s01,10,57000,146.8,35.42,16.171,35.42,20.344,0.974,212.521,24.129
S-M_s01,10,57300,110.05,13.987,4.975,13.987,6.344,15.342,83.923,12.71
S-M_s01,10,57600,0.2,1.741,0.927,1.741,1.044,-3.066,10.444,
S-M_s01,10,57900,123.77,18.939,10.622,18.939,11.799,-12.483,113.635,15.302
S-M_s01,10,58200,102.24,31.978,23.049,31.978,24.645,-8.293,191.869,31.277
S-M_s01,10,58500,157.89,29.582,13.369,29.582,15.926,-8.926,177.493,18.736
S-M_s01,10,58800,168.05,12.796,4.773,12.796,6.249,-8.049,76.778,7.615
S-M_s01,10,59100,131.26,52.158,11.075,52.158,17.573,4.514,312.95,39.737
S-M_s01,10,59400,164.21,8.199,8.427,11.694,8.749,2.775,49.193,4.993
S-M_s01,10,59700,51.66,68.82,46.346,69.215,51.871,-13.398,412.919,133.229
S-M_s01,10,60000,42.04,13.972,11.25,14.304,11.868,-2.963,83.834,33.236
S-M_s01,10,60300,132.76,42.61,22.546,42.61,25.671,-1.097,255.661,32.095
S-M_s01,10,60600,87.08,63.769,34.617,63.769,40.391,-0.461,382.611,73.23
S-M_s01,10,60900,28.87,21.349,7.673,22.963,11.599,3.421,128.094,73.961
S-M_s01,10,61200,30.93,9.931,1.52,9.931,2.722,0.372,59.586,32.105
S-M_s01,10,61500,0.13,2.054,1.056,2.054,1.251,-2.934,12.327,
S-M_s01,30,0,0.46,7.967,5.308,7.967,5.668,-4.627,15.933,
S-M_s01,30,300,262.68,73.074,33.323,73.074,44.001,-4.294,146.148,27.819
S-M_s01,30,600,420.91,108.94,55.636,108.94,63.872,5.528,217.881,25.882
S-M_s01,30,900,458.97,156.886,80.581,156.886,96.209,7.153,313.773,34.182
S-M_s01,30,1200,336.67,143.651,76.493,144.569,93.462,-4.287,287.303,42.668
S-M_s01,30,1500,18.19,10.831,9.123,12.368,9.665,-11.934,21.663,59.535
S-M_s01,30,1800,240.22,20.602,6.306,20.602,7.64,-6.057,41.204,8.576
S-M_s01,30,2100,644.83,99.345,55.109,99.879,63.354,-0.704,198.689,15.406
S-M_s01,30,2400,610.49,56.613,27.066,56.622,30.332,6.85,113.225,9.273
S-M_s01,30,2700,618.41,111.646,53.464,111.646,63.331,11.425,223.293,18.054
S-M_s01,30,3000,636.9,128.161,66.168,128.161,78.675,0.219,256.322,20.123
S-M_s01,30,3300,613.96,98.904,42.781,98.904,54.1,17.708,197.809,16.109
S-M_s01,30,3600,117.18,33.003,26.325,33.003,27.794,-2.825,66.006,28.164
S-M_s01,30,3900,159.09,12.785,6.371,17.323,9.294,7.909,25.57,8.036
S-M_s01,30,4200,574.93,141.901,58.156,141.901,70.765,-15.719,283.802,24.681
S-M_s01,30,4500,577.96,65.918,44.619,73.35,50.428,6.64,131.836,11.405
S-M_s01,30,4800,384.57,17.936,16.485,29.144,18.38,35.545,35.873,4.664
S-M_s01,30,5100,523.88,174.4,76.285,174.4,93.116,-17.974,348.8,33.29
S-M_s01,30,5400,379.43,11.94,6.795,17.187,8.286,53.404,23.88,3.147
S-M_s01,30,5700,436.01,142.65,47.078,142.65,65.881,-21.305,285.3,32.717
S-M_s01,30,6000,608.28,90.897,43.757,90.897,51.965,14.019,181.795,14.943
S-M_s01,30,6300,329.59,31.373,40.918,63.29,43.859,12.871,62.746,9.519
S-M_s01,30,6600,305.91,91.598,43.875,91.598,51.653,15.686,183.197,29.943
S-M_s01,30,6900,320.04,60.233,36.671,60.233,39.112,-4.333,120.467,18.82
S-M_s01,30,7200,373.46,107.945,41.177,108.016,53.735,-1.731,215.889,28.904
S-M_s01,30,7500,325.95,39.603,15.276,39.603,17.875,15.284,79.207,12.15
S-M_s01,30,7800,413.06,57.984,29.546,58.234,34.73,4.419,115.967,14.038
S-M_s01,30,8100,260.97,98.247,63.742,100.346,71.105,-13.434,196.495,37.646
S-M_s01,30,8400,242.77,85.056,52.373,85.056,59.042,35.912,170.112,35.036
S-M_s01,30,8700,260.98,60.037,27.494,60.037,32.767,-17.477,120.075,23.005
S-M_s01,30,9300,330.41,532.787,183.989,532.787,253.908,129.829,1065.574,161.249
S-M_s01,30,9600,381.33,25.554,14.395,27.879,17.307,8.258,51.108,6.701
S-M_s01,30,9900,660.13,74.65,26.249,74.65,34.495,1.821,149.299,11.308
S-M_s01,30,10200,466.15,25.823,16.694,25.823,17.58,4.2,51.647,5.54
S-M_s01,30,10500,609.62,90.687,52.271,95.563,62.03,-3.807,181.375,14.876
S-M_s01,30,10800,440.34,61.457,17.865,61.457,22.625,24.669,122.915,13.957
S-M_s01,30,11100,501.15,36.816,12.418,36.816,16.087,2.256,73.633,7.346
S-M_s01,30,11400,439.75,63.843,19.695,63.843,24.692,5.035,127.687,14.518
S-M_s01,30,11700,508.24,59.986,50.834,71.252,54.898,5.962,119.971,11.803
S-M_s01,30,12000,533.35,101.469,30.133,101.469,43.411,7.461,202.939,19.025
S-M_s01,30,12300,550.12,93.386,39.892,93.386,47.284,14.737,186.771,16.976
S-M_s01,30,12600,91.27,57.155,45.125,57.155,48.395,-6.662,114.311,62.619
S-M_s01,30,12900,221.77,55.689,29.279,55.689,34.742,5.584,111.378,25.111
S-M_s01,30,13200,342.94,33.691,12.404,33.691,14.791,7.462,67.383,9.824
S-M_s01,30,13500,357.99,115.084,52.342,115.084,65.267,26.037,230.168,32.148
S-M_s01,30,13800,42.78,29.2,18.566,29.2,19.688,15.401,58.4,68.254
S-M_s01,30,14100,309.89,76.39,31.535,77.613,41.805,3.527,152.78,24.65
S-M_s01,30,14400,325.35,74.91,41.922,74.91,47.672,-2.0,149.819,23.024
S-M_s01,30,14700,318.68,61.352,26.628,61.352,32.459,7.623,122.704,19.252
S-M_s01,30,15000,232.56,34.807,33.415,45.561,36.486,0.715,69.615,14.967
S-M_s01,30,15300,74.89,73.949,13.318,73.949,23.467,-2.165,147.898,98.743
S-M_s01,30,15600,257.55,101.141,32.199,101.141,46.262,0.377,202.282,39.27
S-M_s01,30,15900,198.2,2.079,5.653,10.937,6.477,-4.461,4.159,1.049
S-M_s01,30,16200,355.75,81.831,50.762,81.831,55.623,12.932,163.661,23.002
S-M_s01,30,16500,354.83,113.502,39.604,113.502,51.197,16.477,227.004,31.988
S-M_s01,30,16800,323.65,73.035,41.528,73.035,47.321,-1.255,146.07,22.566
S-M_s01,30,17100,287.64,128.813,67.212,128.813,80.161,6.793,257.625,44.782
S-M_s01,30,17400,0.53,3.867,2.028,3.867,2.256,-7.204,7.735,
S-M_s01,30,17700,188.99,124.411,26.726,124.411,45.315,-15.233,248.823,65.829
S-M_s01,30,18000,440.72,179.722,82.782,179.722,97.235,6.802,359.444,40.779
S-M_s01,30,18300,455.74,180.039,102.468,180.039,116.523,2.371,360.078,39.505
S-M_s01,30,18600,296.47,86.51,53.338,86.51,57.795,-13.785,173.02,29.181
S-M_s01,30,18900,372.21,95.788,48.979,95.788,55.821,-13.593,191.577,25.735
S-M_s01,30,19200,354.74,68.406,28.771,68.406,32.663,-3.964,136.812,19.284
S-M_s01,30,19500,365.45,92.693,20.447,92.693,32.108,-4.681,185.387,25.364
S-M_s01,30,19800,346.43,120.913,51.557,120.913,65.315,-4.296,241.825,34.902
S-M_s01,30,20100,171.62,113.082,26.543,113.082,42.63,1.346,226.164,65.891
S-M_s01,30,20400,334.26,132.031,72.216,132.031,80.03,-9.803,264.062,39.499
S-M_s01,30,20700,70.54,31.312,11.062,31.312,12.208,-4.904,62.624,44.389
S-M_s01,30,21000,286.72,52.054,26.27,56.591,32.01,-1.57,104.107,18.155
S-M_s01,30,21300,232.48,82.154,42.809,82.154,51.32,-4.178,164.308,35.338
S-M_s01,30,21600,131.13,31.626,6.853,31.626,11.401,-4.278,63.251,24.117
S-M_s01,30,21900,250.06,22.609,5.944,22.609,8.333,-2.064,45.218,9.041
S-M_s01,30,22200,214.61,26.662,13.252,26.662,15.125,8.252,53.324,12.423
S-M_s01,30,22500,248.65,65.544,34.493,69.284,39.853,-3.688,131.087,26.36
S-M_s01,30,22800,67.22,44.785,17.552,44.785,21.968,-10.798,89.571,66.626
S-M_s01,30,23100,200.73,31.447,16.158,31.447,20.431,-18.855,62.893,15.666
S-M_s01,30,23400,248.05,94.52,29.347,94.52,39.656,3.31,189.04,38.106
S-M_s01,30,23700,253.46,173.364,83.914,173.364,97.26,1.451,346.727,68.398
S-M_s01,30,24000,184.78,143.437,49.551,143.437,68.648,-2.427,286.875,77.628
S-M_s01,30,24300,153.76,59.923,34.154,59.923,37.07,-16.955,119.846,38.973
S-M_s01,30,24600,375.22,104.655,34.084,104.655,46.421,-12.122,209.31,27.892
S-M_s01,30,24900,568.85,60.357,37.219,82.207,47.454,3.09,120.714,10.61
S-M_s01,30,25200,539.56,103.142,35.755,103.142,45.859,4.817,206.284,19.116
S-M_s01,30,25500,369.54,100.612,63.77,100.612,69.91,-0.594,201.225,27.227
S-M_s01,30,25800,466.89,54.66,22.667,54.66,27.545,6.809,109.32,11.707
S-M_s01,30,26100,189.39,169.937,121.189,169.937,133.471,-9.072,339.874,89.73
S-M_s01,30,26400,2.05,6.121,2.169,6.121,2.576,-7.269,12.243,298.219
S-M_s01,30,26700,301.55,50.682,38.683,56.224,41.526,-5.166,101.364,16.807
S-M_s01,30,27000,217.77,195.849,101.699,197.76,124.453,-4.442,391.698,89.933
S-M_s01,30,27300,88.95,162.241,48.216,162.241,72.98,-3.008,324.481,182.405
S-M_s01,30,27600,16.48,68.639,57.495,68.639,58.444,-6.944,137.278,416.463
S-M_s01,30,27900,140.47,305.732,196.973,305.732,221.494,-2.158,611.463,217.641
S-M_s01,30,28200,72.14,55.304,24.757,55.304,34.88,-7.942,110.607,76.666
S-M_s01,30,28500,68.91,18.651,4.504,18.651,6.442,-12.133,37.302,27.065
S-M_s01,30,28800,417.02,32.332,17.309,33.766,20.025,3.503,64.665,7.753
S-M_s01,30,29100,373.04,55.17,31.193,55.17,36.481,5.131,110.34,14.789
S-M_s01,30,29400,409.63,6.749,13.7,27.829,16.427,-10.066,13.497,1.647
S-M_s01,30,29700,65.18,22.968,5.567,22.968,7.763,-9.685,45.935,35.24
S-M_s01,30,30000,451.21,49.775,26.535,49.775,28.301,-11.688,99.551,11.032
S-M_s01,30,30300,159.5,41.93,16.306,41.93,20.527,2.221,83.86,26.288
S-M_s01,30,30600,48.98,11.078,5.143,13.495,6.409,-5.01,22.156,22.616
S-M_s01,30,30900,307.42,97.835,47.905,97.835,59.544,-7.91,195.67,31.825
S-M_s01,30,31200,191.55,18.641,17.096,25.336,18.145,8.438,37.281,9.732
S-M_s01,30,31500,218.94,107.021,31.788,107.021,39.522,-5.143,214.043,48.881
S-M_s01,30,31800,131.87,64.28,55.33,64.28,56.898,-12.204,128.56,48.746
S-M_s01,30,32100,267.15,62.035,27.651,62.035,33.203,7.026,124.07,23.221
S-M_s01,30,32400,455.52,50.692,25.149,50.692,28.593,-1.494,101.384,11.128
S-M_s01,30,32700,87.98,18.397,15.655,18.397,16.121,-7.338,36.795,20.91
S-M_s01,30,33000,193.06,114.773,31.894,114.773,43.276,11.399,229.546,59.451
S-M_s01,30,33300,315.64,377.121,230.822,377.121,260.638,4.845,754.242,119.477
S-M_s01,30,33600,365.04,127.562,49.182,127.562,63.749,-20.824,255.123,34.944
S-M_s01,30,33900,76.84,16.623,6.42,16.623,7.29,7.92,33.246,21.632
S-M_s01,30,34200,363.54,93.698,38.475,93.698,45.597,-14.037,187.396,25.774
S-M_s01,30,34500,309.22,130.702,90.394,130.702,96.053,8.824,261.404,42.268
S-M_s01,30,34800,426.55,136.63,52.102,136.63,65.034,-21.243,273.261,32.031
S-M_s01,30,35100,282.16,132.178,47.262,132.178,58.556,16.329,264.356,46.845
S-M_s01,30,35400,391.66,162.28,63.048,162.28,77.952,14.646,324.561,41.434
S-M_s01,30,35700,266.98,203.404,152.88,205.159,166.084,-3.04,406.808,76.186
S-M_s01,30,36000,142.47,57.631,36.976,57.631,43.089,7.282,115.262,40.45
S-M_s01,30,36300,289.08,77.28,21.452,77.28,31.584,11.027,154.561,26.733
S-M_s01,30,36600,364.66,26.228,25.956,37.664,27.449,13.633,52.457,7.193
S-M_s01,30,36900,358.38,93.369,36.84,93.369,48.199,-4.702,186.738,26.053
S-M_s01,30,37200,157.85,91.956,37.845,91.956,51.499,1.102,183.911,58.257
S-M_s01,30,37500,297.78,112.158,37.896,112.158,50.636,20.281,224.317,37.665
S-M_s01,30,37800,374.89,62.746,40.261,62.746,44.858,-2.332,125.493,16.737
S-M_s01,30,38100,309.82,86.052,53.768,86.052,61.419,1.707,172.105,27.775
S-M_s01,30,38400,330.54,147.901,73.722,147.901,89.261,10.929,295.802,44.745
S-M_s01,30,38700,313.33,28.531,19.712,28.531,20.446,27.537,57.061,9.106
S-M_s01,30,39000,328.07,114.488,61.77,114.488,70.27,11.357,228.975,34.897
S-M_s01,30,39300,237.93,132.945,48.347,132.945,63.78,11.257,265.89,55.876
S-M_s01,30,39600,311.15,99.896,43.658,99.896,52.314,13.264,199.792,32.106
S-M_s01,30,39900,292.82,123.349,63.086,123.349,72.26,12.975,246.698,42.124
S-M_s01,30,40200,291.6,139.879,73.265,139.879,84.537,-3.655,279.758,47.97
S-M_s01,30,40500,286.65,160.746,67.17,160.746,84.727,15.948,321.493,56.078
S-M_s01,30,40800,354.77,162.761,85.443,162.761,100.033,6.353,325.523,45.878
S-M_s01,30,41100,344.73,146.423,71.317,146.423,82.843,12.044,292.845,42.475
S-M_s01,30,41400,326.48,134.312,81.477,134.312,91.844,5.822,268.625,41.14
S-M_s01,30,41700,159.3,53.036,37.645,55.488,42.029,-2.685,106.072,33.292
S-M_s01,30,42000,315.69,130.384,60.432,130.384,70.846,-4.935,260.769,41.301
S-M_s01,30,42300,281.88,100.924,39.207,100.924,51.704,-20.756,201.849,35.804
S-M_s01,30,42600,236.85,59.539,21.283,59.539,27.167,3.922,119.079,25.138
S-M_s01,30,42900,244.52,10.89,17.663,28.928,19.722,1.841,21.78,4.454
S-M_s01,30,43200,238.11,26.504,8.052,26.504,10.07,1.262,53.008,11.131
S-M_s01,30,43500,280.5,155.464,88.498,155.464,99.544,7.617,310.928,55.425
S-M_s01,30,43800,436.09,180.644,72.835,180.644,88.544,-1.755,361.289,41.423
S-M_s01,30,44100,440.87,94.469,43.923,94.469,50.875,11.82,188.939,21.428
S-M_s01,30,44400,395.84,112.504,53.076,112.504,64.332,2.654,225.009,28.421
S-M_s01,30,44700,370.31,130.991,64.166,130.991,74.657,0.541,261.982,35.373
S-M_s01,30,45000,337.45,101.435,55.67,101.435,63.247,2.545,202.87,30.059
S-M_s01,30,45300,322.76,93.554,47.456,93.554,54.797,4.812,187.109,28.986
S-M_s01,30,45600,262.49,12.361,11.302,17.39,12.165,-1.114,24.722,4.709
S-M_s01,30,45900,300.91,81.931,24.924,81.935,32.483,-7.458,163.862,27.228
S-M_s01,30,46200,529.65,35.806,18.422,35.806,21.261,1.182,71.613,6.76
S-M_s01,30,46500,575.63,151.931,59.797,151.931,75.474,13.317,303.861,26.394
S-M_s01,30,46800,579.26,30.295,16.006,30.295,17.482,-4.984,60.589,5.23
S-M_s01,30,47100,611.53,32.618,31.988,51.279,34.731,5.327,65.237,5.334
S-M_s01,30,47400,376.28,156.826,82.465,156.826,93.754,19.402,313.651,41.678
S-M_s01,30,47700,647.67,29.889,28.978,48.415,30.904,5.23,59.778,4.615
S-M_s01,30,48000,645.65,77.328,26.507,77.328,33.372,7.6,154.656,11.977
S-M_s01,30,48300,646.79,105.745,84.677,125.86,92.157,1.765,211.49,16.349
S-M_s01,30,48600,523.93,49.505,35.385,49.505,37.146,18.124,99.009,9.449
S-M_s01,30,48900,191.29,97.198,66.476,97.198,70.323,11.283,194.397,50.813
S-M_s01,30,49200,415.57,94.889,44.65,94.889,51.64,-10.954,189.779,22.834
S-M_s01,30,49500,477.62,65.214,28.443,65.214,33.339,5.871,130.427,13.654
S-M_s01,30,49800,514.98,52.641,25.242,58.031,34.19,4.332,105.281,10.222
S-M_s01,30,50100,488.66,77.924,30.998,77.924,39.478,-2.171,155.849,15.946
S-M_s01,30,50400,462.32,124.848,56.411,124.848,66.569,5.434,249.697,27.005
S-M_s01,30,50700,495.78,202.899,98.765,202.899,117.651,11.141,405.798,40.925
S-M_s01,30,51000,430.26,139.247,61.651,139.247,76.549,7.827,278.494,32.364
S-M_s01,30,51300,421.18,63.765,24.601,63.772,31.707,4.685,127.53,15.14
S-M_s01,30,51600,355.05,88.98,50.37,88.98,58.59,8.87,177.96,25.061
S-M_s01,30,51900,277.31,104.716,50.804,104.716,59.163,-7.701,209.431,37.761
S-M_s01,30,52200,253.66,67.196,34.311,67.196,38.428,-0.74,134.392,26.491
S-M_s01,30,52500,254.55,121.142,78.903,122.14,88.276,-6.452,242.283,47.591
S-M_s01,30,52800,227.85,141.909,51.6,141.909,75.823,-15.083,283.818,62.283
S-M_s01,30,53100,248.13,99.761,57.769,99.761,64.898,9.499,199.523,40.205
S-M_s01,30,53400,347.29,131.355,64.496,131.355,76.392,7.652,262.71,37.823
S-M_s01,30,53700,103.72,68.802,23.44,72.853,34.681,-2.362,137.605,66.332
S-M_s01,30,54000,104.83,59.444,25.388,63.47,37.971,0.485,118.889,56.707
S-M_s01,30,54300,312.06,52.703,22.863,52.703,27.42,-11.938,105.407,16.889
S-M_s01,30,54600,327.69,111.153,62.693,111.153,69.71,2.462,222.306,33.92
S-M_s01,30,54900,320.37,164.717,79.233,164.717,94.059,2.664,329.434,51.414
S-M_s01,30,55200,37.58,58.394,49.255,58.394,51.455,-7.878,116.788,155.371
S-M_s01,30,55500,96.42,16.707,4.431,16.707,6.221,-12.142,33.413,17.327
S-M_s01,30,55800,594.4,8.732,16.454,27.67,18.173,1.937,17.465,1.469
S-M_s01,30,56100,445.97,58.667,22.057,58.667,26.858,-12.9,117.334,13.155
S-M_s01,30,56400,638.7,84.265,31.136,86.141,41.984,-1.342,168.53,13.193
S-M_s01,30,56700,627.06,35.405,14.51,35.405,17.896,4.038,70.81,5.646
S-M_s01,30,57000,312.59,53.115,42.995,64.367,47.826,-3.405,106.231,16.992
S-M_s01,30,57300,270.15,105.132,41.965,105.132,55.616,13.014,210.265,38.916
S-M_s01,30,57600,132.74,89.179,20.781,89.179,35.055,-10.876,178.358,67.184
S-M_s01,30,57900,386.32,129.388,51.463,129.388,64.448,-15.819,258.775,33.493
S-M_s01,30,58200,331.66,80.975,41.984,80.975,45.664,-23.252,161.949,24.415
S-M_s01,30,58500,495.82,50.071,38.472,58.438,43.117,2.387,100.142,10.099
S-M_s01,30,58800,530.61,62.225,28.758,62.225,35.534,-1.345,124.45,11.727
S-M_s01,30,59100,449.73,126.901,57.611,126.901,68.181,7.109,253.801,28.217
S-M_s01,30,59400,481.04,69.232,28.497,69.232,35.12,11.488,138.463,14.392
S-M_s01,30,59700,257.0,155.89,83.772,155.89,91.849,-24.367,311.78,60.657
S-M_s01,30,60000,155.58,20.289,12.718,20.289,13.119,-8.852,40.578,13.041
S-M_s01,30,60300,349.86,88.739,50.808,88.739,55.849,-14.244,177.479,25.364
S-M_s01,30,60600,89.07,67.952,56.36,67.952,59.646,-6.558,135.903,76.293
S-M_s01,30,60900,135.1,44.553,22.638,44.553,26.451,-8.254,89.105,32.978
S-M_s01,30,61200,35.85,17.154,11.182,17.154,13.197,-1.262,34.309,47.846
S-M_s01,60,0,263.14,87.482,23.974,87.482,37.253,-8.921,87.482,33.246
S-M_s01,60,300,683.59,180.321,81.08,180.321,98.714,1.233,180.321,26.379
S-M_s01,60,600,879.88,285.85,127.141,285.85,153.245,12.681,285.85,32.488
S-M_s01,60,900,795.64,303.181,157.857,304.106,183.758,2.866,303.181,38.105
S-M_s01,60,1200,354.87,133.344,105.687,144.569,116.054,-16.221,133.344,37.576
S-M_s01,60,1500,258.41,67.792,14.178,67.792,19.391,-17.991,67.792,26.234
S-M_s01,60,1800,885.05,134.658,44.291,134.658,63.309,-6.761,134.658,15.215
S-M_s01,60,2100,1255.31,150.722,89.844,150.833,99.214,6.146,150.722,12.007
S-M_s01,60,2400,1228.9,180.393,61.942,180.393,76.48,18.275,180.393,14.679
S-M_s01,60,2700,1255.31,134.049,82.311,134.049,90.772,11.644,134.049,10.679
S-M_s01,60,3000,1250.85,179.273,111.084,185.977,124.628,17.928,179.273,14.332
S-M_s01,60,3300,731.14,110.363,76.123,113.234,86.375,14.884,110.363,15.095
S-M_s01,60,3600,276.28,36.172,30.077,36.356,30.968,5.084,36.172,13.093
S-M_s01,60,3900,734.03,94.826,21.9,94.826,31.793,-7.81,94.826,12.919
S-M_s01,60,4200,1152.89,273.644,137.468,273.644,163.476,-9.08,273.644,23.735
S-M_s01,60,4500,962.53,51.376,56.447,89.337,60.723,42.185,51.376,5.338
S-M_s01,60,4800,908.46,141.652,42.231,141.652,56.427,17.571,141.652,15.593
S-M_s01,60,5100,903.31,241.239,154.227,255.338,177.698,35.43,241.239,26.706
S-M_s01,60,5400,815.44,201.149,38.934,201.149,66.489,32.099,201.149,24.668
S-M_s01,60,5700,1044.29,274.041,133.44,274.041,164.548,-7.286,274.041,26.242
S-M_s01,60,6000,937.87,91.239,76.951,140.81,86.835,26.89,91.239,9.728
S-M_s01,60,6300,635.5,109.382,43.975,109.382,49.019,28.557,109.382,17.212
S-M_s01,60,6600,625.96,191.608,96.105,191.608,112.386,11.353,191.608,30.61
S-M_s01,60,6900,693.51,159.968,67.028,160.012,77.43,-6.064,159.968,23.067
S-M_s01,60,7200,699.41,144.849,78.034,144.849,90.206,13.552,144.849,20.71
S-M_s01,60,7500,739.01,113.733,38.231,113.733,48.264,19.703,113.733,15.39
S-M_s01,60,7800,674.03,160.895,76.7,162.172,93.934,-9.015,160.895,23.871
S-M_s01,60,8100,503.74,137.346,92.082,137.346,99.186,22.478,137.346,27.265
S-M_s01,60,8400,503.74,57.728,68.016,107.011,73.159,18.435,57.728,11.46
S-M_s01,60,9300,711.74,1049.739,534.975,1095.776,663.421,138.087,1049.739,147.489
S-M_s01,60,9600,1041.45,120.584,37.983,120.584,49.311,10.08,120.584,11.578
S-M_s01,60,9900,1126.27,81.761,54.436,96.403,63.551,6.021,81.761,7.259
S-M_s01,60,10200,1075.76,136.014,53.112,137.263,69.785,0.393,136.014,12.644
S-M_s01,60,10500,1049.96,60.047,67.687,99.515,73.819,20.862,60.047,5.719
S-M_s01,60,10800,941.5,288.349,93.456,288.349,129.223,26.924,288.349,30.627
S-M_s01,60,11100,940.9,95.658,34.081,95.658,42.08,7.291,95.658,10.167
S-M_s01,60,11400,947.99,121.118,67.814,137.603,85.146,10.998,121.118,12.776
S-M_s01,60,11700,1041.6,174.954,71.55,174.954,79.938,13.423,174.954,16.797
S-M_s01,60,12000,1083.47,205.818,91.39,205.818,113.822,22.198,205.818,18.996
S-M_s01,60,12300,641.39,151.128,90.224,151.128,105.499,8.075,151.128,23.562
S-M_s01,60,12600,313.05,113.155,66.934,113.937,72.907,-1.078,113.155,36.146
S-M_s01,60,12900,564.71,90.998,46.266,90.998,51.625,13.046,90.998,16.114
S-M_s01,60,13200,700.93,167.989,54.884,167.989,76.146,33.499,167.989,23.967
S-M_s01,60,13500,400.77,122.418,86.91,124.108,97.528,41.439,122.418,30.546
S-M_s01,60,13800,352.68,133.167,41.147,133.167,54.533,18.928,133.167,37.759
S-M_s01,60,14100,635.25,139.456,71.452,139.456,85.21,1.526,139.456,21.953
S-M_s01,60,14400,644.03,130.54,70.098,130.54,78.182,5.622,130.54,20.269
S-M_s01,60,14700,551.24,107.788,63.059,111.708,74.872,8.337,107.788,19.554
S-M_s01,60,15000,307.46,108.637,40.755,108.637,44.813,-1.45,108.637,35.334
S-M_s01,60,15300,332.44,175.478,58.188,175.478,79.003,-1.788,175.478,52.784
S-M_s01,60,15600,455.75,102.503,69.09,112.086,81.813,-4.084,102.503,22.491
S-M_s01,60,15900,553.95,77.203,28.565,77.203,39.937,8.471,77.203,13.937
S-M_s01,60,16200,710.58,247.083,98.546,247.083,115.777,29.409,247.083,34.772
S-M_s01,60,16500,678.47,234.138,109.116,234.138,133.921,15.222,234.138,34.51
S-M_s01,60,16800,611.29,197.66,89.882,197.66,107.525,5.537,197.66,32.335
S-M_s01,60,17100,288.17,132.649,99.022,132.649,108.498,-0.412,132.649,46.032
S-M_s01,60,17400,189.52,145.087,18.371,145.087,38.505,-22.437,145.087,76.556
S-M_s01,60,17700,629.71,337.306,127.324,337.306,169.837,-8.431,337.306,53.565
S-M_s01,60,18000,896.45,374.0,185.779,374.0,219.56,9.173,374.0,41.72
S-M_s01,60,18300,752.2,238.598,164.107,239.754,179.986,-11.414,238.598,31.72
S-M_s01,60,18600,668.68,224.701,104.391,224.701,120.553,-27.378,224.701,33.604
S-M_s01,60,18900,726.95,179.689,91.356,179.689,103.295,-17.557,179.689,24.718
S-M_s01,60,19200,720.19,167.222,60.406,167.222,71.596,-8.646,167.222,23.219
S-M_s01,60,19500,711.89,220.801,83.992,220.801,110.865,-8.978,220.801,31.016
S-M_s01,60,19800,518.05,181.175,91.059,181.175,103.86,-2.951,181.175,34.972
S-M_s01,60,20100,505.88,243.168,105.65,243.168,136.209,-8.458,243.168,48.068
S-M_s01,60,20400,404.8,167.39,108.794,167.39,117.41,-14.707,167.39,41.351
S-M_s01,60,20700,357.26,91.584,35.992,93.831,46.294,-6.474,91.584,25.635
S-M_s01,60,21000,519.2,134.407,60.781,134.407,73.842,-5.749,134.407,25.887
S-M_s01,60,21300,363.61,99.656,64.419,99.656,70.905,-8.456,99.656,27.407
S-M_s01,60,21600,381.2,62.753,24.704,62.753,31.674,-6.342,62.753,16.462
S-M_s01,60,21900,464.68,44.085,20.203,44.085,25.411,6.188,44.085,9.487
S-M_s01,60,22200,463.26,85.702,34.901,87.646,43.347,4.564,85.702,18.5
S-M_s01,60,22500,315.87,111.151,58.542,111.151,65.622,-14.486,111.151,35.189
S-M_s01,60,22800,267.95,101.143,45.888,101.143,56.761,-29.653,101.143,37.747
S-M_s01,60,23100,448.78,157.209,45.142,157.209,60.37,-15.545,157.209,35.031
S-M_s01,60,23400,501.51,265.248,103.5,265.248,133.21,4.761,265.248,52.89
S-M_s01,60,23700,438.24,296.596,149.918,296.596,169.871,-0.976,296.596,67.679
S-M_s01,60,24000,338.53,205.517,114.125,205.517,135.774,-19.382,205.517,60.708
S-M_s01,60,24300,528.98,256.123,83.038,256.123,106.039,-29.077,256.123,48.418
S-M_s01,60,24600,944.07,204.414,97.045,206.295,120.423,-9.031,204.414,21.652
S-M_s01,60,24900,1108.41,173.915,69.052,173.915,82.204,7.908,173.915,15.69
S-M_s01,60,25200,909.1,207.531,102.062,207.531,125.101,4.224,207.531,22.828
S-M_s01,60,25500,836.43,127.713,87.167,127.713,92.612,6.215,127.713,15.269
S-M_s01,60,25800,656.28,205.54,91.219,205.54,120.162,-2.263,205.54,31.319
S-M_s01,60,26100,191.44,176.122,146.649,176.122,154.009,-16.341,176.122,91.999
S-M_s01,60,26400,303.6,82.288,27.122,82.288,39.636,-12.435,82.288,27.104
S-M_s01,60,26700,519.32,245.116,95.539,246.83,122.331,-9.608,245.116,47.199
S-M_s01,60,27000,306.72,358.418,172.277,358.418,196.982,-7.45,358.418,116.856
S-M_s01,60,27300,105.43,230.921,133.975,230.921,163.889,-9.952,230.921,219.035
S-M_s01,60,27600,156.96,375.599,161.762,375.599,205.595,-9.102,375.599,239.302
S-M_s01,60,27900,212.61,360.788,263.664,360.788,281.776,-10.099,360.788,169.694
S-M_s01,60,28200,141.05,77.647,41.461,77.647,48.186,-20.075,77.647,55.049
S-M_s01,60,28500,485.93,104.985,31.36,104.985,45.719,-8.63,104.985,21.605
S-M_s01,60,28800,790.06,100.63,42.786,100.63,52.496,8.634,100.63,12.737
S-M_s01,60,29100,782.68,82.744,51.327,84.832,57.176,-4.935,82.744,10.572
S-M_s01,60,29400,474.81,36.912,12.377,36.912,14.907,-19.751,36.912,7.774
S-M_s01,60,29700,516.39,133.945,41.569,133.945,59.073,-21.373,133.945,25.939
S-M_s01,60,30000,610.72,107.621,50.829,107.621,58.192,-9.468,107.621,17.622
S-M_s01,60,30300,208.49,48.716,31.088,51.05,35.578,-2.789,48.716,23.366
S-M_s01,60,30600,356.4,118.019,34.329,118.019,52.666,-12.919,118.019,33.114
S-M_s01,60,30900,498.96,106.361,79.154,117.059,88.761,0.529,106.361,21.317
S-M_s01,60,31200,410.49,112.164,31.294,112.164,37.471,3.296,112.164,27.324
S-M_s01,60,31500,350.81,177.185,97.657,177.185,119.358,-17.346,177.185,50.507
S-M_s01,60,31800,399.02,106.73,69.835,106.73,72.564,-5.178,106.73,26.748
S-M_s01,60,32100,722.67,121.005,59.672,121.005,69.846,5.532,121.005,16.744
S-M_s01,60,32400,543.5,68.653,45.536,68.653,50.88,-8.832,68.653,12.632
S-M_s01,60,32700,281.04,107.823,28.869,107.823,35.098,4.06,107.823,38.365
S-M_s01,60,33000,508.7,507.175,191.216,507.175,265.11,16.244,507.175,99.7
S-M_s01,60,33300,680.68,483.082,324.05,483.082,348.706,-15.979,483.082,70.97
S-M_s01,60,33600,441.89,132.903,91.918,137.952,105.356,-12.904,132.903,30.076
S-M_s01,60,33900,440.38,103.12,30.661,103.12,42.418,-6.116,103.12,23.416
S-M_s01,60,34200,672.76,221.572,113.256,221.572,138.765,-5.213,221.572,32.935
S-M_s01,60,34500,735.77,210.924,126.655,210.924,134.32,-12.419,210.924,28.667
S-M_s01,60,34800,708.71,252.365,112.975,252.365,132.959,-4.914,252.365,35.609
S-M_s01,60,35100,673.82,379.474,142.95,379.474,180.884,30.975,379.474,56.317
S-M_s01,60,35400,658.64,387.925,195.192,387.925,243.16,11.606,387.925,58.898
S-M_s01,60,35700,409.46,233.417,187.924,233.417,196.761,4.242,233.417,57.007
S-M_s01,60,36000,431.55,157.144,61.688,157.144,71.662,18.309,157.144,36.414
S-M_s01,60,36300,653.74,121.759,71.912,146.885,90.337,24.661,121.759,18.625
S-M_s01,60,36600,723.04,85.966,32.38,85.966,37.143,8.932,85.966,11.889
S-M_s01,60,36900,516.23,184.379,83.539,184.379,101.193,-3.6,184.379,35.717
S-M_s01,60,37200,455.63,203.233,83.879,203.233,101.539,21.383,203.233,44.605
S-M_s01,60,37500,672.67,246.101,114.144,246.101,142.201,17.949,246.101,36.585
S-M_s01,60,37800,684.71,143.632,77.761,143.632,89.753,-0.625,143.632,20.977
S-M_s01,60,38100,640.36,214.723,101.15,214.723,117.875,12.636,214.723,33.532
S-M_s01,60,38400,643.87,188.065,126.927,190.04,142.289,38.466,188.065,29.209
S-M_s01,60,38700,641.4,246.296,73.94,246.296,102.904,38.894,246.296,38.4
S-M_s01,60,39000,566.0,259.758,113.62,259.758,130.982,22.614,259.758,45.894
S-M_s01,60,39300,549.08,279.084,122.432,279.084,149.179,24.521,279.084,50.828
S-M_s01,60,39600,603.97,260.011,112.137,260.011,136.852,26.239,260.011,43.05
S-M_s01,60,39900,584.42,284.846,135.485,284.846,159.351,9.32,284.846,48.74
S-M_s01,60,40200,578.25,215.859,118.199,215.859,130.96,12.292,215.859,37.33
S-M_s01,60,40500,641.42,372.149,167.366,372.149,203.768,22.301,372.149,58.019
S-M_s01,60,40800,699.5,327.269,163.434,327.269,187.845,18.398,327.269,46.786
S-M_s01,60,41100,671.2,306.847,154.625,306.847,181.444,17.866,306.847,45.716
S-M_s01,60,41400,485.78,191.53,128.245,193.357,140.448,3.136,191.53,39.427
S-M_s01,60,41700,475.0,183.698,75.401,183.698,89.302,-7.621,183.698,38.673
S-M_s01,60,42000,597.57,227.61,113.073,227.61,129.354,-25.691,227.61,38.089
S-M_s01,60,42300,518.73,141.787,77.011,141.787,89.302,-16.833,141.787,27.333
S-M_s01,60,42600,481.37,77.879,49.658,89.976,58.769,5.763,77.879,16.179
S-M_s01,60,42900,482.62,38.821,15.065,38.821,17.617,3.103,38.821,8.044
S-M_s01,60,43200,518.6,183.216,61.777,183.216,88.185,8.879,183.216,35.329
S-M_s01,60,43500,716.59,338.987,159.568,338.987,181.213,5.862,338.987,47.306
S-M_s01,60,43800,876.96,259.576,145.805,259.576,167.563,10.065,259.576,29.599
S-M_s01,60,44100,836.71,246.712,105.692,246.712,128.159,14.473,246.712,29.486
S-M_s01,60,44400,766.15,246.943,115.898,246.943,137.154,3.195,246.943,32.231
S-M_s01,60,44700,707.76,232.436,125.445,232.436,143.774,3.086,232.436,32.841
S-M_s01,60,45000,660.21,199.791,103.277,199.791,117.468,7.357,199.791,30.262
S-M_s01,60,45300,585.25,86.17,66.43,93.751,71.816,3.697,86.17,14.724
S-M_s01,60,45600,563.4,73.191,19.59,73.191,23.736,-8.572,73.191,12.991
S-M_s01,60,45900,830.55,126.625,62.24,126.625,74.882,-6.276,126.625,15.246
S-M_s01,60,46200,1105.28,124.613,32.579,124.613,42.67,14.499,124.613,11.274
S-M_s01,60,46500,1154.89,225.698,123.349,225.698,143.318,8.333,225.698,19.543
S-M_s01,60,46800,1190.8,62.532,37.487,71.573,44.025,0.343,62.532,5.251
S-M_s01,60,47100,987.81,146.032,54.266,146.032,64.258,24.729,146.032,14.783
S-M_s01,60,47400,1023.95,375.16,173.765,375.16,203.379,24.632,375.16,36.639
S-M_s01,60,47700,1293.32,125.097,46.625,125.097,53.714,12.83,125.097,9.673
S-M_s01,60,48000,1292.44,232.539,105.256,244.555,136.986,9.365,232.539,17.992
S-M_s01,60,48300,1170.72,152.243,88.809,152.243,93.679,19.889,152.243,13.004
S-M_s01,60,48600,715.22,145.409,68.858,145.409,78.576,29.407,145.409,20.331
S-M_s01,60,48900,606.85,164.081,99.919,165.823,107.469,0.329,164.081,27.038
S-M_s01,60,49200,893.18,158.05,86.006,158.05,97.813,-5.083,158.05,17.695
S-M_s01,60,49500,992.6,162.37,69.289,162.57,85.312,10.203,162.37,16.358
S-M_s01,60,49800,1003.64,144.368,58.555,144.368,72.445,2.161,144.368,14.384
S-M_s01,60,50100,950.98,203.861,82.997,203.861,102.644,3.263,203.861,21.437
S-M_s01,60,50400,958.11,343.319,143.093,343.319,175.989,16.575,343.319,35.833
S-M_s01,60,50700,926.04,376.643,188.425,376.643,217.148,18.968,376.643,40.672
S-M_s01,60,51000,851.44,222.936,116.658,222.936,134.207,12.512,222.936,26.183
S-M_s01,60,51300,776.23,168.908,72.978,168.908,92.135,13.555,168.908,21.76
S-M_s01,60,51600,632.36,189.481,95.383,189.481,109.495,1.168,189.481,29.964
S-M_s01,60,51900,530.97,182.209,97.173,182.209,110.738,-8.441,182.209,34.316
S-M_s01,60,52200,508.21,188.415,90.183,189.29,110.396,-7.192,188.415,37.074
S-M_s01,60,52500,482.4,270.949,126.983,270.949,144.936,-21.535,270.949,56.167
S-M_s01,60,52800,475.98,212.317,123.608,219.34,149.401,-5.584,212.317,44.606
S-M_s01,60,53100,595.43,225.15,108.486,225.15,124.55,17.151,225.15,37.813
S-M_s01,60,53400,451.02,200.32,110.087,203.431,123.869,5.29,200.32,44.415
S-M_s01,60,53700,208.55,128.468,58.365,132.367,73.323,-1.877,128.468,61.6
S-M_s01,60,54000,416.89,108.103,51.212,108.103,61.749,-11.454,108.103,25.931
S-M_s01,60,54300,639.76,172.558,69.494,172.558,87.771,-9.477,172.558,26.972
S-M_s01,60,54600,648.07,277.318,126.824,277.318,148.214,5.126,277.318,42.792
S-M_s01,60,54900,357.95,222.996,146.567,222.996,165.561,-5.214,222.996,62.297
S-M_s01,60,55200,134.0,75.203,55.938,75.203,57.387,-20.021,75.203,56.12
S-M_s01,60,55500,690.82,150.404,44.091,150.404,65.524,-10.205,150.404,21.772
S-M_s01,60,55800,1040.36,53.058,19.556,53.058,22.352,-10.963,53.058,5.1
S-M_s01,60,56100,1084.66,220.856,79.216,220.856,103.938,-14.242,220.856,20.362
S-M_s01,60,56400,1265.76,57.465,55.921,99.39,64.959,2.697,57.465,4.54
S-M_s01,60,56700,939.65,83.538,46.058,100.541,58.077,0.633,83.538,8.89
S-M_s01,60,57000,582.74,117.729,60.261,117.729,66.363,9.609,117.729,20.203
S-M_s01,60,57300,402.89,186.237,83.063,186.237,97.894,2.138,186.237,46.225
S-M_s01,60,57600,519.06,276.155,95.256,276.155,128.961,-26.696,276.155,53.203
S-M_s01,60,57900,717.98,262.256,122.326,262.256,145.629,-39.071,262.256,36.527
S-M_s01,60,58200,827.48,280.73,120.029,280.73,151.015,-20.865,280.73,33.926
S-M_s01,60,58500,1026.43,88.511,52.403,88.511,56.802,1.042,88.511,8.623
S-M_s01,60,58800,980.34,181.086,72.029,181.086,88.481,5.764,181.086,18.472
S-M_s01,60,59100,930.77,246.292,117.522,246.292,136.789,18.597,246.292,26.461
S-M_s01,60,59400,738.05,167.726,74.089,167.726,89.833,-12.88,167.726,22.726
S-M_s01,60,59700,412.59,238.273,135.448,238.273,147.84,-33.22,238.273,57.751
S-M_s01,60,60000,505.45,143.202,48.464,143.202,64.638,-23.096,143.202,28.332
S-M_s01,60,60300,438.93,163.42,100.876,163.42,114.787,-20.802,163.42,37.232
S-M_s01,60,60600,224.17,116.754,74.581,116.754,78.763,-14.812,116.754,52.084
S-M_s01,60,60900,170.95,46.42,34.225,47.062,37.42,-9.516,46.42,27.154
S-M_s01,120,0,1143.01,339.607,118.656,339.607,162.154,3.759,169.803,29.712
S-M_s01,120,300,1479.23,470.125,205.971,471.068,252.207,4.099,235.062,31.782
S-M_s01,120,600,1234.74,433.165,265.154,444.095,307.17,-3.541,216.582,35.081
S-M_s01,120,900,1054.05,264.028,225.194,304.106,244.336,-15.125,132.014,25.049
S-M_s01,120,1200,1239.91,295.895,137.317,295.895,148.481,-22.982,147.947,23.864
S-M_s01,120,1500,1513.73,437.135,140.416,437.135,203.849,-11.845,218.568,28.878
S-M_s01,120,1800,2113.95,84.679,100.034,195.799,120.657,11.514,42.339,4.006
S-M_s01,120,2100,2510.62,361.19,148.45,361.19,170.7,17.79,180.595,14.386
S-M_s01,120,2400,2479.75,589.804,204.434,589.804,264.542,36.203,294.902,23.785
S-M_s01,120,2700,1986.45,378.598,191.12,380.113,229.938,26.528,189.299,19.059
S-M_s01,120,3000,1527.13,149.06,130.843,185.977,138.326,23.012,74.53,9.761
S-M_s01,120,3300,1465.16,254.362,111.301,254.362,123.932,7.074,127.181,17.361
S-M_s01,120,3600,1429.17,178.188,59.454,178.424,77.004,-3.995,89.094,12.468
S-M_s01,120,3900,1696.55,156.868,88.768,183.593,113.432,34.375,78.434,9.246
S-M_s01,120,4200,2061.35,264.342,203.097,280.983,222.476,8.491,132.171,12.824
S-M_s01,120,4500,1865.84,336.297,135.698,336.297,169.554,77.615,168.148,18.024
S-M_s01,120,4800,1723.9,508.994,146.97,508.994,193.235,49.671,254.497,29.526
S-M_s01,120,5100,1947.6,104.913,158.782,255.338,175.913,28.143,52.456,5.387
S-M_s01,120,5400,1753.31,648.763,288.109,739.446,401.512,58.988,324.381,37.002
S-M_s01,120,5700,1679.8,241.38,206.924,305.647,230.271,21.271,120.69,14.37
S-M_s01,120,6000,1563.82,502.356,174.561,502.356,220.735,38.243,251.178,32.124
S-M_s01,120,6300,1329.01,508.155,169.739,508.181,227.13,22.492,254.078,38.236
S-M_s01,120,6600,1325.37,376.404,204.209,383.577,238.599,24.905,188.202,28.4
S-M_s01,120,6900,1432.52,146.632,117.402,199.582,131.105,13.639,73.316,10.236
S-M_s01,120,7200,1373.45,77.659,89.856,145.105,96.863,4.537,38.83,5.654
S-M_s01,120,7500,1242.75,221.755,112.457,221.755,137.271,42.181,110.877,17.844
S-M_s01,120,7800,1177.77,195.7,137.108,227.011,155.118,9.42,97.85,16.616
S-M_s01,120,9300,1838.01,1971.951,949.929,1971.951,1097.117,144.108,985.976,107.287
S-M_s01,120,9600,2117.21,412.793,144.047,412.793,191.272,10.473,206.396,19.497
S-M_s01,120,9900,2176.23,147.003,111.587,209.211,130.345,26.883,73.502,6.755
S-M_s01,120,10200,2017.26,218.977,87.168,218.977,102.156,27.318,109.489,10.855
S-M_s01,120,10500,1990.86,185.424,127.99,275.221,150.909,28.153,92.712,9.314
S-M_s01,120,10800,1889.48,48.802,143.578,334.178,179.765,37.922,24.401,2.583
S-M_s01,120,11100,1982.49,299.308,103.152,299.308,129.075,20.714,149.654,15.098
S-M_s01,120,11400,2031.46,455.182,165.248,455.182,209.933,33.196,227.591,22.407
S-M_s01,120,11700,1682.99,358.132,185.882,358.132,223.755,21.498,179.066,21.279
S-M_s01,120,12000,1396.52,271.049,169.342,271.201,192.722,21.12,135.524,19.409
S-M_s01,120,12300,1206.11,285.084,144.23,285.084,160.732,21.121,142.542,23.637
S-M_s01,120,12600,1013.97,259.619,111.039,259.619,126.095,32.421,129.809,25.604
S-M_s01,120,12900,965.48,230.744,124.284,246.976,151.88,54.484,115.372,23.899
S-M_s01,120,13200,1053.6,397.081,131.377,397.081,164.155,52.427,198.541,37.688
S-M_s01,120,13500,1036.02,605.276,218.665,605.276,278.892,42.965,302.638,58.424
S-M_s01,120,13800,996.71,371.236,142.825,371.236,183.233,24.55,185.618,37.246
S-M_s01,120,14100,1186.49,245.362,136.566,250.952,157.465,9.864,122.681,20.68
S-M_s01,120,14400,951.49,242.406,122.695,242.406,136.401,4.172,121.203,25.477
S-M_s01,120,14700,883.68,282.146,114.18,282.146,133.558,6.55,141.073,31.928
S-M_s01,120,15000,763.2,214.001,108.663,220.745,132.976,-5.534,107.0,28.04
S-M_s01,120,15300,886.39,151.247,115.784,186.411,134.907,6.684,75.624,17.063
S-M_s01,120,15600,1166.33,125.825,75.556,125.825,82.675,25.325,62.912,10.788
S-M_s01,120,15900,1232.42,369.031,118.687,369.031,164.961,23.693,184.516,29.944
S-M_s01,120,16200,1321.87,657.57,275.12,657.57,341.291,34.946,328.785,49.746
S-M_s01,120,16500,966.64,404.014,235.652,404.014,276.003,14.81,202.007,41.796
S-M_s01,120,16800,800.8,318.608,151.581,318.608,170.042,-16.9,159.304,39.786
S-M_s01,120,17100,917.87,468.126,178.814,468.126,213.496,-8.843,234.063,51.001
S-M_s01,120,17400,1085.97,615.664,206.862,615.664,298.423,-13.265,307.832,56.692
S-M_s01,120,17700,1381.91,607.761,318.932,607.761,384.742,-19.846,303.88,43.98
S-M_s01,120,18000,1565.13,481.643,311.509,481.643,346.319,-18.205,240.822,30.773
S-M_s01,120,18300,1479.16,379.357,237.781,379.357,256.365,-28.972,189.678,25.647
S-M_s01,120,18600,1388.87,611.438,242.787,611.438,291.883,-36.024,305.719,44.024
S-M_s01,120,18900,1438.84,545.576,212.524,545.576,260.191,-26.535,272.788,37.918
S-M_s01,120,19200,1238.25,362.227,167.632,362.227,204.745,-11.596,181.113,29.253
S-M_s01,120,19500,1217.77,367.551,178.369,367.551,211.036,-17.435,183.775,30.182
S-M_s01,120,19800,922.85,329.369,183.166,329.369,209.934,-17.658,164.684,35.69
S-M_s01,120,20100,863.14,358.134,196.022,358.134,225.684,-14.932,179.067,41.492
S-M_s01,120,20400,924.0,375.284,188.333,375.284,212.086,-20.456,187.642,40.615
S-M_s01,120,20700,720.87,216.118,100.341,216.118,123.274,-14.93,108.059,29.98
S-M_s01,120,21000,900.39,174.464,105.16,174.464,118.21,-12.091,87.232,19.376
S-M_s01,120,21300,828.29,122.947,89.46,130.855,95.632,-2.269,61.473,14.843
S-M_s01,120,21600,844.46,128.825,57.13,132.047,68.512,-1.778,64.413,15.255
S-M_s01,120,21900,780.55,129.987,55.403,130.252,68.683,-8.298,64.994,16.653
S-M_s01,120,22200,731.21,144.863,75.636,144.863,88.77,-25.089,72.432,19.811
S-M_s01,120,22500,764.64,343.803,124.101,343.803,148.27,-30.03,171.901,44.962
S-M_s01,120,22800,769.46,501.023,157.823,501.023,214.749,-24.892,250.511,65.114
S-M_s01,120,23100,887.02,490.11,188.328,490.11,246.778,-16.521,245.055,55.254
S-M_s01,120,23400,840.04,428.43,229.817,428.43,272.018,-14.621,214.215,51.001
S-M_s01,120,23700,967.22,557.953,263.602,557.953,296.588,-30.053,278.976,57.686
S-M_s01,120,24000,1282.6,686.805,263.24,686.805,325.186,-28.413,343.403,53.548
S-M_s01,120,24300,1637.39,776.893,302.426,776.893,391.499,-21.169,388.446,47.447
S-M_s01,120,24600,1853.17,417.258,206.933,417.258,244.305,-4.807,208.629,22.516
S-M_s01,120,24900,1944.84,374.917,176.172,374.917,211.506,14.123,187.458,19.277
S-M_s01,120,25200,1565.38,435.578,205.646,435.578,243.895,1.961,217.789,27.826
S-M_s01,120,25500,1027.87,303.163,180.533,303.163,207.11,-10.126,151.582,29.494
S-M_s01,120,25800,959.88,251.735,158.915,259.029,181.973,-14.699,125.867,26.226
S-M_s01,120,26100,710.76,488.966,227.091,489.744,253.148,-25.949,244.483,68.795
S-M_s01,120,26400,610.32,446.181,142.589,446.181,196.4,-19.886,223.09,73.106
S-M_s01,120,26700,624.75,479.555,238.161,479.555,290.895,-19.561,239.778,76.76
S-M_s01,120,27000,463.67,736.257,346.488,736.257,403.852,-16.552,368.129,158.788
S-M_s01,120,27300,318.04,596.298,315.219,596.298,376.477,-20.052,298.149,187.493
S-M_s01,120,27600,298.01,457.671,290.089,457.671,330.144,-29.177,228.835,153.578
S-M_s01,120,27900,698.54,437.021,324.837,438.573,338.456,-18.73,218.51,62.562
S-M_s01,120,28200,931.11,271.176,113.981,272.316,144.071,-11.441,135.588,29.124
S-M_s01,120,28500,1268.61,162.685,88.479,164.444,108.574,-13.566,81.342,12.824
S-M_s01,120,28800,1264.87,150.652,94.035,155.804,109.823,-11.118,75.326,11.911
S-M_s01,120,29100,1299.06,157.718,73.198,157.718,79.523,-26.309,78.859,12.141
S-M_s01,120,29400,1085.52,335.027,108.288,335.027,156.764,-29.219,167.513,30.863
S-M_s01,120,29700,724.87,213.41,119.022,226.212,146.83,-24.162,106.705,29.441
S-M_s01,120,30000,967.12,175.614,86.128,175.614,96.653,-22.387,87.807,18.159
S-M_s01,120,30300,707.45,137.574,72.753,147.313,88.39,-2.26,68.787,19.446
S-M_s01,120,30600,766.89,40.498,74.897,138.317,91.175,-9.623,20.249,5.281
S-M_s01,120,30900,849.77,74.65,76.932,117.059,82.874,-16.818,37.325,8.785
S-M_s01,120,31200,809.51,192.861,101.996,192.861,125.284,-1.882,96.43,23.824
S-M_s01,120,31500,1073.48,253.818,153.289,253.818,170.737,-11.815,126.909,23.644
S-M_s01,120,31800,942.52,181.778,112.4,181.778,122.406,-14.01,90.889,19.286
S-M_s01,120,32100,1003.71,136.712,101.615,159.221,113.027,9.592,68.356,13.621
S-M_s01,120,32400,1052.2,502.951,134.482,502.951,196.751,7.412,251.475,47.8
S-M_s01,120,32700,961.73,584.299,229.315,584.299,318.23,-11.918,292.15,60.755
S-M_s01,120,33000,950.59,610.565,382.744,610.565,447.993,3.34,305.283,64.23
S-M_s01,120,33300,1121.07,562.773,413.351,562.773,432.785,-22.095,281.386,50.2
S-M_s01,120,33600,1114.65,380.061,173.169,381.347,206.404,-18.117,190.03,34.097
S-M_s01,120,33900,1176.16,287.373,122.565,287.373,156.532,-18.535,143.687,24.433
S-M_s01,120,34200,1381.47,423.889,213.577,423.889,246.643,-10.127,211.944,30.684
S-M_s01,120,34500,1409.59,449.464,209.632,449.464,232.42,18.556,224.732,31.886
S-M_s01,120,34800,1367.36,614.392,273.852,614.392,335.735,6.692,307.196,44.933
S-M_s01,120,35100,1083.28,720.477,392.396,721.04,475.923,35.217,360.238,66.509
S-M_s01,120,35400,1090.2,568.857,324.529,568.857,365.336,29.916,284.429,52.179
S-M_s01,120,35700,1063.2,356.781,249.136,392.254,263.119,28.903,178.391,33.557
S-M_s01,120,36000,1154.59,60.146,116.941,251.73,138.708,27.241,30.073,5.209
S-M_s01,120,36300,1169.97,163.552,78.724,163.552,90.903,21.061,81.776,13.979
S-M_s01,120,36600,1178.67,316.689,104.983,316.689,136.411,30.314,158.345,26.868
S-M_s01,120,36900,1188.9,396.873,183.983,396.873,219.822,14.349,198.437,33.382
S-M_s01,120,37200,1140.34,485.629,220.549,485.629,269.03,20.758,242.815,42.586
S-M_s01,120,37500,1313.03,538.317,250.093,538.317,296.255,30.585,269.159,40.998
S-M_s01,120,37800,1328.58,263.885,149.785,264.972,171.432,37.841,131.943,19.862
S-M_s01,120,38100,1281.76,329.72,176.548,329.72,197.3,51.53,164.86,25.724
S-M_s01,120,38400,1209.87,519.403,197.415,519.403,225.94,61.079,259.702,42.93
S-M_s01,120,38700,1190.48,805.978,278.688,805.978,370.427,63.415,402.989,67.702
S-M_s01,120,39000,1169.97,718.558,293.492,718.558,361.014,48.853,359.279,61.417
S-M_s01,120,39300,1133.5,744.513,311.429,744.513,381.26,33.841,372.257,65.683
S-M_s01,120,39600,1182.22,481.139,266.074,485.512,316.062,38.531,240.57,40.698
S-M_s01,120,39900,1225.84,548.085,251.962,548.085,289.536,31.621,274.042,44.711
S-M_s01,120,40200,1277.75,631.688,263.589,631.688,315.25,30.69,315.844,49.438
S-M_s01,120,40500,1312.62,889.311,397.291,889.311,479.133,40.167,444.655,67.751
S-M_s01,120,40800,1185.28,603.127,332.583,603.127,383.625,21.534,301.564,50.885
S-M_s01,120,41100,1146.2,532.769,282.365,532.769,319.766,10.246,266.385,46.481
S-M_s01,120,41400,1083.35,374.635,209.795,374.635,231.58,-22.555,187.317,34.581
S-M_s01,120,41700,993.73,285.069,163.536,296.732,190.95,-24.454,142.535,28.687
S-M_s01,120,42000,1078.94,235.047,176.385,253.817,192.691,-19.928,117.524,21.785
S-M_s01,120,42300,1001.35,217.408,124.688,217.408,137.708,-13.731,108.704,21.711
S-M_s01,120,42600,999.97,276.111,97.09,276.111,120.334,14.642,138.055,27.612
S-M_s01,120,42900,1199.21,390.6,109.301,390.6,157.846,8.965,195.3,32.571
S-M_s01,120,43200,1395.56,480.46,201.205,480.46,257.045,18.944,240.23,34.428
S-M_s01,120,43500,1553.3,616.704,308.379,616.704,352.425,20.335,308.352,39.703
S-M_s01,120,43800,1643.11,559.026,272.348,559.026,312.474,13.259,279.513,34.022
S-M_s01,120,44100,1544.47,573.819,263.51,573.819,319.065,17.56,286.91,37.153
S-M_s01,120,44400,1426.36,461.727,236.143,461.727,273.323,10.552,230.863,32.371
S-M_s01,120,44700,1293.01,328.16,215.155,333.592,239.308,6.784,164.08,25.38
S-M_s01,120,45000,1223.6,263.153,151.221,263.233,164.033,-1.215,131.576,21.506
S-M_s01,120,45300,1415.8,115.55,89.859,150.457,96.546,-2.578,57.775,8.161
S-M_s01,120,45600,1668.68,213.013,78.567,213.013,103.178,5.927,106.506,12.765
S-M_s01,120,45900,1985.45,192.028,120.612,214.704,138.227,2.057,96.014,9.672
S-M_s01,120,46200,2296.07,320.487,128.455,320.487,167.378,14.842,160.243,13.958
S-M_s01,120,46500,2142.71,428.108,229.649,428.108,261.382,33.062,214.054,19.98
S-M_s01,120,46800,2214.74,393.804,110.83,393.804,152.011,24.975,196.902,17.781
S-M_s01,120,47100,2281.13,765.486,238.236,765.486,326.617,37.559,382.743,33.557
S-M_s01,120,47400,2316.39,1112.962,444.247,1112.962,549.118,33.997,556.481,48.047
S-M_s01,120,47700,2464.04,507.064,188.007,507.064,245.114,32.719,253.532,20.579
S-M_s01,120,48000,2007.66,423.087,214.258,423.892,254.317,38.771,211.543,21.074
S-M_s01,120,48300,1777.57,419.233,181.001,419.233,210.154,20.218,209.616,23.585
S-M_s01,120,48600,1608.4,507.29,189.511,507.29,237.676,24.324,253.645,31.54
S-M_s01,120,48900,1599.45,303.965,162.748,307.186,179.416,10.532,151.983,19.004
S-M_s01,120,49200,1896.83,234.705,137.096,234.705,150.558,-2.922,117.353,12.374
S-M_s01,120,49500,1943.58,433.007,178.735,433.007,219.302,13.466,216.504,22.279
S-M_s01,120,49800,1961.75,503.547,173.693,503.547,224.056,18.736,251.774,25.668
S-M_s01,120,50100,1877.03,586.523,238.662,586.523,298.39,22.231,293.262,31.247
S-M_s01,120,50400,1809.55,721.0,334.498,721.0,400.086,29.087,360.5,39.844
S-M_s01,120,50700,1702.27,733.73,362.475,733.73,416.861,32.523,366.865,43.103
S-M_s01,120,51000,1483.8,497.875,241.375,497.875,281.44,13.681,248.938,33.554
S-M_s01,120,51300,1307.2,343.064,171.206,343.064,204.48,5.114,171.532,26.244
S-M_s01,120,51600,1140.57,357.554,182.368,358.959,209.485,-6.024,178.777,31.349
S-M_s01,120,51900,1013.37,480.639,208.713,480.639,246.0,-29.976,240.32,47.43
S-M_s01,120,52200,984.19,398.594,204.206,421.678,246.226,-12.776,199.297,40.5
S-M_s01,120,52500,1077.82,330.295,226.377,353.108,252.444,-4.384,165.147,30.645
S-M_s01,120,52800,927.0,289.555,184.745,292.127,204.128,-0.294,144.777,31.236
S-M_s01,120,53100,803.98,338.548,193.902,338.76,217.692,15.274,169.274,42.109
S-M_s01,120,53400,867.91,281.414,175.329,281.414,192.242,-6.163,140.707,32.424
S-M_s01,120,53700,848.31,291.167,127.366,291.167,152.685,-11.354,145.584,34.323
S-M_s01,120,54000,1064.96,358.534,135.572,358.534,169.219,-6.328,179.267,33.667
S-M_s01,120,54300,997.71,392.889,193.836,392.889,239.438,-14.691,196.445,39.379
S-M_s01,120,54600,782.07,341.947,229.707,343.556,257.616,-14.895,170.973,43.723
S-M_s01,120,54900,1048.77,367.909,201.64,367.909,217.992,-15.42,183.955,35.08
S-M_s01,120,55200,1174.37,473.448,161.616,473.448,209.234,-30.984,236.724,40.315
S-M_s01,120,55500,1775.48,549.903,178.025,549.903,241.186,-24.447,274.951,30.972
S-M_s01,120,55800,2306.12,302.571,103.381,302.571,143.843,-8.266,151.285,13.12
S-M_s01,120,56100,2024.32,418.137,208.421,418.137,252.827,-13.609,209.068,20.656
S-M_s01,120,56400,1848.5,116.381,45.677,116.381,57.281,12.306,58.19,6.296
S-M_s01,120,56700,1342.54,157.166,77.852,157.166,88.5,2.771,78.583,11.707
S-M_s01,120,57000,1101.8,303.391,119.234,303.391,140.022,-17.086,151.695,27.536
S-M_s01,120,57300,1120.87,400.962,188.233,400.962,224.145,-36.933,200.481,35.773
S-M_s01,120,57600,1346.53,837.442,306.083,837.442,396.505,-47.561,418.721,62.193
S-M_s01,120,57900,1744.41,920.364,353.934,920.364,446.36,-38.029,460.182,52.761
S-M_s01,120,58200,1807.82,681.502,309.198,681.502,377.91,-15.101,340.751,37.698
S-M_s01,120,58500,1957.2,322.561,123.85,322.561,151.449,19.638,161.28,16.481
S-M_s01,120,58800,1718.38,372.658,174.811,372.658,210.381,-7.116,186.329,21.687
S-M_s01,120,59100,1343.36,340.032,215.238,342.541,242.384,-14.623,170.016,25.312
S-M_s01,120,59400,1243.49,387.375,159.21,387.375,190.261,-35.976,193.687,31.152
S-M_s01,120,59700,851.52,613.792,309.894,613.792,368.735,-54.022,306.896,72.082
S-M_s01,120,60000,729.61,321.161,145.471,321.161,179.717,-37.908,160.58,44.018
S-M_s01,120,60300,609.88,226.193,157.936,238.514,173.1,-30.318,113.097,37.088
S-M_s01,300,0,3611.82,671.765,338.492,671.765,393.81,-0.948,134.353,18.599
S-M_s01,300,300,4248.26,372.03,331.455,471.068,360.502,3.899,74.406,8.757
S-M_s01,300,600,4599.54,229.399,277.479,444.095,301.801,25.901,45.88,4.987
S-M_s01,300,900,4295.81,176.436,242.682,346.002,254.545,17.549,35.287,4.107
S-M_s01,300,1200,3995.94,657.018,426.382,741.364,496.138,18.305,131.404,16.442
S-M_s01,300,1500,4234.2,341.201,346.207,574.867,398.156,6.873,68.24,8.058
S-M_s01,300,1800,4793.96,680.202,263.075,680.202,319.205,25.447,136.04,14.189
S-M_s01,300,2100,4938.31,1084.493,529.829,1142.541,640.631,67.049,216.899,21.961
S-M_s01,300,2400,4817.37,1437.783,636.26,1437.783,760.337,49.778,287.557,29.846
S-M_s01,300,2700,4586.31,1237.197,525.082,1237.197,631.563,96.333,247.439,26.976
S-M_s01,300,3000,4403.91,911.339,294.797,911.339,354.583,63.603,182.268,20.694
S-M_s01,300,3300,4375.29,1696.153,435.193,1696.153,582.787,77.403,339.231,38.767
S-M_s01,300,3600,4090.93,901.909,241.138,982.9,365.801,72.566,180.382,22.047
S-M_s01,300,3900,4279.66,1166.066,375.181,1166.066,535.705,91.077,233.213,27.247
S-M_s01,300,4200,4440.61,1294.518,415.745,1294.518,518.17,78.835,258.904,29.152
S-M_s01,300,4500,4239.14,2416.638,841.923,2416.638,1107.37,92.823,483.328,57.008
S-M_s01,300,4800,3987.13,2210.375,924.183,2268.491,1187.573,101.469,442.075,55.438
S-M_s01,300,5100,4015.62,656.72,453.667,1190.266,594.734,70.341,131.344,16.354
S-M_s01,300,5400,3752.71,856.3,792.931,1685.097,951.976,74.88,171.26,22.818
S-M_s01,300,5700,3616.05,399.398,236.062,399.398,249.462,57.388,79.88,11.045
S-M_s01,300,6000,3441.01,443.895,424.253,887.281,497.815,61.216,88.779,12.9
S-M_s01,300,9300,4870.46,3422.053,1885.637,3422.053,2092.005,-174.316,684.411,70.261
S-M_s01,300,9600,5090.17,1344.048,338.156,1344.048,448.667,70.593,268.81,26.405
S-M_s01,300,9900,4800.12,1090.908,332.705,1090.908,459.986,55.674,218.182,22.727
S-M_s01,300,10200,4361.76,1174.357,387.606,1176.268,547.846,59.438,234.871,26.924
S-M_s01,300,10500,4238.56,1310.42,453.823,1310.42,601.345,62.699,262.084,30.917
S-M_s01,300,10800,3986.93,1816.167,601.715,1816.337,798.75,92.545,363.233,45.553
S-M_s01,300,11100,3589.37,986.587,455.163,1058.99,566.474,83.274,197.317,27.486
S-M_s01,300,11400,3398.11,790.523,494.627,985.687,586.305,84.544,158.105,23.264
S-M_s01,300,11700,3283.72,1045.962,456.323,1045.962,530.942,77.509,209.192,31.853
S-M_s01,300,12000,3094.15,1327.979,466.346,1327.979,568.178,79.169,265.596,42.919
S-M_s01,300,12300,2793.36,1600.422,535.478,1600.422,699.909,72.423,320.084,57.294
S-M_s01,300,12600,2318.14,1451.837,531.637,1451.837,714.753,55.522,290.367,62.63
S-M_s01,300,12900,2484.41,1838.258,685.418,1838.258,902.498,62.56,367.652,73.992
S-M_s01,300,13200,2460.84,1706.199,758.111,1749.269,965.809,52.516,341.24,69.334
S-M_s01,300,13500,2473.65,1329.494,799.279,1539.598,958.226,57.986,265.899,53.746
S-M_s01,300,13800,2470.49,516.366,405.073,736.87,470.711,48.425,103.273,20.901
S-M_s01,300,14100,2751.35,183.392,244.954,440.488,273.639,31.769,36.678,6.666
S-M_s01,300,14400,2729.1,339.448,206.665,357.216,227.977,35.035,67.89,12.438
S-M_s01,300,14700,2404.27,455.639,216.901,455.639,249.651,29.831,91.128,18.951
S-M_s01,300,15000,2274.59,427.907,181.365,427.907,211.546,6.975,85.581,18.812
S-M_s01,300,15300,2482.74,612.052,221.58,612.052,268.563,13.063,122.41,24.652
S-M_s01,300,15600,2863.59,924.076,333.776,924.076,425.67,17.598,184.815,32.27
S-M_s01,300,15900,2902.5,1090.562,482.086,1090.562,593.581,3.436,218.112,37.573
S-M_s01,300,16200,3076.52,1328.505,677.817,1328.505,787.004,-5.697,265.701,43.182
S-M_s01,300,16500,3075.51,969.09,549.934,1005.254,633.414,-22.593,193.818,31.51
S-M_s01,300,16800,3086.13,1282.375,548.848,1282.375,665.689,-43.751,256.475,41.553
S-M_s01,300,17100,3108.92,1455.742,603.553,1455.742,724.493,-46.792,291.148,46.825
S-M_s01,300,17400,2992.9,1680.058,754.03,1680.058,928.113,-52.239,336.012,56.135
S-M_s01,300,17700,3326.63,1414.626,744.77,1414.626,860.116,-54.838,282.925,42.524
S-M_s01,300,18000,3208.18,720.875,489.166,720.875,524.633,-44.509,144.175,22.47
S-M_s01,300,18300,3054.18,1205.95,600.712,1205.95,695.535,-52.881,241.19,39.485
S-M_s01,300,18600,2830.92,1670.164,781.305,1670.164,926.13,-59.43,334.033,58.997
S-M_s01,300,18900,2665.59,1226.14,594.487,1226.14,697.338,-49.923,245.228,45.999
S-M_s01,300,19200,2543.44,827.543,430.577,827.543,499.726,-38.394,165.509,32.536
S-M_s01,300,19500,2403.32,665.521,409.626,720.382,466.506,-26.178,133.104,27.692
S-M_s01,300,19800,2286.51,502.52,386.256,628.319,430.487,-25.184,100.504,21.978
S-M_s01,300,20100,2007.3,472.096,376.982,573.844,412.749,-31.686,94.419,23.519
S-M_s01,300,20400,2036.41,432.509,339.074,506.155,366.902,-51.887,86.502,21.239
S-M_s01,300,20700,1950.19,398.585,192.265,398.585,212.877,-38.773,79.717,20.438
S-M_s01,300,21000,2133.12,567.164,183.1,567.164,212.359,-32.419,113.433,26.589
S-M_s01,300,21300,2031.17,703.749,212.379,703.749,276.616,-33.275,140.75,34.647
S-M_s01,300,21600,1952.45,776.572,262.239,776.572,358.478,-46.052,155.314,39.774
S-M_s01,300,21900,2196.54,1018.92,295.589,1018.92,403.632,-53.896,203.784,46.388
S-M_s01,300,22200,2515.32,1458.309,401.527,1458.309,548.969,-48.741,291.662,57.977
S-M_s01,300,22500,2840.28,2202.23,675.902,2202.23,907.327,-52.176,440.446,77.536
S-M_s01,300,22800,2961.16,2357.687,802.729,2357.687,1072.203,-49.082,471.537,79.62
S-M_s01,300,23100,3360.84,2178.218,829.226,2178.218,1078.796,-31.475,435.644,64.812
S-M_s01,300,23400,3349.5,1484.696,709.874,1484.696,856.196,-21.692,296.939,44.326
S-M_s01,300,23700,3103.5,1530.619,826.961,1530.619,978.205,-32.271,306.124,49.319
S-M_s01,300,24000,3151.59,1625.433,844.959,1625.433,994.115,-38.888,325.087,51.575
S-M_s01,300,24300,3184.58,1640.061,832.351,1640.061,966.112,-40.904,328.012,51.5
S-M_s01,300,24600,3119.77,1055.945,469.473,1055.945,540.378,-26.956,211.189,33.847
S-M_s01,300,24900,2761.03,977.775,475.602,977.775,555.444,-21.779,195.555,35.413
S-M_s01,300,25200,2332.66,1214.209,501.457,1214.209,593.269,-27.027,242.842,52.053
S-M_s01,300,25500,1865.23,1208.131,512.565,1208.131,627.518,-39.786,241.626,64.771
S-M_s01,300,25800,1564.61,1147.6,529.194,1147.6,650.19,-51.326,229.52,73.347
S-M_s01,300,26100,1514.73,1473.623,675.449,1473.623,801.009,-54.631,294.725,97.286
S-M_s01,300,26400,1698.39,1226.009,586.289,1256.639,717.772,-40.429,245.202,72.187
S-M_s01,300,26700,2105.97,964.518,632.743,1095.293,725.213,-43.226,192.904,45.799
S-M_s01,300,27000,1869.59,830.185,642.974,966.013,700.986,-47.745,166.037,44.405
S-M_s01,300,27300,2103.03,840.569,532.252,840.569,577.433,-54.991,168.114,39.969
S-M_s01,300,27600,2173.59,860.773,475.771,860.921,516.315,-49.762,172.155,39.601
S-M_s01,300,27900,2206.09,627.645,436.75,663.839,456.598,-47.827,125.529,28.451
S-M_s01,300,28200,2373.03,646.736,344.426,701.682,419.49,-53.58,129.347,27.254
S-M_s01,300,28500,2492.44,467.055,264.774,494.134,317.823,-37.199,93.411,18.739
S-M_s01,300,28800,2642.47,102.843,128.257,187.215,137.165,-30.208,20.569,3.892
S-M_s01,300,29100,2357.32,189.579,161.875,274.791,180.921,-45.915,37.916,8.042
S-M_s01,300,29400,2251.43,459.143,248.443,459.143,286.495,-44.021,91.829,20.393
S-M_s01,300,29700,2297.32,629.665,209.2,629.665,244.406,-35.448,125.933,27.409
S-M_s01,300,30000,2320.13,471.935,163.622,471.935,208.553,-33.102,94.387,20.341
S-M_s01,300,30300,2061.97,317.087,121.469,317.087,150.274,-10.015,63.417,15.378
S-M_s01,300,30600,2218.11,626.728,161.511,626.728,214.356,-7.389,125.346,28.255
S-M_s01,300,30900,2534.17,694.047,197.282,694.047,265.466,-23.204,138.809,27.388
S-M_s01,300,31200,2303.6,510.783,226.942,515.297,271.093,-7.374,102.157,22.173
S-M_s01,300,31500,2475.59,701.056,349.318,701.056,409.246,-29.849,140.211,28.319
S-M_s01,300,31800,2565.86,784.542,371.098,801.259,455.189,-15.883,156.908,30.576
S-M_s01,300,32100,2860.55,655.195,364.915,689.664,437.27,-24.922,131.039,22.905
S-M_s01,300,32400,2875.56,727.929,458.886,789.68,541.548,-15.618,145.586,25.314
S-M_s01,300,32700,2811.7,739.232,506.329,780.795,574.088,0.521,147.846,26.291
S-M_s01,300,33000,2990.7,833.655,595.173,833.655,638.529,4.82,166.731,27.875
S-M_s01,300,33300,2940.12,889.299,618.357,904.332,649.955,0.703,177.86,30.247
S-M_s01,300,33600,2913.56,970.947,517.928,970.947,614.131,6.885,194.189,33.325
S-M_s01,300,33900,2913.18,833.569,410.746,888.729,501.441,41.343,166.714,28.614
S-M_s01,300,34200,3194.71,724.861,533.08,937.827,608.759,28.721,144.972,22.689
S-M_s01,300,34500,2989.02,615.808,523.606,930.895,591.49,43.859,123.162,20.602
S-M_s01,300,34800,2977.58,588.964,506.689,873.09,561.851,55.316,117.793,19.78
S-M_s01,300,35100,2925.92,1300.044,661.413,1300.044,730.117,74.227,260.009,44.432
S-M_s01,300,35400,2953.58,1099.644,481.194,1099.644,539.217,59.605,219.929,37.231
S-M_s01,300,35700,2892.45,1010.985,347.387,1010.985,422.547,55.888,202.197,34.952
S-M_s01,300,36000,2938.8,1365.601,436.65,1381.364,619.141,86.465,273.12,46.468
S-M_s01,300,36300,3124.4,962.173,499.965,1256.914,667.139,90.539,192.435,30.795
S-M_s01,300,36600,3073.25,899.531,501.944,1020.499,618.975,90.769,179.906,29.27
S-M_s01,300,36900,3019.74,1047.468,481.17,1047.468,557.723,90.399,209.494,34.687
S-M_s01,300,37200,2954.18,1194.55,543.5,1194.55,627.257,108.076,238.91,40.436
S-M_s01,300,37500,3087.93,1591.326,602.071,1591.326,716.881,103.319,318.265,51.534
S-M_s01,300,37800,3076.8,1291.768,622.526,1637.419,813.786,98.986,258.354,41.984
S-M_s01,300,38100,3056.68,1074.505,691.887,1615.32,863.124,107.671,214.901,35.153
S-M_s01,300,38400,3091.59,1253.033,769.848,1605.881,927.553,118.009,250.607,40.53
S-M_s01,300,38700,3087.53,1715.056,878.152,1715.056,1027.811,112.902,343.011,55.548
S-M_s01,300,39000,2933.5,1803.709,815.998,1803.709,963.109,82.679,360.742,61.487
S-M_s01,300,39300,2921.12,2057.987,850.147,2057.987,1027.142,66.387,411.597,70.452
S-M_s01,300,39600,2965.07,2068.085,882.392,2068.085,1091.234,34.375,413.617,69.748
S-M_s01,300,39900,2890.77,1757.648,885.562,1773.139,1071.066,25.033,351.53,60.802
S-M_s01,300,40200,2842.46,1388.537,795.717,1388.537,929.795,13.898,277.707,48.85
S-M_s01,300,40500,2788.97,1500.208,944.217,1504.218,1067.832,18.816,300.042,53.791
S-M_s01,300,40800,2782.82,790.18,616.505,861.286,671.313,10.485,158.036,28.395
S-M_s01,300,41100,2864.14,529.134,431.388,595.683,459.26,2.377,105.827,18.474
S-M_s01,300,41400,2960.28,572.503,297.104,572.503,320.492,2.152,114.501,19.339
S-M_s01,300,41700,3029.65,899.616,374.426,899.616,451.107,-1.016,179.923,29.694
S-M_s01,300,42000,3240.66,959.573,419.767,959.573,501.863,2.21,191.915,29.61
S-M_s01,300,42300,3262.41,966.9,428.638,966.9,521.737,9.691,193.38,29.638
S-M_s01,300,42600,3303.29,1572.364,576.644,1572.364,758.609,35.258,314.473,47.6
S-M_s01,300,42900,3328.93,1444.622,599.137,1444.704,770.176,30.222,288.924,43.396
S-M_s01,300,43200,3385.32,1503.687,699.226,1503.687,847.679,20.923,300.737,44.418
S-M_s01,300,43500,3676.86,1561.411,804.214,1561.411,929.097,20.843,312.282,42.466
S-M_s01,300,43800,3972.0,1333.421,653.825,1333.421,744.033,26.543,266.684,33.571
S-M_s01,300,44100,4115.17,1519.558,680.089,1519.558,792.933,23.314,303.912,36.926
S-M_s01,300,44400,4285.83,897.979,460.657,897.979,516.523,16.822,179.596,20.952
S-M_s01,300,44700,4266.27,796.088,393.03,796.088,439.433,33.57,159.218,18.66
S-M_s01,300,45000,4543.63,773.975,332.473,773.975,388.139,38.259,154.795,17.034
S-M_s01,300,45300,4851.83,995.512,286.245,995.512,369.989,43.314,199.102,20.518
S-M_s01,300,45600,5175.86,1474.119,344.674,1474.119,508.243,40.267,294.824,28.481
S-M_s01,300,45900,5437.3,1883.811,510.712,1883.811,736.794,59.505,376.762,34.646
S-M_s01,300,46200,5327.68,1937.432,697.888,2008.021,966.03,78.246,387.486,36.365
S-M_s01,300,46500,5213.6,2133.821,894.681,2133.821,1144.86,66.11,426.764,40.928
S-M_s01,300,46800,5115.59,2176.893,835.341,2176.893,1088.763,58.664,435.379,42.554
S-M_s01,300,47100,5051.3,2870.63,1156.984,2870.63,1441.404,67.98,574.126,56.829
S-M_s01,300,47400,4928.43,3151.679,1323.141,3151.679,1581.554,60.482,630.336,63.949
S-M_s01,300,47700,5014.48,2269.373,791.439,2269.373,1031.492,46.514,453.875,45.256
S-M_s01,300,48000,4862.59,2464.801,861.559,2464.801,1113.223,52.424,492.96,50.689
S-M_s01,300,48300,4647.2,2352.321,826.74,2352.321,1072.015,52.652,470.464,50.618
S-M_s01,300,48600,4421.59,2532.165,921.913,2532.165,1194.521,55.572,506.433,57.268
S-M_s01,300,48900,4252.71,1638.802,588.468,1638.802,753.86,46.317,327.76,38.535
S-M_s01,300,49200,4338.73,1077.087,433.685,1077.087,532.819,27.334,215.417,24.825
S-M_s01,300,49500,4176.83,1937.766,807.494,1937.766,1022.244,37.548,387.553,46.393
S-M_s01,300,49800,3953.76,1730.035,751.901,1730.035,936.337,25.225,346.007,43.757
S-M_s01,300,50100,3666.63,1603.548,760.054,1603.548,908.999,5.81,320.71,43.734
S-M_s01,300,50400,3426.1,1716.192,915.164,1718.277,1064.919,17.48,343.238,50.092
S-M_s01,300,50700,3311.07,1338.53,838.51,1397.985,947.239,19.698,267.706,40.426
S-M_s01,300,51000,2919.01,757.637,540.614,882.407,606.612,6.195,151.527,25.955
S-M_s01,300,51300,2593.58,471.818,379.626,637.197,425.332,-1.147,94.364,18.192
S-M_s01,300,51600,2484.46,437.584,344.964,561.715,377.609,-17.771,87.517,17.613
S-M_s01,300,51900,2457.1,792.53,411.864,792.53,455.262,-24.179,158.506,32.255
S-M_s01,300,52200,2500.16,811.392,364.662,811.392,408.949,-13.813,162.278,32.454
S-M_s01,300,52500,2284.09,827.273,398.539,827.273,451.373,-20.952,165.455,36.219
S-M_s01,300,52800,2125.96,736.538,377.355,736.538,432.093,-26.642,147.308,34.645
S-M_s01,300,53100,2492.51,729.912,394.579,730.078,444.099,-9.622,145.982,29.284
S-M_s01,300,53400,2690.34,970.007,402.467,970.007,466.24,-32.021,194.001,36.055
S-M_s01,300,53700,2981.75,1499.383,472.618,1499.383,608.746,-41.015,299.877,50.285
S-M_s01,300,54000,3505.08,1735.084,543.478,1735.084,718.585,-34.615,347.017,49.502
S-M_s01,300,54300,3712.85,1929.33,699.979,1929.33,912.179,-38.505,385.866,51.964
S-M_s01,300,54600,3670.93,1226.56,574.903,1226.56,689.582,-13.552,245.312,33.413
S-M_s01,300,54900,3475.98,1305.63,664.206,1305.843,806.502,-26.89,261.126,37.562
S-M_s01,300,55200,3541.92,1541.447,759.964,1541.447,932.388,-45.374,308.289,43.52
S-M_s01,300,55500,3836.0,1313.075,650.201,1313.075,775.95,-60.747,262.615,34.23
S-M_s01,300,55800,4235.4,1105.942,381.915,1105.942,481.521,-46.218,221.188,26.112
S-M_s01,300,56100,4171.61,1556.397,556.502,1556.397,681.436,-49.5,311.279,37.309
S-M_s01,300,56400,4175.37,1197.615,347.997,1197.615,505.331,-29.491,239.523,28.683
S-M_s01,300,56700,4017.72,1081.376,407.854,1101.085,554.597,-16.662,216.275,26.915
S-M_s01,300,57000,3647.66,1474.08,605.256,1474.08,780.054,-45.067,294.816,40.412
S-M_s01,300,57300,3490.65,1495.788,711.081,1495.788,864.031,-50.515,299.158,42.851
S-M_s01,300,57600,3570.36,2453.401,1128.851,2453.401,1357.079,-77.773,490.68,68.716
S-M_s01,300,57900,3526.69,2049.688,1018.059,2049.688,1195.326,-73.455,409.938,58.119
S-M_s01,300,58200,3275.47,1504.662,754.425,1504.662,874.086,-65.889,300.932,45.937
S-M_s01,300,58500,2979.67,676.046,371.56,700.342,436.487,-43.9,135.209,22.689
