dataset_id,variant,kind,group,driver_id,vehicle_id,phone_id,n_copies,canonical_path,all_paths,n_rows,n_cols,columns_raw,unmapped_columns,file_size_bytes,duplicate_canonical_cols,missing_total,missing_pct_max,cols_with_missing,duplicate_rows,inf_values,timestamp_col,date_parse_fail,wall_start,wall_end,t_monotonic,duplicate_timestamps,dt_min,dt_max,dt_mean,dt_std,dt_median,rate_hz,dt_zero,gaps_gt_0p5s,gaps_gt_2s,abnormal_dt,duration_s,has_acc,has_gyro,has_gravity,has_mag,has_orientation,has_gps,has_gps_accuracy,has_vehicle_fields,has_gps_satellites,sats_mean,gps_update_median_s,gps_update_max_s,gps_outages_gt5s,gps_fix_count,gps_hold_ratio,gps_acc_mean,gps_acc_max,lat_min,lat_max,lon_min,lon_max,lat_lon_zero_rows,speed_max_kmh,speed_mean_kmh,gyro_mag_mean,gyro_mag_std,acc_mag_mean,acc_mag_std
S-A1,S,S,a,H,VolvoXC70,BlackberryPriv,1,Unsynchronised V and S Dataset\Uncategorised IOVNB (V and S) Dataset\S-Dataset\S-A1.csv,Unsynchronised V and S Dataset\Uncategorised IOVNB (V and S) Dataset\S-Dataset\S-A1.csv,5942,24,GPS LATITUDE (degrees)|GPS LONGITUDE (degrees)|GPS ALTITUDE (m)|GPS SPEED (Kmh)|GPS ACCURACY (m)|GPS ORIENTATION (Â°)|GPS SATELLITES IN RANGE|TIME SINCE START (ms)|DATE (YYYY-MO-DD HH-MI-SS_SSS)|ACCELEROMETER X (m/s²)|ACCELEROMETER Y (m/s²)|ACCELEROMETER Z (m/s²)|GRAVITY X (m/s²)|GRAVITY Y (m/s²)|GRAVITY Z (m/s²)|GYROSCOPE Yaw (rad/s)|GYROSCOPE Pitch (rad/s)|GYROSCOPE Roll (rad/s)|MAGNETIC FIELD X (Î¼T)|MAGNETIC FIELD Y (Î¼T)|MAGNETIC FIELD Z (Î¼T)|ORIENTATION (Yaw) (Â°)|ORIENTATION (Pitch) (Â°)|ORIENTATION (Roll ) (Â°),,1072488,,11884,100.0,gps_sats_raw:5942|date_raw:5942,0,0,TIME SINCE START (ms) [+ DATE wall clock],0,2019-02-27T09:18:12.680000067,2019-02-27T10:07:43.285000086,True,0,0.427,0.606,0.500018,0.002083,0.5,2.0,0.0,1497.0,0.0,5941.0,2970.61,True,True,True,True,True,True,True,False,True,1.92,132.5005,183.999,21.0,23,0.9961,15.509,1799.999,51.94857,52.43163,-1.612928,-1.202399,0,33.39,25.108,0.06583,0.05967,9.7921,0.7104
S-A10,S,S,a,H,VolvoXC70,BlackberryPriv,1,Unsynchronised V and S Dataset\Uncategorised IOVNB (V and S) Dataset\S-Dataset\S-A10.csv,Unsynchronised V and S Dataset\Uncategorised IOVNB (V and S) Dataset\S-Dataset\S-A10.csv,8886,24,GPS LATITUDE (degrees)|GPS LONGITUDE (degrees)|GPS ALTITUDE (m)|GPS SPEED (Kmh)|GPS ACCURACY (m)|GPS ORIENTATION (Â°)|GPS SATELLITES IN RANGE|TIME SINCE START (ms)|DATE (YYYY-MO-DD HH-MI-SS_SSS)|ACCELEROMETER X (m/s²)|ACCELEROMETER Y (m/s²)|ACCELEROMETER Z (m/s²)|GRAVITY X (m/s²)|GRAVITY Y (m/s²)|GRAVITY Z (m/s²)|GYROSCOPE Yaw (rad/s)|GYROSCOPE Pitch (rad/s)|GYROSCOPE Roll (rad/s)|MAGNETIC FIELD X (Î¼T)|MAGNETIC FIELD Y (Î¼T)|MAGNETIC FIELD Z (Î¼T)|ORIENTATION (Yaw) (Â°)|ORIENTATION (Pitch) (Â°)|ORIENTATION (Roll ) (Â°),,1677197,,17772,100.0,gps_sats_raw:8886|date_raw:8886,0,0,TIME SINCE START (ms) [+ DATE wall clock],0,2019-10-03T14:22:44.803999901,2019-10-03T15:36:47.303999901,True,0,0.475,0.525,0.5,0.00087,0.5,2.0,0.0,1786.0,0.0,8885.0,4442.5,True,True,True,True,True,True,True,False,True,13.42,1.0,72.0,20.0,3954,0.555,24.372,41.935,52.42028,52.49792,-1.90678,-1.521726,0,97.27,41.748,0.07112,0.07738,9.8312,0.622
S-A11,S,S,a,H,VolvoXC70,BlackberryPriv,1,Unsynchronised V and S Dataset\Uncategorised IOVNB (V and S) Dataset\S-Dataset\S-A11.csv,Unsynchronised V and S Dataset\Uncategorised IOVNB (V and S) Dataset\S-Dataset\S-A11.csv,5155,24,GPS LATITUDE (degrees)|GPS LONGITUDE (degrees)|GPS ALTITUDE (m)|GPS SPEED (Kmh)|GPS ACCURACY (m)|GPS ORIENTATION (Â°)|GPS SATELLITES IN RANGE|TIME SINCE START (ms)|DATE (YYYY-MO-DD HH-MI-SS_SSS)|ACCELEROMETER X (m/s²)|ACCELEROMETER Y (m/s²)|ACCELEROMETER Z (m/s²)|GRAVITY X (m/s²)|GRAVITY Y (m/s²)|GRAVITY Z (m/s²)|GYROSCOPE Yaw (rad/s)|GYROSCOPE Pitch (rad/s)|GYROSCOPE Roll (rad/s)|MAGNETIC FIELD X (Î¼T)|MAGNETIC FIELD Y (Î¼T)|MAGNETIC FIELD Z (Î¼T)|ORIENTATION (Yaw) (Â°)|ORIENTATION (Pitch) (Â°)|ORIENTATION (Roll ) (Â°),,926919,,10310,100.0,gps_sats_raw:5155|date_raw:5155,0,0,TIME SINCE START (ms) [+ DATE wall clock],0,2020-03-21T10:22:54.746000051,2020-03-21T11:05:51.746000051,True,0,0.494,0.506,0.5,0.000793,0.5,2.0,0.0,1495.0,0.0,5154.0,2577.0,True,True,True,True,True,True,True,False,True,0.9,14.999,57.0,179.0,180,0.9651,18.307,49.0,52.1567,52.431664,-1.884556,-1.491086,0,31.9,19.258,0.04446,0.0959,9.7274,0.5268
S-A12,S,S,a,H,VolvoXC70,BlackberryPriv,1,Unsynchronised V and S Dataset\Uncategorised IOVNB (V and S) Dataset\S-Dataset\S-A12.csv,Unsynchronised V and S Dataset\Uncategorised IOVNB (V and S) Dataset\S-Dataset\S-A12.csv,4673,24,GPS LATITUDE (degrees)|GPS LONGITUDE (degrees)|GPS ALTITUDE (m)|GPS SPEED (Kmh)|GPS ACCURACY (m)|GPS ORIENTATION (Â°)|GPS SATELLITES IN RANGE|TIME SINCE START (ms)|DATE (YYYY-MO-DD HH-MI-SS_SSS)|ACCELEROMETER X (m/s²)|ACCELEROMETER Y (m/s²)|ACCELEROMETER Z (m/s²)|GRAVITY X (m/s²)|GRAVITY Y (m/s²)|GRAVITY Z (m/s²)|GYROSCOPE Yaw (rad/s)|GYROSCOPE Pitch (rad/s)|GYROSCOPE Roll (rad/s)|MAGNETIC FIELD X (Î¼T)|MAGNETIC FIELD Y (Î¼T)|MAGNETIC FIELD Z (Î¼T)|ORIENTATION (Yaw) (Â°)|ORIENTATION (Pitch) (Â°)|ORIENTATION (Roll ) (Â°),,830964,,9346,100.0,gps_sats_raw:4673|date_raw:4673,0,0,TIME SINCE START (ms) [+ DATE wall clock],0,2020-03-21T11:11:08.098000050,2020-03-21T11:50:04.096999884,True,0,0.489,0.51,0.5,0.000791,0.5,2.0,0.0,1268.0,0.0,4672.0,2336.0,True,True,True,True,True,True,True,False,True,8.03,15.001,36.999,154.0,155,0.9668,17.032,70.0,51.819008,52.15681,-2.224006,-1.884516,0,34.34,21.67,0.04674,0.06944,9.7105,0.5092
S-A13,S,S,a,H,VolvoXC70,BlackberryPriv,1,Unsynchronised V and S Dataset\Uncategorised IOVNB (V and S) Dataset\S-Dataset\S-A13.csv,Unsynchronised V and S Dataset\Uncategorised IOVNB (V and S) Dataset\S-Dataset\S-A13.csv,9184,24,GPS LATITUDE (degrees)|GPS LONGITUDE (degrees)|GPS ALTITUDE (m)|GPS SPEED (Kmh)|GPS ACCURACY (m)|GPS ORIENTATION (Â°)|GPS SATELLITES IN RANGE|TIME SINCE START (ms)|DATE (YYYY-MO-DD HH-MI-SS_SSS)|ACCELEROMETER X (m/s²)|ACCELEROMETER Y (m/s²)|ACCELEROMETER Z (m/s²)|GRAVITY X (m/s²)|GRAVITY Y (m/s²)|GRAVITY Z (m/s²)|GYROSCOPE Yaw (rad/s)|GYROSCOPE Pitch (rad/s)|GYROSCOPE Roll (rad/s)|MAGNETIC FIELD X (Î¼T)|MAGNETIC FIELD Y (Î¼T)|MAGNETIC FIELD Z (Î¼T)|ORIENTATION (Yaw) (Â°)|ORIENTATION (Pitch) (Â°)|ORIENTATION (Roll ) (Â°),,1654726,,18368,100.0,gps_sats_raw:9184|date_raw:9184,0,0,TIME SINCE START (ms) [+ DATE wall clock],0,2020-03-21T14:28:57.374000072,2020-03-21T15:45:28.874000072,True,0,0.466,0.534,0.5,0.000797,0.5,2.0,0.0,1311.0,0.0,9183.0,4591.5,True,True,True,True,True,True,True,False,True,7.68,15.0,277.001,272.0,273,0.9703,412.856,3638.694,50.87106,51.71715,-4.48497,-2.303545,0,31.92,17.084,0.06151,0.08952,9.763,0.6441
S-A2,S,S,a,H,VolvoXC70,BlackberryPriv,1,Unsynchronised V and S Dataset\Uncategorised IOVNB (V and S) Dataset\S-Dataset\S-A2.csv,Unsynchronised V and S Dataset\Uncategorised IOVNB (V and S) Dataset\S-Dataset\S-A2.csv,11630,24,GPS LATITUDE (degrees)|GPS LONGITUDE (degrees)|GPS ALTITUDE (m)|GPS SPEED (Kmh)|GPS ACCURACY (m)|GPS ORIENTATION (Â°)|GPS SATELLITES IN RANGE|TIME SINCE START (ms)|DATE (YYYY-MO-DD HH-MI-SS_SSS)|ACCELEROMETER X (m/s²)|ACCELEROMETER Y (m/s²)|ACCELEROMETER Z (m/s²)|GRAVITY X (m/s²)|GRAVITY Y (m/s²)|GRAVITY Z (m/s²)|GYROSCOPE Yaw (rad/s)|GYROSCOPE Pitch (rad/s)|GYROSCOPE Roll (rad/s)|MAGNETIC FIELD X (Î¼T)|MAGNETIC FIELD Y (Î¼T)|MAGNETIC FIELD Z (Î¼T)|ORIENTATION (Yaw) (Â°)|ORIENTATION (Pitch) (Â°)|ORIENTATION (Roll ) (Â°),,2114097,,23260,100.0,gps_sats_raw:11630|date_raw:11630,0,0,TIME SINCE START (ms) [+ DATE wall clock],0,2019-02-15T10:56:42.545000076,2019-02-15T12:33:37.045000076,True,0,0.477,0.523,0.5,0.000823,0.5,2.0,0.0,2124.0,0.0,11629.0,5814.5,True,True,True,True,True,True,True,False,True,7.02,177.999,187.002,36.0,38,0.9967,15.58,1299.999,51.257977,52.218723,-1.502687,-0.069686,0,125.78,106.267,0.05049,0.03504,9.8315,0.5075
S-A3,S,S,a,H,VolvoXC70,BlackberryPriv,1,Unsynchronised V and S Dataset\Uncategorised IOVNB (V and S) Dataset\S-Dataset\S-A3.csv,Unsynchronised V and S Dataset\Uncategorised IOVNB (V and S) Dataset\S-Dataset\S-A3.csv,11132,24,GPS LATITUDE (degrees)|GPS LONGITUDE (degrees)|GPS ALTITUDE (m)|GPS SPEED (Kmh)|GPS ACCURACY (m)|GPS ORIENTATION (Â°)|GPS SATELLITES IN RANGE|TIME SINCE START (ms)|DATE (YYYY-MO-DD HH-MI-SS_SSS)|ACCELEROMETER X (m/s²)|ACCELEROMETER Y (m/s²)|ACCELEROMETER Z (m/s²)|GRAVITY X (m/s²)|GRAVITY Y (m/s²)|GRAVITY Z (m/s²)|GYROSCOPE Yaw (rad/s)|GYROSCOPE Pitch (rad/s)|GYROSCOPE Roll (rad/s)|MAGNETIC FIELD X (Î¼T)|MAGNETIC FIELD Y (Î¼T)|MAGNETIC FIELD Z (Î¼T)|ORIENTATION (Yaw) (Â°)|ORIENTATION (Pitch) (Â°)|ORIENTATION (Roll ) (Â°),,2003758,,22264,100.0,gps_sats_raw:11132|date_raw:11132,0,0,TIME SINCE START (ms) [+ DATE wall clock],0,2019-02-27T10:15:51.536999941,2019-02-27T11:48:37.565000057,True,0,0.001,1.879,0.500047,0.014324,0.5,2.0,0.0,2800.0,0.0,11130.0,5566.03,True,True,True,True,True,True,True,False,True,0.0,177.999,186.001,35.0,36,0.9968,44.619,1100.0,51.161964,51.94965,-1.206313,-0.222593,0,39.49,23.485,0.07221,0.0594,9.8302,0.8143
S-A4,S,S,a,H,VolvoXC70,BlackberryPriv,1,Unsynchronised V and S Dataset\Uncategorised IOVNB (V and S) Dataset\S-Dataset\S-A4.csv,Unsynchronised V and S Dataset\Uncategorised IOVNB (V and S) Dataset\S-Dataset\S-A4.csv,32829,25,GPS LATITUDE (degrees)|GPS LONGITUDE (degrees)|GPS ALTITUDE (m)|GPS SPEED (Kmh)|GPS ACCURACY (m)|GPS ORIENTATION (Â°)|GPS SATELLITES IN RANGE|TIME SINCE START (ms)|DATE (YYYY-MO-DD HH-MI-SS_SSS)|ACCELEROMETER X (m/s²)|ACCELEROMETER Y (m/s²)|ACCELEROMETER Z (m/s²)|GRAVITY X (m/s²)|GRAVITY Y (m/s²)|GRAVITY Z (m/s²)|GYROSCOPE Yaw (rad/s)|GYROSCOPE Pitch (rad/s)|GYROSCOPE Roll (rad/s)|MAGNETIC FIELD X (Î¼T)|MAGNETIC FIELD Y (Î¼T)|MAGNETIC FIELD Z (Î¼T)|ORIENTATION (Yaw) (Â°)|ORIENTATION (Pitch) (Â°)|ORIENTATION (Roll ) (Â°)|Unnamed: 24,Unnamed: 24,5884413,,98487,100.0,gps_sats_raw:32829|t_ms:32829|acc_x:32829,0,0,TIME SINCE START (ms) [+ DATE wall clock],32829,,,False,32828,,,,,,,,,,,,False,True,True,True,True,True,True,False,False,,,,,3162,0.9037,16.245,1399.999,51.819263,52.185726,-2.223642,-1.877144,0,29.13,16.35,9.8066,0.00046,,
S-A5,S,S,a,H,VolvoXC70,BlackberryPriv,1,Unsynchronised V and S Dataset\Uncategorised IOVNB (V and S) Dataset\S-Dataset\S-A5.csv,Unsynchronised V and S Dataset\Uncategorised IOVNB (V and S) Dataset\S-Dataset\S-A5.csv,85041,24,GPS LATITUDE (degrees)|GPS LONGITUDE (degrees)|GPS ALTITUDE (m)|GPS SPEED (Kmh)|GPS ACCURACY (m)|GPS ORIENTATION (Â°)|GPS SATELLITES IN RANGE|TIME SINCE START (ms)|DATE (YYYY-MO-DD HH-MI-SS_SSS)|ACCELEROMETER X (m/s²)|ACCELEROMETER Y (m/s²)|ACCELEROMETER Z (m/s²)|GRAVITY X (m/s²)|GRAVITY Y (m/s²)|GRAVITY Z (m/s²)|GYROSCOPE Yaw (rad/s)|GYROSCOPE Pitch (rad/s)|GYROSCOPE Roll (rad/s)|MAGNETIC FIELD X (Î¼T)|MAGNETIC FIELD Y (Î¼T)|MAGNETIC FIELD Z (Î¼T)|ORIENTATION (Yaw) (Â°)|ORIENTATION (Pitch) (Â°)|ORIENTATION (Roll ) (Â°),,15172267,,170782,100.0,gps_bearing_deg:700|gps_sats_raw:85041|date_raw:85041,0,0,TIME SINCE START (ms) [+ DATE wall clock],0,2019-08-16T12:49:13.802999973,2019-08-16T15:10:58.151999950,True,0,0.003,0.561,0.100004,0.001764,0.1,10.0,0.0,1.0,0.0,2.0,8504.35,True,True,True,True,True,True,True,False,True,14.22,1.0,49.0,16.0,8148,0.9042,9.702,38.0,50.97236,51.819527,-3.218043,-2.223346,0,30.97,15.081,0.03905,0.03135,9.8204,0.5183
S-A6,S,S,a,H,VolvoXC70,BlackberryPriv,1,Unsynchronised V and S Dataset\Uncategorised IOVNB (V and S) Dataset\S-Dataset\S-A6.csv,Unsynchronised V and S Dataset\Uncategorised IOVNB (V and S) Dataset\S-Dataset\S-A6.csv,86034,24,GPS LATITUDE (degrees)|GPS LONGITUDE (degrees)|GPS ALTITUDE (m)|GPS SPEED (Kmh)|GPS ACCURACY (m)|GPS ORIENTATION (Â°)|GPS SATELLITES IN RANGE|TIME SINCE START (ms)|DATE (YYYY-MO-DD HH-MI-SS_SSS)|ACCELEROMETER X (m/s²)|ACCELEROMETER Y (m/s²)|ACCELEROMETER Z (m/s²)|GRAVITY X (m/s²)|GRAVITY Y (m/s²)|GRAVITY Z (m/s²)|GYROSCOPE Yaw (rad/s)|GYROSCOPE Pitch (rad/s)|GYROSCOPE Roll (rad/s)|MAGNETIC FIELD X (Î¼T)|MAGNETIC FIELD Y (Î¼T)|MAGNETIC FIELD Z (Î¼T)|ORIENTATION (Yaw) (Â°)|ORIENTATION (Pitch) (Â°)|ORIENTATION (Roll ) (Â°),,15372302,,173888,100.0,gps_bearing_deg:1820|gps_sats_raw:86034|date_raw:86034,4,0,TIME SINCE START (ms) [+ DATE wall clock],0,2019-08-17T07:20:29.506000042,2019-08-17T09:42:46.907999992,True,4,0.0,0.373,0.099234,0.01234,0.1,10.0,4.0,0.0,0.0,1058.0,8537.4,True,True,True,True,True,True,True,False,True,13.43,1.0,182.0,11.0,7746,0.91,117.852,3911.0,50.41365,50.98627,-5.033129,-3.19069,0,29.19,20.585,0.04743,0.03872,9.8316,0.685
S-A7,S,S,a,H,VolvoXC70,BlackberryPriv,1,Unsynchronised V and S Dataset\Uncategorised IOVNB (V and S) Dataset\S-Dataset\S-A7.csv,Unsynchronised V and S Dataset\Uncategorised IOVNB (V and S) Dataset\S-Dataset\S-A7.csv,43872,24,GPS LATITUDE (degrees)|GPS LONGITUDE (degrees)|GPS ALTITUDE (m)|GPS SPEED (Kmh)|GPS ACCURACY (m)|GPS ORIENTATION (Â°)|GPS SATELLITES IN RANGE|TIME SINCE START (ms)|DATE (YYYY-MO-DD HH-MI-SS_SSS)|ACCELEROMETER X (m/s²)|ACCELEROMETER Y (m/s²)|ACCELEROMETER Z (m/s²)|GRAVITY X (m/s²)|GRAVITY Y (m/s²)|GRAVITY Z (m/s²)|GYROSCOPE Yaw (rad/s)|GYROSCOPE Pitch (rad/s)|GYROSCOPE Roll (rad/s)|MAGNETIC FIELD X (Î¼T)|MAGNETIC FIELD Y (Î¼T)|MAGNETIC FIELD Z (Î¼T)|ORIENTATION (Yaw) (Â°)|ORIENTATION (Pitch) (Â°)|ORIENTATION (Roll ) (Â°),,7790641,,87744,100.0,gps_sats_raw:43872|date_raw:43872,0,0,TIME SINCE START (ms) [+ DATE wall clock],0,2019-08-31T08:25:31.809999943,2019-08-31T09:38:38.910000086,True,0,0.065,0.136,0.1,0.000882,0.1,10.0,0.0,0.0,0.0,0.0,4387.1,True,True,True,True,True,True,True,False,True,13.16,1.0,23.0,4.0,4321,0.9015,10.677,28.0,50.973503,51.65585,-3.217763,-2.432863,0,30.07,23.676,0.04531,0.03189,9.7798,0.691
S-A8,S,S,a,H,VolvoXC70,BlackberryPriv,1,Unsynchronised V and S Dataset\Uncategorised IOVNB (V and S) Dataset\S-Dataset\S-A8.csv,Unsynchronised V and S Dataset\Uncategorised IOVNB (V and S) Dataset\S-Dataset\S-A8.csv,66617,24,GPS LATITUDE (degrees)|GPS LONGITUDE (degrees)|GPS ALTITUDE (m)|GPS SPEED (Kmh)|GPS ACCURACY (m)|GPS ORIENTATION (Â°)|GPS SATELLITES IN RANGE|TIME SINCE START (ms)|DATE (YYYY-MO-DD HH-MI-SS_SSS)|ACCELEROMETER X (m/s²)|ACCELEROMETER Y (m/s²)|ACCELEROMETER Z (m/s²)|GRAVITY X (m/s²)|GRAVITY Y (m/s²)|GRAVITY Z (m/s²)|GYROSCOPE Yaw (rad/s)|GYROSCOPE Pitch (rad/s)|GYROSCOPE Roll (rad/s)|MAGNETIC FIELD X (Î¼T)|MAGNETIC FIELD Y (Î¼T)|MAGNETIC FIELD Z (Î¼T)|ORIENTATION (Yaw) (Â°)|ORIENTATION (Pitch) (Â°)|ORIENTATION (Roll ) (Â°),,11875802,,133234,100.0,gps_sats_raw:66617|date_raw:66617,0,0,TIME SINCE START (ms) [+ DATE wall clock],0,2019-08-31T09:50:20.119999886,2019-08-31T11:41:21.720000029,True,0,0.027,0.173,0.1,0.00097,0.1,10.0,0.0,0.0,0.0,2.0,6661.6,True,True,True,True,True,True,True,False,True,15.71,1.0,16.901,3.0,6564,0.9015,9.794,122.4,51.655445,52.491463,-2.43316,-1.406683,0,29.31,20.348,0.0555,0.04526,9.7425,0.7981
S-A9,S,S,a,H,VolvoXC70,BlackberryPriv,1,Unsynchronised V and S Dataset\Uncategorised IOVNB (V and S) Dataset\S-Dataset\S-A9.csv,Unsynchronised V and S Dataset\Uncategorised IOVNB (V and S) Dataset\S-Dataset\S-A9.csv,11962,24,GPS LATITUDE (degrees)|GPS LONGITUDE (degrees)|GPS ALTITUDE (m)|GPS SPEED (Kmh)|GPS ACCURACY (m)|GPS ORIENTATION (Â°)|GPS SATELLITES IN RANGE|TIME SINCE START (ms)|DATE (YYYY-MO-DD HH-MI-SS_SSS)|ACCELEROMETER X (m/s²)|ACCELEROMETER Y (m/s²)|ACCELEROMETER Z (m/s²)|GRAVITY X (m/s²)|GRAVITY Y (m/s²)|GRAVITY Z (m/s²)|GYROSCOPE Yaw (rad/s)|GYROSCOPE Pitch (rad/s)|GYROSCOPE Roll (rad/s)|MAGNETIC FIELD X (Î¼T)|MAGNETIC FIELD Y (Î¼T)|MAGNETIC FIELD Z (Î¼T)|ORIENTATION (Yaw) (Â°)|ORIENTATION (Pitch) (Â°)|ORIENTATION (Roll ) (Â°),,2260778,,23924,100.0,gps_sats_raw:11962|date_raw:11962,0,0,TIME SINCE START (ms) [+ DATE wall clock],0,2019-09-28T13:31:57.743000031,2019-09-28T15:11:38.242000103,True,0,0.491,0.508,0.5,0.000776,0.5,2.0,0.0,2656.0,0.0,11961.0,5980.5,True,True,True,True,True,True,True,False,True,15.65,1.0,59.5,51.0,4890,0.5912,23.212,132.258,52.43012,52.51459,-2.197581,-1.428275,0,109.76,39.557,0.05895,0.04373,9.7765,0.6589
S-I,S,S,i,G,ToyotaCorollaVerso,HuaweiP20Pro,1,Unsynchronised V and S Dataset\Uncategorised IOVNB (V and S) Dataset\S-Dataset\S-I.csv,Unsynchronised V and S Dataset\Uncategorised IOVNB (V and S) Dataset\S-Dataset\S-I.csv,5800,24,GPS LATITUDE (degrees)|GPS LONGITUDE (degrees)|GPS ALTITUDE (m)|GPS SPEED (Kmh)|GPS ACCURACY (m)|GPS ORIENTATION (Â°)|GPS SATELLITES IN RANGE|TIME SINCE START (ms)|DATE (YYYY-MO-DD HH-MI-SS_SSS)|ACCELEROMETER X (m/s²)|ACCELEROMETER Y (m/s²)|ACCELEROMETER Z (m/s²)|GRAVITY X (m/s²)|GRAVITY Y (m/s²)|GRAVITY Z (m/s²)|GYROSCOPE Yaw (rad/s)|GYROSCOPE Pitch (rad/s)|GYROSCOPE Roll (rad/s)|MAGNETIC FIELD X (Î¼T)|MAGNETIC FIELD Y (Î¼T)|MAGNETIC FIELD Z (Î¼T)|ORIENTATION (Yaw) (Â°)|ORIENTATION (Pitch) (Â°)|ORIENTATION (Roll ) (Â°),,983096,,11600,100.0,gps_sats_raw:5800|date_raw:5800,2267,0,TIME SINCE START (ms) [+ DATE wall clock],0,2019-12-26T21:19:01.704999924,2019-12-26T21:28:41.605000019,True,2288,0.0,285.379,0.1,3.747198,0.097,10.3093,2288.0,1.0,1.0,2861.0,579.9,True,True,True,True,True,True,True,False,True,15.7,,,,2,0.9997,7.652,24.0,6.442914,6.44293,3.410001,3.410285,0,0.76,0.011,0.00648,0.00324,9.8631,0.0366
S-M,S,S,m,B,FordFiestaTitanium,HuaweiP20Pro,3,Synchronised V abd S datasets\Categorised IOVNB Dataset\M (Driver B)\S-M.csv,Synchronised V abd S datasets\Categorised IOVNB Dataset\M (Driver B)\S-M.csv|Synchronised V abd S datasets\Uncategorised IOVNB Dataset\S-Dataset\S-M.csv|Unsynchronised V and S Dataset\Uncategorised IOVNB (V and S) Dataset\S-Dataset\S-M.csv,105974,24,GPS LATITUDE (degrees)|GPS LONGITUDE (degrees)|GPS ALTITUDE (m)|GPS SPEED (Kmh)|GPS ACCURACY (m)|GPS ORIENTATION (Â°)|GPS SATELLITES IN RANGE|TIME SINCE START (ms)|DATE (YYYY-MO-DD HH-MI-SS_SSS)|ACCELEROMETER X (m/s²)|ACCELEROMETER Y (m/s²)|ACCELEROMETER Z (m/s²)|GRAVITY X (m/s²)|GRAVITY Y (m/s²)|GRAVITY Z (m/s²)|GYROSCOPE Yaw (rad/s)|GYROSCOPE Pitch (rad/s)|GYROSCOPE Roll (rad/s)|MAGNETIC FIELD X (Î¼T)|MAGNETIC FIELD Y (Î¼T)|MAGNETIC FIELD Z (Î¼T)|ORIENTATION (Yaw) (Â°)|ORIENTATION (Pitch) (Â°)|ORIENTATION (Roll ) (Â°),,19798721,,211948,100.0,gps_sats_raw:105974|date_raw:105974,0,0,TIME SINCE START (ms) [+ DATE wall clock],0,2019-09-07T09:13:29.506000042,2019-09-07T12:10:09.128999949,False,0,0.008,0.107,0.058279,0.023192,0.051,19.6078,0.0,0.0,0.0,44259.0,6175.97,True,True,True,True,True,True,True,False,True,22.54,9.0,130.0,1088.0,1090,0.9897,3.183,13.618,52.357857,52.4792,-1.588746,-1.378485,0,27.02,9.966,0.11866,0.17789,10.0099,0.7175
S-S1,S,S,s,A,FordFiestaTitanium,HuaweiP20Pro,3,Synchronised V abd S datasets\Categorised IOVNB Dataset\S (Driver A)\S1\S-S1.csv,Synchronised V abd S datasets\Categorised IOVNB Dataset\S (Driver A)\S1\S-S1.csv|Synchronised V abd S datasets\Uncategorised IOVNB Dataset\S-Dataset\S-S1.csv|Unsynchronised V and S Dataset\Uncategorised IOVNB (V and S) Dataset\S-Dataset\S-S1.csv,51746,24,GPS LATITUDE (degrees)|GPS LONGITUDE (degrees)|GPS ALTITUDE (m)|GPS SPEED (Kmh)|GPS ACCURACY (m)|GPS ORIENTATION (Â°)|GPS SATELLITES IN RANGE|TIME SINCE START (ms)|DATE (YYYY-MO-DD HH-MI-SS_SSS)|ACCELEROMETER X (m/s²)|ACCELEROMETER Y (m/s²)|ACCELEROMETER Z (m/s²)|GRAVITY X (m/s²)|GRAVITY Y (m/s²)|GRAVITY Z (m/s²)|GYROSCOPE Yaw (rad/s)|GYROSCOPE Pitch (rad/s)|GYROSCOPE Roll (rad/s)|MAGNETIC FIELD X (Î¼T)|MAGNETIC FIELD Y (Î¼T)|MAGNETIC FIELD Z (Î¼T)|ORIENTATION (Yaw) (Â°)|ORIENTATION (Pitch) (Â°)|ORIENTATION (Roll ) (Â°),,9631499,,103492,100.0,gps_sats_raw:51746|date_raw:51746,0,0,TIME SINCE START (ms) [+ DATE wall clock],0,2019-09-08T10:07:49.546000004,2019-09-08T11:34:04.045000076,True,0,0.089,0.111,0.1,0.000765,0.1,10.0,0.0,0.0,0.0,0.0,5174.5,True,True,True,True,True,True,True,False,True,26.88,9.0,70.001,530.0,531,0.9897,2.879,32.0,52.398403,52.419914,-1.603373,-1.50529,0,18.82,7.431,0.13357,0.12211,9.9615,0.5199
S-S2,S,S,s,A,FordFiestaTitanium,HuaweiP20Pro,3,Synchronised V abd S datasets\Categorised IOVNB Dataset\S (Driver A)\S2\S-S2.csv,Synchronised V abd S datasets\Categorised IOVNB Dataset\S (Driver A)\S2\S-S2.csv|Synchronised V abd S datasets\Uncategorised IOVNB Dataset\S-Dataset\S-S2.csv|Unsynchronised V and S Dataset\Uncategorised IOVNB (V and S) Dataset\S-Dataset\S-S2.csv,93876,24,GPS LATITUDE (degrees)|GPS LONGITUDE (degrees)|GPS ALTITUDE (m)|GPS SPEED (Kmh)|GPS ACCURACY (m)|GPS ORIENTATION (Â°)|GPS SATELLITES IN RANGE|TIME SINCE START (ms)|DATE (YYYY-MO-DD HH-MI-SS_SSS)|ACCELEROMETER X (m/s²)|ACCELEROMETER Y (m/s²)|ACCELEROMETER Z (m/s²)|GRAVITY X (m/s²)|GRAVITY Y (m/s²)|GRAVITY Z (m/s²)|GYROSCOPE Yaw (rad/s)|GYROSCOPE Pitch (rad/s)|GYROSCOPE Roll (rad/s)|MAGNETIC FIELD X (Î¼T)|MAGNETIC FIELD Y (Î¼T)|MAGNETIC FIELD Z (Î¼T)|ORIENTATION (Yaw) (Â°)|ORIENTATION (Pitch) (Â°)|ORIENTATION (Roll ) (Â°),,17469302,,187752,100.0,gps_sats_raw:93876|date_raw:93876,0,0,TIME SINCE START (ms) [+ DATE wall clock],0,2019-09-08T12:03:51.740999937,2019-09-08T14:40:20.348999977,False,291,0.0,0.112,0.098014,0.013818,0.1,10.0,291.0,0.0,0.0,1864.0,9201.1,True,True,True,True,True,True,True,False,True,25.5,9.0,146.0,938.0,940,0.99,3.017,8.0,52.39031,52.558796,-1.597006,-1.363227,0,28.6,8.087,0.16433,0.17251,9.9926,0.6699
S-S3a,S,S,s,A,FordFiestaTitanium,HuaweiP20Pro,3,Synchronised V abd S datasets\Categorised IOVNB Dataset\S (Driver A)\S3a\S-S3a.csv,Synchronised V abd S datasets\Categorised IOVNB Dataset\S (Driver A)\S3a\S-S3a.csv|Synchronised V abd S datasets\Uncategorised IOVNB Dataset\S-Dataset\S-S3a.csv|Unsynchronised V and S Dataset\Uncategorised IOVNB (V and S) Dataset\S-Dataset\S-S3a.csv,24621,24,GPS LATITUDE (degrees)|GPS LONGITUDE (degrees)|GPS ALTITUDE (m)|GPS SPEED (Kmh)|GPS ACCURACY (m)|GPS ORIENTATION (Â°)|GPS SATELLITES IN RANGE|TIME SINCE START (ms)|DATE (YYYY-MO-DD HH-MI-SS_SSS)|ACCELEROMETER X (m/s²)|ACCELEROMETER Y (m/s²)|ACCELEROMETER Z (m/s²)|GRAVITY X (m/s²)|GRAVITY Y (m/s²)|GRAVITY Z (m/s²)|GYROSCOPE Yaw (rad/s)|GYROSCOPE Pitch (rad/s)|GYROSCOPE Roll (rad/s)|MAGNETIC FIELD X (Î¼T)|MAGNETIC FIELD Y (Î¼T)|MAGNETIC FIELD Z (Î¼T)|ORIENTATION (Yaw) (Â°)|ORIENTATION (Pitch) (Â°)|ORIENTATION (Roll ) (Â°),,4580130,,49242,100.0,gps_sats_raw:24621|date_raw:24621,0,0,TIME SINCE START (ms) [+ DATE wall clock],0,2019-09-04T19:21:51.493999958,2019-09-04T20:02:53.493999958,True,0,0.087,0.112,0.1,0.000783,0.1,10.0,0.0,0.0,0.0,0.0,2462.0,True,True,True,True,True,True,True,False,True,16.57,9.0,65.0,252.0,253,0.9897,3.615,8.0,52.36264,52.40768,-1.500284,-1.22892,0,26.83,10.613,0.08893,0.10847,9.9244,0.5394
S-S3b,S,S,s,A,FordFiestaTitanium,HuaweiP20Pro,3,Synchronised V abd S datasets\Categorised IOVNB Dataset\S (Driver A)\S3b\S-S3b.csv,Synchronised V abd S datasets\Categorised IOVNB Dataset\S (Driver A)\S3b\S-S3b.csv|Synchronised V abd S datasets\Uncategorised IOVNB Dataset\S-Dataset\S-S3b.csv|Unsynchronised V and S Dataset\Uncategorised IOVNB (V and S) Dataset\S-Dataset\S-S3b.csv,6813,24,GPS LATITUDE (degrees)|GPS LONGITUDE (degrees)|GPS ALTITUDE (m)|GPS SPEED (Kmh)|GPS ACCURACY (m)|GPS ORIENTATION (Â°)|GPS SATELLITES IN RANGE|TIME SINCE START (ms)|DATE (YYYY-MO-DD HH-MI-SS_SSS)|ACCELEROMETER X (m/s²)|ACCELEROMETER Y (m/s²)|ACCELEROMETER Z (m/s²)|GRAVITY X (m/s²)|GRAVITY Y (m/s²)|GRAVITY Z (m/s²)|GYROSCOPE Yaw (rad/s)|GYROSCOPE Pitch (rad/s)|GYROSCOPE Roll (rad/s)|MAGNETIC FIELD X (Î¼T)|MAGNETIC FIELD Y (Î¼T)|MAGNETIC FIELD Z (Î¼T)|ORIENTATION (Yaw) (Â°)|ORIENTATION (Pitch) (Â°)|ORIENTATION (Roll ) (Â°),,1253565,,13626,100.0,gps_sats_raw:6813|date_raw:6813,0,0,TIME SINCE START (ms) [+ DATE wall clock],0,2019-09-04T20:03:03.493000031,2019-09-04T20:14:29.020999908,False,0,0.095,2026.412,0.397462,24.550989,0.1,10.0,0.0,1.0,1.0,1.0,2707.51,True,True,True,True,True,True,True,False,True,17.9,9.0,11.001,71.0,73,0.9893,3.619,6.0,52.369633,52.37938,-1.261814,-1.252101,0,12.54,5.799,0.14965,0.42995,9.9625,0.9736
S-S3c,S,S,s,A,FordFiestaTitanium,HuaweiP20Pro,3,Synchronised V abd S datasets\Categorised IOVNB Dataset\S (Driver A)\S3c\S-S3c.csv,Synchronised V abd S datasets\Categorised IOVNB Dataset\S (Driver A)\S3c\S-S3c.csv|Synchronised V abd S datasets\Uncategorised IOVNB Dataset\S-Dataset\S-S3c.csv|Unsynchronised V and S Dataset\Uncategorised IOVNB (V and S) Dataset\S-Dataset\S-S3c.csv,37183,24,GPS LATITUDE (degrees)|GPS LONGITUDE (degrees)|GPS ALTITUDE (m)|GPS SPEED (Kmh)|GPS ACCURACY (m)|GPS ORIENTATION (Â°)|GPS SATELLITES IN RANGE|TIME SINCE START (ms)|DATE (YYYY-MO-DD HH-MI-SS_SSS)|ACCELEROMETER X (m/s²)|ACCELEROMETER Y (m/s²)|ACCELEROMETER Z (m/s²)|GRAVITY X (m/s²)|GRAVITY Y (m/s²)|GRAVITY Z (m/s²)|GYROSCOPE Yaw (rad/s)|GYROSCOPE Pitch (rad/s)|GYROSCOPE Roll (rad/s)|MAGNETIC FIELD X (Î¼T)|MAGNETIC FIELD Y (Î¼T)|MAGNETIC FIELD Z (Î¼T)|ORIENTATION (Yaw) (Â°)|ORIENTATION (Pitch) (Â°)|ORIENTATION (Roll ) (Â°),,6881631,,74366,100.0,gps_sats_raw:37183|date_raw:37183,0,0,TIME SINCE START (ms) [+ DATE wall clock],0,2019-09-04T20:14:28.520999907,2019-09-04T21:16:26.720000029,True,0,0.082,0.121,0.1,0.000855,0.1,10.0,0.0,0.0,0.0,0.0,3718.2,True,True,True,True,True,True,True,False,True,19.27,9.0,60.001,389.0,390,0.9895,4.285,24.0,52.37938,52.437267,-1.519662,-1.236601,0,32.3,11.809,0.07596,0.09646,9.9243,0.4548
S-S4,S,S,s,A,FordFiestaTitanium,HuaweiP20Pro,3,Synchronised V abd S datasets\Categorised IOVNB Dataset\S (Driver A)\S4\S-S4.csv,Synchronised V abd S datasets\Categorised IOVNB Dataset\S (Driver A)\S4\S-S4.csv|Synchronised V abd S datasets\Uncategorised IOVNB Dataset\S-Dataset\S-S4.csv|Unsynchronised V and S Dataset\Uncategorised IOVNB (V and S) Dataset\S-Dataset\S-S4.csv,94600,24,GPS LATITUDE (degrees)|GPS LONGITUDE (degrees)|GPS ALTITUDE (m)|GPS SPEED (Kmh)|GPS ACCURACY (m)|GPS ORIENTATION (Â°)|GPS SATELLITES IN RANGE|TIME SINCE START (ms)|DATE (YYYY-MO-DD HH-MI-SS_SSS)|ACCELEROMETER X (m/s²)|ACCELEROMETER Y (m/s²)|ACCELEROMETER Z (m/s²)|GRAVITY X (m/s²)|GRAVITY Y (m/s²)|GRAVITY Z (m/s²)|GYROSCOPE Yaw (rad/s)|GYROSCOPE Pitch (rad/s)|GYROSCOPE Roll (rad/s)|MAGNETIC FIELD X (Î¼T)|MAGNETIC FIELD Y (Î¼T)|MAGNETIC FIELD Z (Î¼T)|ORIENTATION (Yaw) (Â°)|ORIENTATION (Pitch) (Â°)|ORIENTATION (Roll ) (Â°),,17574514,,189200,100.0,gps_sats_raw:94600|date_raw:94600,0,0,TIME SINCE START (ms) [+ DATE wall clock],0,2019-09-06T18:16:15.111000061,2019-09-06T20:59:08.216000080,False,1799,0.0,0.114,0.058965,0.035682,0.08,12.5,1799.0,0.0,0.0,38819.0,5578.0,True,True,True,True,True,True,True,False,True,19.8,9.0,332.0,928.0,931,0.9902,3.144,24.0,52.370026,52.43819,-1.590086,-1.430474,0,29.35,9.874,0.12664,0.14505,9.9574,0.5663
S-T1,S,S,t,F,RenaultMegane,MotorolaMotoG7Power,1,Unsynchronised V and S Dataset\Uncategorised IOVNB (V and S) Dataset\S-Dataset\S-T1.csv,Unsynchronised V and S Dataset\Uncategorised IOVNB (V and S) Dataset\S-Dataset\S-T1.csv,25759,18,GPS LATITUDE (degrees)|GPS LONGITUDE (degrees)|GPS ALTITUDE (m)|GPS SPEED (Kmh)|GPS ACCURACY (m)|GPS ORIENTATION (Â°)|SATELLITES IN RANGE|TIME SINCE START (ms)|DATE (YYYY-MO-DD HH-MI-SS_SSS)|ACCELEROMETER X (m/s²)|ACCELEROMETER Y (m/s²)|ACCELEROMETER Z (m/s²)|GRAVITY X (m/s²)|GRAVITY Y (m/s²)|GRAVITY Z (m/s²)|GYROSCOPE Yaw (rad/s)|GYROSCOPE Pitch (rad/s)|GYROSCOPE Roll (rad/s),,3801675,,51518,100.0,gps_sats_raw:25759|date_raw:25759,10319,0,TIME SINCE START (ms) [+ DATE wall clock],0,2019-08-08T09:14:27.555999994,2019-08-08T09:26:45.934999943,True,10362,0.0,0.452,0.028666,0.062897,0.001,1000.0,10362.0,0.0,0.0,20290.0,738.38,True,True,True,False,False,True,True,False,True,12.99,1.487,17.998,48.0,242,0.9906,5.626,16.08,45.93137,46.430916,-0.548924,-0.29926,0,38.46,29.617,0.04319,0.04226,9.7314,0.369
S-T10,S,S,t,F,RenaultMegane,MotorolaMotoG7Power,1,Unsynchronised V and S Dataset\Uncategorised IOVNB (V and S) Dataset\S-Dataset\S-T10.csv,Unsynchronised V and S Dataset\Uncategorised IOVNB (V and S) Dataset\S-Dataset\S-T10.csv,6699,24,GPS LATITUDE (degrees)|GPS LONGITUDE (degrees)|GPS ALTITUDE (m)|GPS SPEED (Kmh)|GPS ACCURACY (m)|GPS ORIENTATION (Â°)|GPS SATELLITES IN RANGE|TIME SINCE START (ms)|DATE (YYYY-MO-DD HH-MI-SS_SSS)|ACCELEROMETER X (m/s²)|ACCELEROMETER Y (m/s²)|ACCELEROMETER Z (m/s²)|GRAVITY X (m/s²)|GRAVITY Y (m/s²)|GRAVITY Z (m/s²)|GYROSCOPE Yaw (rad/s)|GYROSCOPE Pitch (rad/s)|GYROSCOPE Roll (rad/s)|MAGNETIC FIELD X (Î¼T)|MAGNETIC FIELD Y (Î¼T)|MAGNETIC FIELD Z (Î¼T)|ORIENTATION (Yaw) (Â°)|ORIENTATION (Pitch) (Â°)|ORIENTATION (Roll ) (Â°),,1221658,,13398,100.0,gps_sats_raw:6699|date_raw:6699,0,0,TIME SINCE START (ms) [+ DATE wall clock],0,2020-01-04T11:37:56.270999908,2020-01-04T11:49:06.071000099,True,0,0.071,0.128,0.1,0.000948,0.1,10.0,0.0,0.0,0.0,0.0,669.8,True,True,True,True,True,True,True,False,True,13.57,9.001,40.999,55.0,56,0.9916,7.896,32.0,48.874504,48.901104,2.279519,2.340227,0,19.1,9.905,0.04382,0.05669,9.9002,1.1906
S-T11,S,S,t,F,RenaultMegane,MotorolaMotoG7Power,1,Unsynchronised V and S Dataset\Uncategorised IOVNB (V and S) Dataset\S-Dataset\S-T11.csv,Unsynchronised V and S Dataset\Uncategorised IOVNB (V and S) Dataset\S-Dataset\S-T11.csv,5690,24,GPS LATITUDE (degrees)|GPS LONGITUDE (degrees)|GPS ALTITUDE (m)|GPS SPEED (Kmh)|GPS ACCURACY (m)|GPS ORIENTATION (Â°)|GPS SATELLITES IN RANGE|TIME SINCE START (ms)|DATE (YYYY-MO-DD HH-MI-SS_SSS)|ACCELEROMETER X (m/s²)|ACCELEROMETER Y (m/s²)|ACCELEROMETER Z (m/s²)|GRAVITY X (m/s²)|GRAVITY Y (m/s²)|GRAVITY Z (m/s²)|GYROSCOPE Yaw (rad/s)|GYROSCOPE Pitch (rad/s)|GYROSCOPE Roll (rad/s)|MAGNETIC FIELD X (Î¼T)|MAGNETIC FIELD Y (Î¼T)|MAGNETIC FIELD Z (Î¼T)|ORIENTATION (Yaw) (Â°)|ORIENTATION (Pitch) (Â°)|ORIENTATION (Roll ) (Â°),,1030228,,11380,100.0,gps_sats_raw:5690|date_raw:5690,0,0,TIME SINCE START (ms) [+ DATE wall clock],0,2020-01-04T11:52:51.334000111,2020-01-04T12:02:20.234999895,True,0,0.086,0.114,0.1,0.000883,0.1,10.0,0.0,0.0,0.0,0.0,568.9,True,True,True,True,True,True,True,False,True,15.16,9.0,55.001,45.0,46,0.9919,11.899,48.0,48.859264,48.865894,2.299594,2.322507,0,12.68,4.261,0.05754,0.07516,9.9133,1.312
S-T2,S,S,t,F,RenaultMegane,MotorolaMotoG7Power,1,Unsynchronised V and S Dataset\Uncategorised IOVNB (V and S) Dataset\S-Dataset\S-T2.csv,Unsynchronised V and S Dataset\Uncategorised IOVNB (V and S) Dataset\S-Dataset\S-T2.csv,75555,18,GPS LATITUDE (degrees)|GPS LONGITUDE (degrees)|GPS ALTITUDE (m)|GPS SPEED (Kmh)|GPS ACCURACY (m)|GPS ORIENTATION (Â°)|SATELLITES IN RANGE|TIME SINCE START (ms)|DATE (YYYY-MO-DD HH-MI-SS_SSS)|ACCELEROMETER X (m/s²)|ACCELEROMETER Y (m/s²)|ACCELEROMETER Z (m/s²)|GRAVITY X (m/s²)|GRAVITY Y (m/s²)|GRAVITY Z (m/s²)|GYROSCOPE Yaw (rad/s)|GYROSCOPE Pitch (rad/s)|GYROSCOPE Roll (rad/s),,11342719,,151110,100.0,gps_sats_raw:75555|date_raw:75555,2,0,TIME SINCE START (ms) [+ DATE wall clock],0,2019-08-09T20:14:08.747999907,2019-08-09T22:20:03.693000078,True,2,0.0,0.115,0.099994,0.001014,0.1,10.0,2.0,0.0,0.0,5.0,7554.94,True,True,True,False,False,True,True,False,True,15.98,9.0,411.1,778.0,779,0.9897,4.725,30.0,46.39089,47.37175,-2.208136,-0.506712,0,39.32,26.71,0.03494,0.03969,9.8064,0.4311
S-T3,S,S,t,F,RenaultMegane,MotorolaMotoG7Power,1,Unsynchronised V and S Dataset\Uncategorised IOVNB (V and S) Dataset\S-Dataset\S-T3.csv,Unsynchronised V and S Dataset\Uncategorised IOVNB (V and S) Dataset\S-Dataset\S-T3.csv,65859,18,GPS LATITUDE (degrees)|GPS LONGITUDE (degrees)|GPS ALTITUDE (m)|GPS SPEED (Kmh)|GPS ACCURACY (m)|GPS ORIENTATION (Â°)|SATELLITES IN RANGE|TIME SINCE START (ms)|DATE (YYYY-MO-DD HH-MI-SS_SSS)|ACCELEROMETER X (m/s²)|ACCELEROMETER Y (m/s²)|ACCELEROMETER Z (m/s²)|GRAVITY X (m/s²)|GRAVITY Y (m/s²)|GRAVITY Z (m/s²)|GYROSCOPE Yaw (rad/s)|GYROSCOPE Pitch (rad/s)|GYROSCOPE Roll (rad/s),,9838523,,131718,100.0,gps_sats_raw:65859|date_raw:65859,678,0,TIME SINCE START (ms) [+ DATE wall clock],0,2019-08-09T22:35:17.237999916,2019-08-10T00:23:06.479000092,True,678,0.0,0.437,0.09823,0.015551,0.1,10.0,678.0,0.0,0.0,1352.0,6469.24,True,True,True,False,False,True,True,False,True,14.17,9.0,19.0,704.0,717,0.9891,3.389,7.504,45.624,46.429844,-0.551489,0.227603,0,37.77,23.036,0.05145,0.06241,9.8048,0.4673
S-T4,S,S,t,F,RenaultMegane,MotorolaMotoG7Power,1,Unsynchronised V and S Dataset\Uncategorised IOVNB (V and S) Dataset\S-Dataset\S-T4.csv,Unsynchronised V and S Dataset\Uncategorised IOVNB (V and S) Dataset\S-Dataset\S-T4.csv,73482,18,GPS LATITUDE (degrees)|GPS LONGITUDE (degrees)|GPS ALTITUDE (m)|GPS SPEED (Kmh)|GPS ACCURACY (m)|GPS ORIENTATION (Â°)|SATELLITES IN RANGE|TIME SINCE START (ms)|DATE (YYYY-MO-DD HH-MI-SS_SSS)|ACCELEROMETER X (m/s²)|ACCELEROMETER Y (m/s²)|ACCELEROMETER Z (m/s²)|GRAVITY X (m/s²)|GRAVITY Y (m/s²)|GRAVITY Z (m/s²)|GYROSCOPE Yaw (rad/s)|GYROSCOPE Pitch (rad/s)|GYROSCOPE Roll (rad/s),,11029809,,146964,100.0,gps_sats_raw:73482|date_raw:73482,20841,0,TIME SINCE START (ms) [+ DATE wall clock],0,2019-08-12T10:24:42.516000032,2019-08-12T11:24:22.752000093,True,20914,0.0,1.582,0.048723,0.072875,0.001,1000.0,20914.0,2.0,0.0,45500.0,3580.24,True,True,True,False,False,True,True,False,True,2.54,5.3135,25.472,343.0,645,0.9912,10.428,39.664,45.623695,46.43135,-0.548824,0.227605,0,36.6,20.654,0.03644,0.064,9.849,0.4068
S-T5,S,S,t,F,RenaultMegane,MotorolaMotoG7Power,1,Unsynchronised V and S Dataset\Uncategorised IOVNB (V and S) Dataset\S-Dataset\S-T5.csv,Unsynchronised V and S Dataset\Uncategorised IOVNB (V and S) Dataset\S-Dataset\S-T5.csv,46387,18,GPS LATITUDE (degrees)|GPS LONGITUDE (degrees)|GPS ALTITUDE (m)|GPS SPEED (Kmh)|GPS ACCURACY (m)|GPS ORIENTATION (Â°)|SATELLITES IN RANGE|TIME SINCE START (ms)|DATE (YYYY-MO-DD HH-MI-SS_SSS)|ACCELEROMETER X (m/s²)|ACCELEROMETER Y (m/s²)|ACCELEROMETER Z (m/s²)|GRAVITY X (m/s²)|GRAVITY Y (m/s²)|GRAVITY Z (m/s²)|GYROSCOPE Yaw (rad/s)|GYROSCOPE Pitch (rad/s)|GYROSCOPE Roll (rad/s),,7021030,,92774,100.0,gps_sats_raw:46387|date_raw:46387,14200,0,TIME SINCE START (ms) [+ DATE wall clock],0,2019-08-12T13:19:45.463999987,2019-08-12T13:53:42.456000090,True,14249,0.0,0.455,0.043914,0.073689,0.001,1000.0,14249.0,0.0,0.0,32035.0,2036.99,True,True,True,False,False,True,True,False,True,1.64,3.82,17.999,166.0,414,0.9911,15.714,47.168,46.391026,47.180054,-1.514612,-0.504429,0,38.41,29.472,0.01845,0.03669,9.876,0.3559
S-T6,S,S,t,F,RenaultMegane,MotorolaMotoG7Power,1,Unsynchronised V and S Dataset\Uncategorised IOVNB (V and S) Dataset\S-Dataset\S-T6.csv,Unsynchronised V and S Dataset\Uncategorised IOVNB (V and S) Dataset\S-Dataset\S-T6.csv,86440,18,GPS LATITUDE (degrees)|GPS LONGITUDE (degrees)|GPS ALTITUDE (m)|GPS SPEED (Kmh)|GPS ACCURACY (m)|GPS ORIENTATION (Â°)|SATELLITES IN RANGE|TIME SINCE START (ms)|DATE (YYYY-MO-DD HH-MI-SS_SSS)|ACCELEROMETER X (m/s²)|ACCELEROMETER Y (m/s²)|ACCELEROMETER Z (m/s²)|GRAVITY X (m/s²)|GRAVITY Y (m/s²)|GRAVITY Z (m/s²)|GYROSCOPE Yaw (rad/s)|GYROSCOPE Pitch (rad/s)|GYROSCOPE Roll (rad/s),,12912624,,172880,100.0,gps_sats_raw:86440|date_raw:86440,34593,0,TIME SINCE START (ms) [+ DATE wall clock],0,2019-08-12T16:32:40.456000090,2019-08-12T17:14:31.312999964,True,34722,0.0,3.45,0.029048,0.075278,0.001,1000.0,34722.0,1.0,1.0,73556.0,2510.86,True,True,True,False,False,True,True,False,True,2.88,2.5735,18.001,123.0,749,0.9913,15.676,52.528,47.178062,48.506832,-2.716249,-1.468989,0,35.1,24.651,0.03047,0.05881,9.914,0.4809
S-T7,S,S,t,F,RenaultMegane,MotorolaMotoG7Power,1,Unsynchronised V and S Dataset\Uncategorised IOVNB (V and S) Dataset\S-Dataset\S-T7.csv,Unsynchronised V and S Dataset\Uncategorised IOVNB (V and S) Dataset\S-Dataset\S-T7.csv,101690,18,GPS LATITUDE (degrees)|GPS LONGITUDE (degrees)|GPS ALTITUDE (m)|GPS SPEED (Kmh)|GPS ACCURACY (m)|GPS ORIENTATION (Â°)|SATELLITES IN RANGE|TIME SINCE START (ms)|DATE (YYYY-MO-DD HH-MI-SS_SSS)|ACCELEROMETER X (m/s²)|ACCELEROMETER Y (m/s²)|ACCELEROMETER Z (m/s²)|GRAVITY X (m/s²)|GRAVITY Y (m/s²)|GRAVITY Z (m/s²)|GYROSCOPE Yaw (rad/s)|GYROSCOPE Pitch (rad/s)|GYROSCOPE Roll (rad/s),,15381654,,203380,100.0,gps_sats_raw:101690|date_raw:101690,0,0,TIME SINCE START (ms) [+ DATE wall clock],0,2019-08-18T15:13:42.548000097,2019-08-18T18:03:12.634000063,True,0,0.09,0.832,0.100012,0.002775,0.1,10.0,0.0,2.0,0.0,2.0,10170.09,True,True,True,False,False,True,True,False,True,15.25,9.0,370.799,1076.0,1077,0.9894,6.453,56.1,47.111225,48.500225,-2.724947,-1.589348,0,33.27,24.322,0.02386,0.06293,9.8914,0.3952
S-T8,S,S,t,F,RenaultMegane,MotorolaMotoG7Power,1,Unsynchronised V and S Dataset\Uncategorised IOVNB (V and S) Dataset\S-Dataset\S-T8.csv,Unsynchronised V and S Dataset\Uncategorised IOVNB (V and S) Dataset\S-Dataset\S-T8.csv,48344,18,GPS LATITUDE (degrees)|GPS LONGITUDE (degrees)|GPS ALTITUDE (m)|GPS SPEED (Kmh)|GPS ACCURACY (m)|GPS ORIENTATION (Â°)|SATELLITES IN RANGE|TIME SINCE START (ms)|DATE (YYYY-MO-DD HH-MI-SS_SSS)|ACCELEROMETER X (m/s²)|ACCELEROMETER Y (m/s²)|ACCELEROMETER Z (m/s²)|GRAVITY X (m/s²)|GRAVITY Y (m/s²)|GRAVITY Z (m/s²)|GYROSCOPE Yaw (rad/s)|GYROSCOPE Pitch (rad/s)|GYROSCOPE Roll (rad/s),,7229081,,96688,100.0,gps_sats_raw:48344|date_raw:48344,2,0,TIME SINCE START (ms) [+ DATE wall clock],0,2019-08-18T20:51:09.125999928,2019-08-18T22:11:42.931999922,True,2,0.0,0.71,0.09999,0.003232,0.1,10.0,2.0,1.0,0.0,12.0,4833.81,True,True,True,False,False,True,True,False,True,6.85,9.0,19.001,471.0,472,0.9902,12.981,38.592,46.57315,47.200417,-2.075957,-1.115348,0,38.1,25.88,0.02806,0.04723,9.8508,0.3925
S-T9,S,S,t,F,RenaultMegane,MotorolaMotoG7Power,1,Unsynchronised V and S Dataset\Uncategorised IOVNB (V and S) Dataset\S-Dataset\S-T9.csv,Unsynchronised V and S Dataset\Uncategorised IOVNB (V and S) Dataset\S-Dataset\S-T9.csv,79909,18,GPS LATITUDE (degrees)|GPS LONGITUDE (degrees)|GPS ALTITUDE (m)|GPS SPEED (Kmh)|GPS ACCURACY (m)|GPS ORIENTATION (Â°)|SATELLITES IN RANGE|TIME SINCE START (ms)|DATE (YYYY-MO-DD HH-MI-SS_SSS)|ACCELEROMETER X (m/s²)|ACCELEROMETER Y (m/s²)|ACCELEROMETER Z (m/s²)|GRAVITY X (m/s²)|GRAVITY Y (m/s²)|GRAVITY Z (m/s²)|GYROSCOPE Yaw (rad/s)|GYROSCOPE Pitch (rad/s)|GYROSCOPE Roll (rad/s),,11946986,,159818,100.0,gps_sats_raw:79909|date_raw:79909,0,0,TIME SINCE START (ms) [+ DATE wall clock],0,2019-08-18T22:19:49.562000036,2019-08-19T00:33:00.279000044,True,0,0.016,0.108,0.099999,0.000773,0.1,10.0,0.0,0.0,0.0,1.0,7990.72,True,True,True,False,False,True,True,False,True,2.82,9.0,19.0,736.0,737,0.9908,9.717,21.44,45.623993,46.573257,-1.116153,0.227525,0,38.46,25.729,0.0349,0.12334,9.812,0.4023
S-Vfa01,S,S,vfa,E,FordFiestaTitanium,HuaweiP20Pro,3,Synchronised V abd S datasets\Categorised IOVNB Dataset\Vf (Driver E)\V-Vfa01\S-Vfa01.csv,Synchronised V abd S datasets\Categorised IOVNB Dataset\Vf (Driver E)\V-Vfa01\S-Vfa01.csv|Synchronised V abd S datasets\Uncategorised IOVNB Dataset\S-Dataset\S-Vfa01.csv|Unsynchronised V and S Dataset\Uncategorised IOVNB (V and S) Dataset\S-Dataset\S-Vfa01.csv,11486,24,GPS LATITUDE (degrees)|GPS LONGITUDE (degrees)|GPS ALTITUDE (m)|GPS SPEED (Kmh)|GPS ACCURACY (m)|GPS ORIENTATION (Â°)|GPS SATELLITES IN RANGE|TIME SINCE START (ms)|DATE (YYYY-MO-DD HH-MI-SS_SSS)|ACCELEROMETER X (m/s²)|ACCELEROMETER Y (m/s²)|ACCELEROMETER Z (m/s²)|GRAVITY X (m/s²)|GRAVITY Y (m/s²)|GRAVITY Z (m/s²)|GYROSCOPE Yaw (rad/s)|GYROSCOPE Pitch (rad/s)|GYROSCOPE Roll (rad/s)|MAGNETIC FIELD X (Î¼T)|MAGNETIC FIELD Y (Î¼T)|MAGNETIC FIELD Z (Î¼T)|ORIENTATION (Yaw) (Â°)|ORIENTATION (Pitch) (Â°)|ORIENTATION (Roll ) (Â°),,2134667,,22972,100.0,gps_sats_raw:11486|date_raw:11486,0,0,TIME SINCE START (ms) [+ DATE wall clock],0,2019-11-08T09:20:26.236000061,2019-11-08T09:39:34.736000061,True,0,0.086,0.113,0.1,0.000848,0.1,10.0,0.0,0.0,0.0,0.0,1148.5,True,True,True,True,True,True,True,False,True,23.11,9.0,34.0,121.0,122,0.9894,4.363,8.0,52.5595,52.709675,-1.511948,-1.473887,0,26.84,16.419,0.25773,0.21856,10.2336,1.0215
S-Vfa02,S,S,vfa,E,FordFiestaTitanium,HuaweiP20Pro,3,Synchronised V abd S datasets\Categorised IOVNB Dataset\Vf (Driver E)\V-Vfa02\S-Vfa02.csv,Synchronised V abd S datasets\Categorised IOVNB Dataset\Vf (Driver E)\V-Vfa02\S-Vfa02.csv|Synchronised V abd S datasets\Uncategorised IOVNB Dataset\S-Dataset\S-Vfa02.csv|Unsynchronised V and S Dataset\Uncategorised IOVNB (V and S) Dataset\S-Dataset\S-Vfa02.csv,67523,24,GPS LATITUDE (degrees)|GPS LONGITUDE (degrees)|GPS ALTITUDE (m)|GPS SPEED (Kmh)|GPS ACCURACY (m)|GPS ORIENTATION (Â°)|GPS SATELLITES IN RANGE|TIME SINCE START (ms)|DATE (YYYY-MO-DD HH-MI-SS_SSS)|ACCELEROMETER X (m/s²)|ACCELEROMETER Y (m/s²)|ACCELEROMETER Z (m/s²)|GRAVITY X (m/s²)|GRAVITY Y (m/s²)|GRAVITY Z (m/s²)|GYROSCOPE Yaw (rad/s)|GYROSCOPE Pitch (rad/s)|GYROSCOPE Roll (rad/s)|MAGNETIC FIELD X (Î¼T)|MAGNETIC FIELD Y (Î¼T)|MAGNETIC FIELD Z (Î¼T)|ORIENTATION (Yaw) (Â°)|ORIENTATION (Pitch) (Â°)|ORIENTATION (Roll ) (Â°),,12603657,,135046,100.0,gps_sats_raw:67523|date_raw:67523,0,0,TIME SINCE START (ms) [+ DATE wall clock],0,2019-11-08T09:57:17.648999929,2019-11-08T11:49:49.849999905,True,0,0.059,0.141,0.1,0.00086,0.1,10.0,0.0,0.0,0.0,0.0,6752.2,True,True,True,True,True,True,True,False,True,22.78,9.0,20.0,745.0,746,0.989,4.257,8.0,52.709957,53.792767,-1.770408,-1.231123,0,31.82,24.17,0.23489,0.18726,10.1477,0.8244
S-Vta10,S,S,vta,E,FordFiestaTitanium,HuaweiP20Pro,3,Synchronised V abd S datasets\Categorised IOVNB Dataset\Vta (Driver E)\Vta10\S-Vta10.csv,Synchronised V abd S datasets\Categorised IOVNB Dataset\Vta (Driver E)\Vta10\S-Vta10.csv|Synchronised V abd S datasets\Uncategorised IOVNB Dataset\S-Dataset\S-Vta10.csv|Unsynchronised V and S Dataset\Uncategorised IOVNB (V and S) Dataset\S-Dataset\S-Vta10.csv,1502,24,GPS LATITUDE (degrees)|GPS LONGITUDE (degrees)|GPS ALTITUDE (m)|GPS SPEED (Kmh)|GPS ACCURACY (m)|GPS ORIENTATION (Â°)|GPS SATELLITES IN RANGE|TIME SINCE START (ms)|DATE (YYYY-MO-DD HH-MI-SS_SSS)|ACCELEROMETER X (m/s²)|ACCELEROMETER Y (m/s²)|ACCELEROMETER Z (m/s²)|GRAVITY X (m/s²)|GRAVITY Y (m/s²)|GRAVITY Z (m/s²)|GYROSCOPE Yaw (rad/s)|GYROSCOPE Pitch (rad/s)|GYROSCOPE Roll (rad/s)|MAGNETIC FIELD X (Î¼T)|MAGNETIC FIELD Y (Î¼T)|MAGNETIC FIELD Z (Î¼T)|ORIENTATION (Yaw) (Â°)|ORIENTATION (Pitch) (Â°)|ORIENTATION (Roll ) (Â°),,279232,,3004,100.0,gps_sats_raw:1502|date_raw:1502,0,0,TIME SINCE START (ms) [+ DATE wall clock],0,2019-11-06T12:01:50.392999887,2019-11-06T12:04:20.493000031,True,0,0.091,0.109,0.1,0.000687,0.1,10.0,0.0,0.0,0.0,0.0,150.1,True,True,True,True,True,True,True,False,True,22.27,9.0,9.001,15.0,16,0.9893,3.719,4.0,52.881744,52.89024,-1.765211,-1.71748,0,31.55,25.225,0.31145,0.22706,10.333,1.0723
S-Vta11,S,S,vta,E,FordFiestaTitanium,HuaweiP20Pro,3,Synchronised V abd S datasets\Categorised IOVNB Dataset\Vta (Driver E)\Vta11\S-Vta11.csv,Synchronised V abd S datasets\Categorised IOVNB Dataset\Vta (Driver E)\Vta11\S-Vta11.csv|Synchronised V abd S datasets\Uncategorised IOVNB Dataset\S-Dataset\S-Vta11.csv|Unsynchronised V and S Dataset\Uncategorised IOVNB (V and S) Dataset\S-Dataset\S-Vta11.csv,510,24,GPS LATITUDE (degrees)|GPS LONGITUDE (degrees)|GPS ALTITUDE (m)|GPS SPEED (Kmh)|GPS ACCURACY (m)|GPS ORIENTATION (Â°)|GPS SATELLITES IN RANGE|TIME SINCE START (ms)|DATE (YYYY-MO-DD HH-MI-SS_SSS)|ACCELEROMETER X (m/s²)|ACCELEROMETER Y (m/s²)|ACCELEROMETER Z (m/s²)|GRAVITY X (m/s²)|GRAVITY Y (m/s²)|GRAVITY Z (m/s²)|GYROSCOPE Yaw (rad/s)|GYROSCOPE Pitch (rad/s)|GYROSCOPE Roll (rad/s)|MAGNETIC FIELD X (Î¼T)|MAGNETIC FIELD Y (Î¼T)|MAGNETIC FIELD Z (Î¼T)|ORIENTATION (Yaw) (Â°)|ORIENTATION (Pitch) (Â°)|ORIENTATION (Roll ) (Â°),,95272,,1020,100.0,gps_sats_raw:510|date_raw:510,0,0,TIME SINCE START (ms) [+ DATE wall clock],0,2019-11-06T12:04:32.392999887,2019-11-06T12:05:23.292999983,True,0,0.097,0.102,0.1,0.000578,0.1,10.0,0.0,0.0,0.0,0.0,50.9,True,True,True,True,True,True,True,False,True,20.71,9.0,9.001,4.0,5,0.9902,4.235,6.0,52.892147,52.89447,-1.77571,-1.7711,0,26.74,15.219,0.33593,0.213,10.4469,0.9907
S-Vta12,S,S,vta,E,FordFiestaTitanium,HuaweiP20Pro,3,Synchronised V abd S datasets\Categorised IOVNB Dataset\Vta (Driver E)\Vta12\S-Vta12.csv,Synchronised V abd S datasets\Categorised IOVNB Dataset\Vta (Driver E)\Vta12\S-Vta12.csv|Synchronised V abd S datasets\Uncategorised IOVNB Dataset\S-Dataset\S-Vta12.csv|Unsynchronised V and S Dataset\Uncategorised IOVNB (V and S) Dataset\S-Dataset\S-Vta12.csv,610,24,GPS LATITUDE (degrees)|GPS LONGITUDE (degrees)|GPS ALTITUDE (m)|GPS SPEED (Kmh)|GPS ACCURACY (m)|GPS ORIENTATION (Â°)|GPS SATELLITES IN RANGE|TIME SINCE START (ms)|DATE (YYYY-MO-DD HH-MI-SS_SSS)|ACCELEROMETER X (m/s²)|ACCELEROMETER Y (m/s²)|ACCELEROMETER Z (m/s²)|GRAVITY X (m/s²)|GRAVITY Y (m/s²)|GRAVITY Z (m/s²)|GYROSCOPE Yaw (rad/s)|GYROSCOPE Pitch (rad/s)|GYROSCOPE Roll (rad/s)|MAGNETIC FIELD X (Î¼T)|MAGNETIC FIELD Y (Î¼T)|MAGNETIC FIELD Z (Î¼T)|ORIENTATION (Yaw) (Â°)|ORIENTATION (Pitch) (Â°)|ORIENTATION (Roll ) (Â°),,114418,,1220,100.0,gps_sats_raw:610|date_raw:610,0,0,TIME SINCE START (ms) [+ DATE wall clock],0,2019-11-06T12:05:35.392999887,2019-11-06T12:06:36.292999983,True,0,0.097,0.103,0.1,0.000623,0.1,10.0,0.0,0.0,0.0,0.0,60.9,True,True,True,True,True,True,True,False,True,21.34,9.0,9.0,5.0,6,0.9902,3.738,4.0,52.895805,52.90393,-1.77048,-1.766186,0,23.18,18.773,0.22213,0.15811,10.1475,0.6973
S-Vta13,S,S,vta,E,FordFiestaTitanium,HuaweiP20Pro,3,Synchronised V abd S datasets\Categorised IOVNB Dataset\Vta (Driver E)\Vta13\S-Vta13.csv,Synchronised V abd S datasets\Categorised IOVNB Dataset\Vta (Driver E)\Vta13\S-Vta13.csv|Synchronised V abd S datasets\Uncategorised IOVNB Dataset\S-Dataset\S-Vta13.csv|Unsynchronised V and S Dataset\Uncategorised IOVNB (V and S) Dataset\S-Dataset\S-Vta13.csv,404,24,GPS LATITUDE (degrees)|GPS LONGITUDE (degrees)|GPS ALTITUDE (m)|GPS SPEED (Kmh)|GPS ACCURACY (m)|GPS ORIENTATION (Â°)|GPS SATELLITES IN RANGE|TIME SINCE START (ms)|DATE (YYYY-MO-DD HH-MI-SS_SSS)|ACCELEROMETER X (m/s²)|ACCELEROMETER Y (m/s²)|ACCELEROMETER Z (m/s²)|GRAVITY X (m/s²)|GRAVITY Y (m/s²)|GRAVITY Z (m/s²)|GYROSCOPE Yaw (rad/s)|GYROSCOPE Pitch (rad/s)|GYROSCOPE Roll (rad/s)|MAGNETIC FIELD X (Î¼T)|MAGNETIC FIELD Y (Î¼T)|MAGNETIC FIELD Z (Î¼T)|ORIENTATION (Yaw) (Â°)|ORIENTATION (Pitch) (Â°)|ORIENTATION (Roll ) (Â°),,76217,,808,100.0,gps_sats_raw:404|date_raw:404,0,0,TIME SINCE START (ms) [+ DATE wall clock],0,2019-11-06T12:06:47.292000055,2019-11-06T12:07:27.592999935,True,0,0.096,0.104,0.100002,0.000645,0.1,10.0,0.0,0.0,0.0,0.0,40.3,True,True,True,True,True,True,True,False,True,22.75,9.0,9.001,4.0,5,0.9876,3.002,4.0,52.90566,52.914574,-1.765884,-1.760504,0,27.11,23.375,0.23484,0.15161,10.1792,1.0592
S-Vta14,S,S,vta,E,FordFiestaTitanium,HuaweiP20Pro,3,Synchronised V abd S datasets\Categorised IOVNB Dataset\Vta (Driver E)\Vta14\S-Vta14.csv,Synchronised V abd S datasets\Categorised IOVNB Dataset\Vta (Driver E)\Vta14\S-Vta14.csv|Synchronised V abd S datasets\Uncategorised IOVNB Dataset\S-Dataset\S-Vta14.csv|Unsynchronised V and S Dataset\Uncategorised IOVNB (V and S) Dataset\S-Dataset\S-Vta14.csv,2885,24,GPS LATITUDE (degrees)|GPS LONGITUDE (degrees)|GPS ALTITUDE (m)|GPS SPEED (Kmh)|GPS ACCURACY (m)|GPS ORIENTATION (Â°)|GPS SATELLITES IN RANGE|TIME SINCE START (ms)|DATE (YYYY-MO-DD HH-MI-SS_SSS)|ACCELEROMETER X (m/s²)|ACCELEROMETER Y (m/s²)|ACCELEROMETER Z (m/s²)|GRAVITY X (m/s²)|GRAVITY Y (m/s²)|GRAVITY Z (m/s²)|GYROSCOPE Yaw (rad/s)|GYROSCOPE Pitch (rad/s)|GYROSCOPE Roll (rad/s)|MAGNETIC FIELD X (Î¼T)|MAGNETIC FIELD Y (Î¼T)|MAGNETIC FIELD Z (Î¼T)|ORIENTATION (Yaw) (Â°)|ORIENTATION (Pitch) (Â°)|ORIENTATION (Roll ) (Â°),,540523,,5770,100.0,gps_sats_raw:2885|date_raw:2885,0,0,TIME SINCE START (ms) [+ DATE wall clock],0,2019-11-06T12:07:32.493000031,2019-11-06T12:12:20.892999887,True,0,0.096,0.105,0.1,0.000637,0.1,10.0,0.0,0.0,0.0,0.0,288.4,True,True,True,True,True,True,True,False,True,21.95,9.0,9.002,31.0,32,0.9889,5.159,8.0,52.916435,52.963867,-1.763724,-1.757514,0,24.74,18.784,0.3072,0.23937,10.2893,0.9663
S-Vta15,S,S,vta,E,FordFiestaTitanium,HuaweiP20Pro,3,Synchronised V abd S datasets\Categorised IOVNB Dataset\Vta (Driver E)\Vta15\S-Vta15.csv,Synchronised V abd S datasets\Categorised IOVNB Dataset\Vta (Driver E)\Vta15\S-Vta15.csv|Synchronised V abd S datasets\Uncategorised IOVNB Dataset\S-Dataset\S-Vta15.csv|Unsynchronised V and S Dataset\Uncategorised IOVNB (V and S) Dataset\S-Dataset\S-Vta15.csv,833,24,GPS LATITUDE (degrees)|GPS LONGITUDE (degrees)|GPS ALTITUDE (m)|GPS SPEED (Kmh)|GPS ACCURACY (m)|GPS ORIENTATION (Â°)|GPS SATELLITES IN RANGE|TIME SINCE START (ms)|DATE (YYYY-MO-DD HH-MI-SS_SSS)|ACCELEROMETER X (m/s²)|ACCELEROMETER Y (m/s²)|ACCELEROMETER Z (m/s²)|GRAVITY X (m/s²)|GRAVITY Y (m/s²)|GRAVITY Z (m/s²)|GYROSCOPE Yaw (rad/s)|GYROSCOPE Pitch (rad/s)|GYROSCOPE Roll (rad/s)|MAGNETIC FIELD X (Î¼T)|MAGNETIC FIELD Y (Î¼T)|MAGNETIC FIELD Z (Î¼T)|ORIENTATION (Yaw) (Â°)|ORIENTATION (Pitch) (Â°)|ORIENTATION (Roll ) (Â°),,156907,,1666,100.0,gps_sats_raw:833|date_raw:833,0,0,TIME SINCE START (ms) [+ DATE wall clock],0,2019-11-06T12:12:31.792999983,2019-11-06T12:13:54.993000031,True,0,0.09,0.11,0.1,0.000841,0.1,10.0,0.0,0.0,0.0,0.0,83.2,True,True,True,True,True,True,True,False,True,22.63,9.0,9.0,8.0,9,0.9892,5.784,6.0,52.965443,52.97889,-1.756931,-1.749885,0,21.51,19.884,0.29017,0.21434,10.2295,0.8533
S-Vta16,S,S,vta,E,FordFiestaTitanium,HuaweiP20Pro,3,Synchronised V abd S datasets\Categorised IOVNB Dataset\Vta (Driver E)\Vta16\S-Vta16.csv,Synchronised V abd S datasets\Categorised IOVNB Dataset\Vta (Driver E)\Vta16\S-Vta16.csv|Synchronised V abd S datasets\Uncategorised IOVNB Dataset\S-Dataset\S-Vta16.csv|Unsynchronised V and S Dataset\Uncategorised IOVNB (V and S) Dataset\S-Dataset\S-Vta16.csv,11335,24,GPS LATITUDE (degrees)|GPS LONGITUDE (degrees)|GPS ALTITUDE (m)|GPS SPEED (Kmh)|GPS ACCURACY (m)|GPS ORIENTATION (Â°)|GPS SATELLITES IN RANGE|TIME SINCE START (ms)|DATE (YYYY-MO-DD HH-MI-SS_SSS)|ACCELEROMETER X (m/s²)|ACCELEROMETER Y (m/s²)|ACCELEROMETER Z (m/s²)|GRAVITY X (m/s²)|GRAVITY Y (m/s²)|GRAVITY Z (m/s²)|GYROSCOPE Yaw (rad/s)|GYROSCOPE Pitch (rad/s)|GYROSCOPE Roll (rad/s)|MAGNETIC FIELD X (Î¼T)|MAGNETIC FIELD Y (Î¼T)|MAGNETIC FIELD Z (Î¼T)|ORIENTATION (Yaw) (Â°)|ORIENTATION (Pitch) (Â°)|ORIENTATION (Roll ) (Â°),,2111083,,22670,100.0,gps_sats_raw:11335|date_raw:11335,0,0,TIME SINCE START (ms) [+ DATE wall clock],0,2019-11-06T12:14:00.693000078,2019-11-06T12:32:54.092999935,True,0,0.09,0.11,0.1,0.000647,0.1,10.0,0.0,0.0,0.0,0.0,1133.4,True,True,True,True,True,True,True,False,True,19.5,9.0,34.004,120.0,121,0.9893,4.2,6.0,52.98011,53.06292,-1.773255,-1.731663,0,25.89,12.132,0.25676,0.22067,10.2166,0.8393
S-Vta17,S,S,vta,E,FordFiestaTitanium,HuaweiP20Pro,3,Synchronised V abd S datasets\Categorised IOVNB Dataset\Vta (Driver E)\Vta17\S-Vta17.csv,Synchronised V abd S datasets\Categorised IOVNB Dataset\Vta (Driver E)\Vta17\S-Vta17.csv|Synchronised V abd S datasets\Uncategorised IOVNB Dataset\S-Dataset\S-Vta17.csv|Unsynchronised V and S Dataset\Uncategorised IOVNB (V and S) Dataset\S-Dataset\S-Vta17.csv,4519,24,GPS LATITUDE (degrees)|GPS LONGITUDE (degrees)|GPS ALTITUDE (m)|GPS SPEED (Kmh)|GPS ACCURACY (m)|GPS ORIENTATION (Â°)|GPS SATELLITES IN RANGE|TIME SINCE START (ms)|DATE (YYYY-MO-DD HH-MI-SS_SSS)|ACCELEROMETER X (m/s²)|ACCELEROMETER Y (m/s²)|ACCELEROMETER Z (m/s²)|GRAVITY X (m/s²)|GRAVITY Y (m/s²)|GRAVITY Z (m/s²)|GYROSCOPE Yaw (rad/s)|GYROSCOPE Pitch (rad/s)|GYROSCOPE Roll (rad/s)|MAGNETIC FIELD X (Î¼T)|MAGNETIC FIELD Y (Î¼T)|MAGNETIC FIELD Z (Î¼T)|ORIENTATION (Yaw) (Â°)|ORIENTATION (Pitch) (Â°)|ORIENTATION (Roll ) (Â°),,839635,,9038,100.0,gps_sats_raw:4519|date_raw:4519,0,0,TIME SINCE START (ms) [+ DATE wall clock],0,2019-11-06T12:33:05.391999960,2019-11-06T12:40:38.378000021,True,0,0.093,1.284,0.100263,0.017625,0.1,10.0,0.0,1.0,0.0,1.0,452.99,True,True,True,True,True,True,True,False,True,18.7,9.0,11.1,48.0,49,0.9892,3.636,6.0,53.042137,53.05517,-1.804848,-1.77613,0,15.01,8.777,0.29919,0.25961,10.3329,1.0212
S-Vta19,S,S,vta,E,FordFiestaTitanium,HuaweiP20Pro,3,Synchronised V abd S datasets\Categorised IOVNB Dataset\Vta (Driver E)\Vta19\S-Vta19.csv,Synchronised V abd S datasets\Categorised IOVNB Dataset\Vta (Driver E)\Vta19\S-Vta19.csv|Synchronised V abd S datasets\Uncategorised IOVNB Dataset\S-Dataset\S-Vta19.csv|Unsynchronised V and S Dataset\Uncategorised IOVNB (V and S) Dataset\S-Dataset\S-Vta19.csv,292,24,GPS LATITUDE (degrees)|GPS LONGITUDE (degrees)|GPS ALTITUDE (m)|GPS SPEED (Kmh)|GPS ACCURACY (m)|GPS ORIENTATION (Â°)|GPS SATELLITES IN RANGE|TIME SINCE START (ms)|DATE (YYYY-MO-DD HH-MI-SS_SSS)|ACCELEROMETER X (m/s²)|ACCELEROMETER Y (m/s²)|ACCELEROMETER Z (m/s²)|GRAVITY X (m/s²)|GRAVITY Y (m/s²)|GRAVITY Z (m/s²)|GYROSCOPE Yaw (rad/s)|GYROSCOPE Pitch (rad/s)|GYROSCOPE Roll (rad/s)|MAGNETIC FIELD X (Î¼T)|MAGNETIC FIELD Y (Î¼T)|MAGNETIC FIELD Z (Î¼T)|ORIENTATION (Yaw) (Â°)|ORIENTATION (Pitch) (Â°)|ORIENTATION (Roll ) (Â°),,54578,,584,100.0,gps_sats_raw:292|date_raw:292,0,0,TIME SINCE START (ms) [+ DATE wall clock],0,2019-11-06T12:40:57.377000093,2019-11-06T12:41:26.477999926,True,0,0.097,0.104,0.100003,0.000707,0.1,10.0,0.0,0.0,0.0,0.0,29.1,True,True,True,True,True,True,True,False,True,17.7,9.0,9.0,2.0,3,0.9897,3.616,4.0,53.04241,53.043278,-1.813062,-1.809921,0,14.83,9.9,0.21256,0.18143,10.1639,0.6233
S-Vta1a,S,S,vta,E,FordFiestaTitanium,HuaweiP20Pro,3,Synchronised V abd S datasets\Categorised IOVNB Dataset\Vta (Driver E)\Vta01a\S-Vta1a.csv,Synchronised V abd S datasets\Categorised IOVNB Dataset\Vta (Driver E)\Vta01a\S-Vta1a.csv|Synchronised V abd S datasets\Uncategorised IOVNB Dataset\S-Dataset\S-Vta1a.csv|Unsynchronised V and S Dataset\Uncategorised IOVNB (V and S) Dataset\S-Dataset\S-Vta1a.csv,25676,24,GPS LATITUDE (degrees)|GPS LONGITUDE (degrees)|GPS ALTITUDE (m)|GPS SPEED (Kmh)|GPS ACCURACY (m)|GPS ORIENTATION (Â°)|GPS SATELLITES IN RANGE|TIME SINCE START (ms)|DATE (YYYY-MO-DD HH-MI-SS_SSS)|ACCELEROMETER X (m/s²)|ACCELEROMETER Y (m/s²)|ACCELEROMETER Z (m/s²)|GRAVITY X (m/s²)|GRAVITY Y (m/s²)|GRAVITY Z (m/s²)|GYROSCOPE Yaw (rad/s)|GYROSCOPE Pitch (rad/s)|GYROSCOPE Roll (rad/s)|MAGNETIC FIELD X (Î¼T)|MAGNETIC FIELD Y (Î¼T)|MAGNETIC FIELD Z (Î¼T)|ORIENTATION (Yaw) (Â°)|ORIENTATION (Pitch) (Â°)|ORIENTATION (Roll ) (Â°),,4766740,,51352,100.0,gps_sats_raw:25676|date_raw:25676,0,0,TIME SINCE START (ms) [+ DATE wall clock],0,2019-11-06T10:41:47.362999916,2019-11-06T11:24:34.861999989,True,0,0.088,0.111,0.1,0.000705,0.1,10.0,0.0,0.0,0.0,0.0,2567.5,True,True,True,True,True,True,True,False,True,23.28,1.0,9.0,1.0,2519,0.9019,4.472,12.0,52.552773,52.760777,-1.692337,-1.45475,0,28.78,15.684,0.32327,0.25984,10.3588,1.1166
S-Vta1b,S,S,vta,E,FordFiestaTitanium,HuaweiP20Pro,3,Synchronised V abd S datasets\Categorised IOVNB Dataset\Vta (Driver E)\Vta01b\S-Vta1b.csv,Synchronised V abd S datasets\Categorised IOVNB Dataset\Vta (Driver E)\Vta01b\S-Vta1b.csv|Synchronised V abd S datasets\Uncategorised IOVNB Dataset\S-Dataset\S-Vta1b.csv|Unsynchronised V and S Dataset\Uncategorised IOVNB (V and S) Dataset\S-Dataset\S-Vta1b.csv,954,24,GPS LATITUDE (degrees)|GPS LONGITUDE (degrees)|GPS ALTITUDE (m)|GPS SPEED (Kmh)|GPS ACCURACY (m)|GPS ORIENTATION (Â°)|GPS SATELLITES IN RANGE|TIME SINCE START (ms)|DATE (YYYY-MO-DD HH-MI-SS_SSS)|ACCELEROMETER X (m/s²)|ACCELEROMETER Y (m/s²)|ACCELEROMETER Z (m/s²)|GRAVITY X (m/s²)|GRAVITY Y (m/s²)|GRAVITY Z (m/s²)|GYROSCOPE Yaw (rad/s)|GYROSCOPE Pitch (rad/s)|GYROSCOPE Roll (rad/s)|MAGNETIC FIELD X (Î¼T)|MAGNETIC FIELD Y (Î¼T)|MAGNETIC FIELD Z (Î¼T)|ORIENTATION (Yaw) (Â°)|ORIENTATION (Pitch) (Â°)|ORIENTATION (Roll ) (Â°),,178260,,1908,100.0,gps_sats_raw:954|date_raw:954,0,0,TIME SINCE START (ms) [+ DATE wall clock],0,2019-11-06T11:24:49.463000059,2019-11-06T11:26:24.763000011,True,0,0.094,0.106,0.1,0.000606,0.1,10.0,0.0,0.0,0.0,0.0,95.3,True,True,True,True,True,True,True,False,True,20.78,1.0,2.0,0.0,94,0.9015,4.996,6.0,52.749237,52.75984,-1.678711,-1.674216,0,21.37,13.203,0.33968,0.2679,10.4384,1.181
S-Vta2,S,S,vta,E,FordFiestaTitanium,HuaweiP20Pro,3,Synchronised V abd S datasets\Categorised IOVNB Dataset\Vta (Driver E)\Vta02\S-Vta2.csv,Synchronised V abd S datasets\Categorised IOVNB Dataset\Vta (Driver E)\Vta02\S-Vta2.csv|Synchronised V abd S datasets\Uncategorised IOVNB Dataset\S-Dataset\S-Vta2.csv|Unsynchronised V and S Dataset\Uncategorised IOVNB (V and S) Dataset\S-Dataset\S-Vta2.csv,10991,24,GPS LATITUDE (degrees)|GPS LONGITUDE (degrees)|GPS ALTITUDE (m)|GPS SPEED (Kmh)|GPS ACCURACY (m)|GPS ORIENTATION (Â°)|GPS SATELLITES IN RANGE|TIME SINCE START (ms)|DATE (YYYY-MO-DD HH-MI-SS_SSS)|ACCELEROMETER X (m/s²)|ACCELEROMETER Y (m/s²)|ACCELEROMETER Z (m/s²)|GRAVITY X (m/s²)|GRAVITY Y (m/s²)|GRAVITY Z (m/s²)|GYROSCOPE Yaw (rad/s)|GYROSCOPE Pitch (rad/s)|GYROSCOPE Roll (rad/s)|MAGNETIC FIELD X (Î¼T)|MAGNETIC FIELD Y (Î¼T)|MAGNETIC FIELD Z (Î¼T)|ORIENTATION (Yaw) (Â°)|ORIENTATION (Pitch) (Â°)|ORIENTATION (Roll ) (Â°),,2038713,,21982,100.0,gps_sats_raw:10991|date_raw:10991,0,0,TIME SINCE START (ms) [+ DATE wall clock],0,2019-11-06T11:26:31.265000105,2019-11-06T11:44:50.263000010,True,0,0.09,0.108,0.1,0.000698,0.1,10.0,0.0,0.0,0.0,0.0,1099.0,True,True,True,True,True,True,True,False,True,21.3,1.0,45.0,3.0,1022,0.907,4.471,8.0,52.7604,52.819504,-1.680033,-1.619249,0,22.58,10.01,0.2754,0.24769,10.2672,0.9682
S-Vta20,S,S,vta,E,FordFiestaTitanium,HuaweiP20Pro,3,Synchronised V abd S datasets\Categorised IOVNB Dataset\Vta (Driver E)\Vta20\S-Vta20.csv,Synchronised V abd S datasets\Categorised IOVNB Dataset\Vta (Driver E)\Vta20\S-Vta20.csv|Synchronised V abd S datasets\Uncategorised IOVNB Dataset\S-Dataset\S-Vta20.csv|Unsynchronised V and S Dataset\Uncategorised IOVNB (V and S) Dataset\S-Dataset\S-Vta20.csv,3223,24,GPS LATITUDE (degrees)|GPS LONGITUDE (degrees)|GPS ALTITUDE (m)|GPS SPEED (Kmh)|GPS ACCURACY (m)|GPS ORIENTATION (Â°)|GPS SATELLITES IN RANGE|TIME SINCE START (ms)|DATE (YYYY-MO-DD HH-MI-SS_SSS)|ACCELEROMETER X (m/s²)|ACCELEROMETER Y (m/s²)|ACCELEROMETER Z (m/s²)|GRAVITY X (m/s²)|GRAVITY Y (m/s²)|GRAVITY Z (m/s²)|GYROSCOPE Yaw (rad/s)|GYROSCOPE Pitch (rad/s)|GYROSCOPE Roll (rad/s)|MAGNETIC FIELD X (Î¼T)|MAGNETIC FIELD Y (Î¼T)|MAGNETIC FIELD Z (Î¼T)|ORIENTATION (Yaw) (Â°)|ORIENTATION (Pitch) (Â°)|ORIENTATION (Roll ) (Â°),,582891,,6446,100.0,gps_sats_raw:3223|date_raw:3223,0,0,TIME SINCE START (ms) [+ DATE wall clock],0,2019-11-06T12:42:21.721999884,2019-11-06T12:47:43.921999931,True,0,0.095,0.105,0.1,0.000618,0.1,10.0,0.0,0.0,0.0,0.0,322.2,True,True,True,True,True,True,True,False,True,19.54,9.0,18.0,8.0,9,0.9972,3.344,6.0,53.040512,53.04241,-1.817495,-1.813062,0,21.98,1.957,0.10427,0.17638,9.9696,0.5278
S-Vta21,S,S,vta,E,FordFiestaTitanium,HuaweiP20Pro,3,Synchronised V abd S datasets\Categorised IOVNB Dataset\Vta (Driver E)\Vta21\S-Vta21.csv,Synchronised V abd S datasets\Categorised IOVNB Dataset\Vta (Driver E)\Vta21\S-Vta21.csv|Synchronised V abd S datasets\Uncategorised IOVNB Dataset\S-Dataset\S-Vta21.csv|Unsynchronised V and S Dataset\Uncategorised IOVNB (V and S) Dataset\S-Dataset\S-Vta21.csv,2079,24,GPS LATITUDE (degrees)|GPS LONGITUDE (degrees)|GPS ALTITUDE (m)|GPS SPEED (Kmh)|GPS ACCURACY (m)|GPS ORIENTATION (Â°)|GPS SATELLITES IN RANGE|TIME SINCE START (ms)|DATE (YYYY-MO-DD HH-MI-SS_SSS)|ACCELEROMETER X (m/s²)|ACCELEROMETER Y (m/s²)|ACCELEROMETER Z (m/s²)|GRAVITY X (m/s²)|GRAVITY Y (m/s²)|GRAVITY Z (m/s²)|GYROSCOPE Yaw (rad/s)|GYROSCOPE Pitch (rad/s)|GYROSCOPE Roll (rad/s)|MAGNETIC FIELD X (Î¼T)|MAGNETIC FIELD Y (Î¼T)|MAGNETIC FIELD Z (Î¼T)|ORIENTATION (Yaw) (Â°)|ORIENTATION (Pitch) (Â°)|ORIENTATION (Roll ) (Â°),,388495,,4158,100.0,gps_sats_raw:2079|date_raw:2079,0,0,TIME SINCE START (ms) [+ DATE wall clock],0,2019-11-06T12:47:32.022000074,2019-11-06T12:50:59.822000027,True,0,0.096,0.104,0.1,0.000576,0.1,10.0,0.0,0.0,0.0,0.0,207.8,True,True,True,True,True,True,True,False,True,19.17,9.0,14.999,22.0,23,0.9889,6.142,32.0,53.040535,53.05154,-1.817358,-1.795467,0,21.98,13.299,0.38839,0.32944,10.5775,1.4753
S-Vta22,S,S,vta,E,FordFiestaTitanium,HuaweiP20Pro,3,Synchronised V abd S datasets\Categorised IOVNB Dataset\Vta (Driver E)\Vta22\S-Vta22.csv,Synchronised V abd S datasets\Categorised IOVNB Dataset\Vta (Driver E)\Vta22\S-Vta22.csv|Synchronised V abd S datasets\Uncategorised IOVNB Dataset\S-Dataset\S-Vta22.csv|Unsynchronised V and S Dataset\Uncategorised IOVNB (V and S) Dataset\S-Dataset\S-Vta22.csv,1564,24,GPS LATITUDE (degrees)|GPS LONGITUDE (degrees)|GPS ALTITUDE (m)|GPS SPEED (Kmh)|GPS ACCURACY (m)|GPS ORIENTATION (Â°)|GPS SATELLITES IN RANGE|TIME SINCE START (ms)|DATE (YYYY-MO-DD HH-MI-SS_SSS)|ACCELEROMETER X (m/s²)|ACCELEROMETER Y (m/s²)|ACCELEROMETER Z (m/s²)|GRAVITY X (m/s²)|GRAVITY Y (m/s²)|GRAVITY Z (m/s²)|GYROSCOPE Yaw (rad/s)|GYROSCOPE Pitch (rad/s)|GYROSCOPE Roll (rad/s)|MAGNETIC FIELD X (Î¼T)|MAGNETIC FIELD Y (Î¼T)|MAGNETIC FIELD Z (Î¼T)|ORIENTATION (Yaw) (Â°)|ORIENTATION (Pitch) (Â°)|ORIENTATION (Roll ) (Â°),,290331,,3128,100.0,gps_sats_raw:1564|date_raw:1564,0,0,TIME SINCE START (ms) [+ DATE wall clock],0,2019-11-06T12:51:00.822000027,2019-11-06T12:53:37.122999907,True,0,0.096,0.104,0.100001,0.000591,0.1,10.0,0.0,0.0,0.0,0.0,156.3,True,True,True,True,True,True,True,False,True,18.97,9.0,9.001,16.0,17,0.9891,4.0,4.0,53.05137,53.055206,-1.799703,-1.783206,0,15.13,10.787,0.37634,0.29169,10.4968,1.2196
S-Vta23,S,S,vta,E,FordFiestaTitanium,HuaweiP20Pro,3,Synchronised V abd S datasets\Categorised IOVNB Dataset\Vta (Driver E)\Vta23\S-Vta23.csv,Synchronised V abd S datasets\Categorised IOVNB Dataset\Vta (Driver E)\Vta23\S-Vta23.csv|Synchronised V abd S datasets\Uncategorised IOVNB Dataset\S-Dataset\S-Vta23.csv|Unsynchronised V and S Dataset\Uncategorised IOVNB (V and S) Dataset\S-Dataset\S-Vta23.csv,1110,24,GPS LATITUDE (degrees)|GPS LONGITUDE (degrees)|GPS ALTITUDE (m)|GPS SPEED (Kmh)|GPS ACCURACY (m)|GPS ORIENTATION (Â°)|GPS SATELLITES IN RANGE|TIME SINCE START (ms)|DATE (YYYY-MO-DD HH-MI-SS_SSS)|ACCELEROMETER X (m/s²)|ACCELEROMETER Y (m/s²)|ACCELEROMETER Z (m/s²)|GRAVITY X (m/s²)|GRAVITY Y (m/s²)|GRAVITY Z (m/s²)|GYROSCOPE Yaw (rad/s)|GYROSCOPE Pitch (rad/s)|GYROSCOPE Roll (rad/s)|MAGNETIC FIELD X (Î¼T)|MAGNETIC FIELD Y (Î¼T)|MAGNETIC FIELD Z (Î¼T)|ORIENTATION (Yaw) (Â°)|ORIENTATION (Pitch) (Â°)|ORIENTATION (Roll ) (Â°),,206507,,2220,100.0,gps_sats_raw:1110|date_raw:1110,0,0,TIME SINCE START (ms) [+ DATE wall clock],0,2019-11-06T12:53:40.023000002,2019-11-06T12:55:30.923000097,True,0,0.095,0.104,0.1,0.000646,0.1,10.0,0.0,0.0,0.0,0.0,110.9,True,True,True,True,True,True,True,False,True,19.51,9.0,9.001,11.0,12,0.9892,5.059,8.0,53.050575,53.053005,-1.781771,-1.768223,0,13.53,9.946,0.3666,0.28274,10.4927,1.1991
S-Vta24,S,S,vta,E,FordFiestaTitanium,HuaweiP20Pro,3,Synchronised V abd S datasets\Categorised IOVNB Dataset\Vta (Driver E)\Vta24\S-Vta24.csv,Synchronised V abd S datasets\Categorised IOVNB Dataset\Vta (Driver E)\Vta24\S-Vta24.csv|Synchronised V abd S datasets\Uncategorised IOVNB Dataset\S-Dataset\S-Vta24.csv|Unsynchronised V and S Dataset\Uncategorised IOVNB (V and S) Dataset\S-Dataset\S-Vta24.csv,1171,24,GPS LATITUDE (degrees)|GPS LONGITUDE (degrees)|GPS ALTITUDE (m)|GPS SPEED (Kmh)|GPS ACCURACY (m)|GPS ORIENTATION (Â°)|GPS SATELLITES IN RANGE|TIME SINCE START (ms)|DATE (YYYY-MO-DD HH-MI-SS_SSS)|ACCELEROMETER X (m/s²)|ACCELEROMETER Y (m/s²)|ACCELEROMETER Z (m/s²)|GRAVITY X (m/s²)|GRAVITY Y (m/s²)|GRAVITY Z (m/s²)|GYROSCOPE Yaw (rad/s)|GYROSCOPE Pitch (rad/s)|GYROSCOPE Roll (rad/s)|MAGNETIC FIELD X (Î¼T)|MAGNETIC FIELD Y (Î¼T)|MAGNETIC FIELD Z (Î¼T)|ORIENTATION (Yaw) (Â°)|ORIENTATION (Pitch) (Â°)|ORIENTATION (Roll ) (Â°),,217212,,2342,100.0,gps_sats_raw:1171|date_raw:1171,0,0,TIME SINCE START (ms) [+ DATE wall clock],0,2019-11-06T12:55:35.921999931,2019-11-06T12:57:32.923000097,True,0,0.096,0.104,0.100001,0.000669,0.1,10.0,0.0,0.0,0.0,0.0,117.0,True,True,True,True,True,True,True,False,True,19.24,9.0,27.0,8.0,9,0.9923,3.981,6.0,53.050465,53.051815,-1.767187,-1.758133,0,15.22,6.13,0.18937,0.17596,10.0686,0.5955
S-Vta25,S,S,vta,E,FordFiestaTitanium,HuaweiP20Pro,3,Synchronised V abd S datasets\Categorised IOVNB Dataset\Vta (Driver E)\Vta25\S-Vta25.csv,Synchronised V abd S datasets\Categorised IOVNB Dataset\Vta (Driver E)\Vta25\S-Vta25.csv|Synchronised V abd S datasets\Uncategorised IOVNB Dataset\S-Dataset\S-Vta25.csv|Unsynchronised V and S Dataset\Uncategorised IOVNB (V and S) Dataset\S-Dataset\S-Vta25.csv,646,24,GPS LATITUDE (degrees)|GPS LONGITUDE (degrees)|GPS ALTITUDE (m)|GPS SPEED (Kmh)|GPS ACCURACY (m)|GPS ORIENTATION (Â°)|GPS SATELLITES IN RANGE|TIME SINCE START (ms)|DATE (YYYY-MO-DD HH-MI-SS_SSS)|ACCELEROMETER X (m/s²)|ACCELEROMETER Y (m/s²)|ACCELEROMETER Z (m/s²)|GRAVITY X (m/s²)|GRAVITY Y (m/s²)|GRAVITY Z (m/s²)|GYROSCOPE Yaw (rad/s)|GYROSCOPE Pitch (rad/s)|GYROSCOPE Roll (rad/s)|MAGNETIC FIELD X (Î¼T)|MAGNETIC FIELD Y (Î¼T)|MAGNETIC FIELD Z (Î¼T)|ORIENTATION (Yaw) (Â°)|ORIENTATION (Pitch) (Â°)|ORIENTATION (Roll ) (Â°),,118562,,1292,100.0,gps_sats_raw:646|date_raw:646,0,0,TIME SINCE START (ms) [+ DATE wall clock],0,2019-11-06T12:57:36.323999882,2019-11-06T12:58:40.822000027,True,0,0.097,0.103,0.099997,0.000563,0.1,10.0,0.0,0.0,0.0,0.0,64.5,True,True,True,True,True,True,True,False,True,20.32,11.0,22.0,4.0,5,0.9923,3.0,3.0,53.05109,53.051266,-1.758229,-1.756547,0,11.54,2.482,0.16442,0.15484,10.0006,0.4967
S-Vta26,S,S,vta,E,FordFiestaTitanium,HuaweiP20Pro,3,Synchronised V abd S datasets\Categorised IOVNB Dataset\Vta (Driver E)\Vta26\S-Vta26.csv,Synchronised V abd S datasets\Categorised IOVNB Dataset\Vta (Driver E)\Vta26\S-Vta26.csv|Synchronised V abd S datasets\Uncategorised IOVNB Dataset\S-Dataset\S-Vta26.csv|Unsynchronised V and S Dataset\Uncategorised IOVNB (V and S) Dataset\S-Dataset\S-Vta26.csv,1935,24,GPS LATITUDE (degrees)|GPS LONGITUDE (degrees)|GPS ALTITUDE (m)|GPS SPEED (Kmh)|GPS ACCURACY (m)|GPS ORIENTATION (Â°)|GPS SATELLITES IN RANGE|TIME SINCE START (ms)|DATE (YYYY-MO-DD HH-MI-SS_SSS)|ACCELEROMETER X (m/s²)|ACCELEROMETER Y (m/s²)|ACCELEROMETER Z (m/s²)|GRAVITY X (m/s²)|GRAVITY Y (m/s²)|GRAVITY Z (m/s²)|GYROSCOPE Yaw (rad/s)|GYROSCOPE Pitch (rad/s)|GYROSCOPE Roll (rad/s)|MAGNETIC FIELD X (Î¼T)|MAGNETIC FIELD Y (Î¼T)|MAGNETIC FIELD Z (Î¼T)|ORIENTATION (Yaw) (Â°)|ORIENTATION (Pitch) (Â°)|ORIENTATION (Roll ) (Â°),,358553,,3870,100.0,gps_sats_raw:1935|date_raw:1935,0,0,TIME SINCE START (ms) [+ DATE wall clock],0,2019-11-06T12:58:48.921999931,2019-11-06T13:02:02.322000027,True,0,0.096,0.103,0.1,0.000582,0.1,10.0,0.0,0.0,0.0,0.0,193.4,True,True,True,True,True,True,True,False,True,20.47,9.0,61.999,14.0,15,0.9922,3.218,6.0,53.05122,53.059937,-1.7591,-1.757869,0,14.96,5.253,0.25638,0.3282,10.3249,1.2363
S-Vta27,S,S,vta,E,FordFiestaTitanium,HuaweiP20Pro,3,Synchronised V abd S datasets\Categorised IOVNB Dataset\Vta (Driver E)\Vta27\S-Vta27.csv,Synchronised V abd S datasets\Categorised IOVNB Dataset\Vta (Driver E)\Vta27\S-Vta27.csv|Synchronised V abd S datasets\Uncategorised IOVNB Dataset\S-Dataset\S-Vta27.csv|Unsynchronised V and S Dataset\Uncategorised IOVNB (V and S) Dataset\S-Dataset\S-Vta27.csv,2540,24,GPS LATITUDE (degrees)|GPS LONGITUDE (degrees)|GPS ALTITUDE (m)|GPS SPEED (Kmh)|GPS ACCURACY (m)|GPS ORIENTATION (Â°)|GPS SATELLITES IN RANGE|TIME SINCE START (ms)|DATE (YYYY-MO-DD HH-MI-SS_SSS)|ACCELEROMETER X (m/s²)|ACCELEROMETER Y (m/s²)|ACCELEROMETER Z (m/s²)|GRAVITY X (m/s²)|GRAVITY Y (m/s²)|GRAVITY Z (m/s²)|GYROSCOPE Yaw (rad/s)|GYROSCOPE Pitch (rad/s)|GYROSCOPE Roll (rad/s)|MAGNETIC FIELD X (Î¼T)|MAGNETIC FIELD Y (Î¼T)|MAGNETIC FIELD Z (Î¼T)|ORIENTATION (Yaw) (Â°)|ORIENTATION (Pitch) (Â°)|ORIENTATION (Roll ) (Â°),,471023,,5080,100.0,gps_sats_raw:2540|date_raw:2540,0,0,TIME SINCE START (ms) [+ DATE wall clock],0,2019-11-06T13:02:09.621999979,2019-11-06T13:06:23.522000074,True,0,0.096,0.104,0.1,0.000533,0.1,10.0,0.0,0.0,0.0,0.0,253.9,True,True,True,True,True,True,True,False,True,20.87,9.0,20.001,23.0,24,0.9906,2.78,4.0,53.060383,53.083454,-1.76767,-1.759178,0,16.88,11.067,0.39227,0.34969,10.6544,1.6366
S-Vta28,S,S,vta,E,FordFiestaTitanium,HuaweiP20Pro,3,Synchronised V abd S datasets\Categorised IOVNB Dataset\Vta (Driver E)\Vta28\S-Vta28.csv,Synchronised V abd S datasets\Categorised IOVNB Dataset\Vta (Driver E)\Vta28\S-Vta28.csv|Synchronised V abd S datasets\Uncategorised IOVNB Dataset\S-Dataset\S-Vta28.csv|Unsynchronised V and S Dataset\Uncategorised IOVNB (V and S) Dataset\S-Dataset\S-Vta28.csv,4210,24,GPS LATITUDE (degrees)|GPS LONGITUDE (degrees)|GPS ALTITUDE (m)|GPS SPEED (Kmh)|GPS ACCURACY (m)|GPS ORIENTATION (Â°)|GPS SATELLITES IN RANGE|TIME SINCE START (ms)|DATE (YYYY-MO-DD HH-MI-SS_SSS)|ACCELEROMETER X (m/s²)|ACCELEROMETER Y (m/s²)|ACCELEROMETER Z (m/s²)|GRAVITY X (m/s²)|GRAVITY Y (m/s²)|GRAVITY Z (m/s²)|GYROSCOPE Yaw (rad/s)|GYROSCOPE Pitch (rad/s)|GYROSCOPE Roll (rad/s)|MAGNETIC FIELD X (Î¼T)|MAGNETIC FIELD Y (Î¼T)|MAGNETIC FIELD Z (Î¼T)|ORIENTATION (Yaw) (Â°)|ORIENTATION (Pitch) (Â°)|ORIENTATION (Roll ) (Â°),,781902,,8420,100.0,gps_sats_raw:4210|date_raw:4210,0,0,TIME SINCE START (ms) [+ DATE wall clock],0,2019-11-06T13:06:54.921999931,2019-11-06T13:13:55.822000027,True,0,0.093,0.107,0.1,0.000582,0.1,10.0,0.0,0.0,0.0,0.0,420.9,True,True,True,True,True,True,True,False,True,17.03,9.0,32.0,41.0,42,0.99,4.549,12.0,53.08707,53.09283,-1.79366,-1.765907,0,18.02,9.119,0.33766,0.30593,10.4297,1.2389
S-Vta29,S,S,vta,E,FordFiestaTitanium,HuaweiP20Pro,3,Synchronised V abd S datasets\Categorised IOVNB Dataset\Vta (Driver E)\Vta29\S-Vta29.csv,Synchronised V abd S datasets\Categorised IOVNB Dataset\Vta (Driver E)\Vta29\S-Vta29.csv|Synchronised V abd S datasets\Uncategorised IOVNB Dataset\S-Dataset\S-Vta29.csv|Unsynchronised V and S Dataset\Uncategorised IOVNB (V and S) Dataset\S-Dataset\S-Vta29.csv,23705,24,GPS LATITUDE (degrees)|GPS LONGITUDE (degrees)|GPS ALTITUDE (m)|GPS SPEED (Kmh)|GPS ACCURACY (m)|GPS ORIENTATION (Â°)|GPS SATELLITES IN RANGE|TIME SINCE START (ms)|DATE (YYYY-MO-DD HH-MI-SS_SSS)|ACCELEROMETER X (m/s²)|ACCELEROMETER Y (m/s²)|ACCELEROMETER Z (m/s²)|GRAVITY X (m/s²)|GRAVITY Y (m/s²)|GRAVITY Z (m/s²)|GYROSCOPE Yaw (rad/s)|GYROSCOPE Pitch (rad/s)|GYROSCOPE Roll (rad/s)|MAGNETIC FIELD X (Î¼T)|MAGNETIC FIELD Y (Î¼T)|MAGNETIC FIELD Z (Î¼T)|ORIENTATION (Yaw) (Â°)|ORIENTATION (Pitch) (Â°)|ORIENTATION (Roll ) (Â°),,4387027,,47410,100.0,gps_sats_raw:23705|date_raw:23705,4,0,TIME SINCE START (ms) [+ DATE wall clock],0,2019-11-06T13:27:20.808000088,2019-11-06T14:06:50.585999966,True,4,0.0,0.111,0.099974,0.001716,0.1,10.0,4.0,0.0,0.0,6.0,2369.78,True,True,True,True,True,True,True,False,True,20.33,9.0,34.0,247.0,248,0.9895,3.708,12.0,53.089325,53.21946,-1.908282,-1.793641,0,28.34,10.826,0.34126,0.30808,10.4384,1.3068
S-Vta3,S,S,vta,E,FordFiestaTitanium,HuaweiP20Pro,3,Synchronised V abd S datasets\Categorised IOVNB Dataset\Vta (Driver E)\Vta03\S-Vta3.csv,Synchronised V abd S datasets\Categorised IOVNB Dataset\Vta (Driver E)\Vta03\S-Vta3.csv|Synchronised V abd S datasets\Uncategorised IOVNB Dataset\S-Dataset\S-Vta3.csv|Unsynchronised V and S Dataset\Uncategorised IOVNB (V and S) Dataset\S-Dataset\S-Vta3.csv,645,24,GPS LATITUDE (degrees)|GPS LONGITUDE (degrees)|GPS ALTITUDE (m)|GPS SPEED (Kmh)|GPS ACCURACY (m)|GPS ORIENTATION (Â°)|GPS SATELLITES IN RANGE|TIME SINCE START (ms)|DATE (YYYY-MO-DD HH-MI-SS_SSS)|ACCELEROMETER X (m/s²)|ACCELEROMETER Y (m/s²)|ACCELEROMETER Z (m/s²)|GRAVITY X (m/s²)|GRAVITY Y (m/s²)|GRAVITY Z (m/s²)|GYROSCOPE Yaw (rad/s)|GYROSCOPE Pitch (rad/s)|GYROSCOPE Roll (rad/s)|MAGNETIC FIELD X (Î¼T)|MAGNETIC FIELD Y (Î¼T)|MAGNETIC FIELD Z (Î¼T)|ORIENTATION (Yaw) (Â°)|ORIENTATION (Pitch) (Â°)|ORIENTATION (Roll ) (Â°),,116809,,1290,100.0,gps_sats_raw:645|date_raw:645,0,0,TIME SINCE START (ms) [+ DATE wall clock],0,2019-11-06T11:45:53.892999887,2019-11-06T11:46:58.292999983,True,0,0.096,0.104,0.1,0.00059,0.1,10.0,0.0,0.0,0.0,0.0,64.4,True,True,True,True,True,True,True,False,True,21.34,9.0,9.0,3.0,4,0.9938,4.62,6.0,52.81309,52.81347,-1.640957,-1.638823,0,9.91,2.665,0.15604,0.14017,9.9634,0.336
S-Vta30,S,S,vta,E,FordFiestaTitanium,HuaweiP20Pro,3,Synchronised V abd S datasets\Categorised IOVNB Dataset\Vta (Driver E)\Vta30\S-Vta30.csv,Synchronised V abd S datasets\Categorised IOVNB Dataset\Vta (Driver E)\Vta30\S-Vta30.csv|Synchronised V abd S datasets\Uncategorised IOVNB Dataset\S-Dataset\S-Vta30.csv|Unsynchronised V and S Dataset\Uncategorised IOVNB (V and S) Dataset\S-Dataset\S-Vta30.csv,17136,24,GPS LATITUDE (degrees)|GPS LONGITUDE (degrees)|GPS ALTITUDE (m)|GPS SPEED (Kmh)|GPS ACCURACY (m)|GPS ORIENTATION (Â°)|GPS SATELLITES IN RANGE|TIME SINCE START (ms)|DATE (YYYY-MO-DD HH-MI-SS_SSS)|ACCELEROMETER X (m/s²)|ACCELEROMETER Y (m/s²)|ACCELEROMETER Z (m/s²)|GRAVITY X (m/s²)|GRAVITY Y (m/s²)|GRAVITY Z (m/s²)|GYROSCOPE Yaw (rad/s)|GYROSCOPE Pitch (rad/s)|GYROSCOPE Roll (rad/s)|MAGNETIC FIELD X (Î¼T)|MAGNETIC FIELD Y (Î¼T)|MAGNETIC FIELD Z (Î¼T)|ORIENTATION (Yaw) (Â°)|ORIENTATION (Pitch) (Â°)|ORIENTATION (Roll ) (Â°),,3175640,,34272,100.0,gps_sats_raw:17136|date_raw:17136,0,0,TIME SINCE START (ms) [+ DATE wall clock],0,2019-11-06T14:07:03.885999918,2019-11-06T14:35:37.385999918,True,0,0.066,0.134,0.1,0.000732,0.1,10.0,0.0,0.0,0.0,0.0,1713.5,True,True,True,True,True,True,True,False,True,19.98,9.0,83.3,158.0,159,0.9907,20.006,600.0,53.223392,53.25993,-1.938286,-1.871889,0,26.66,6.889,0.19598,0.21081,10.105,0.7476
S-Vta4,S,S,vta,E,FordFiestaTitanium,HuaweiP20Pro,3,Synchronised V abd S datasets\Categorised IOVNB Dataset\Vta (Driver E)\Vta04\S-Vta4.csv,Synchronised V abd S datasets\Categorised IOVNB Dataset\Vta (Driver E)\Vta04\S-Vta4.csv|Synchronised V abd S datasets\Uncategorised IOVNB Dataset\S-Dataset\S-Vta4.csv|Unsynchronised V and S Dataset\Uncategorised IOVNB (V and S) Dataset\S-Dataset\S-Vta4.csv,1789,24,GPS LATITUDE (degrees)|GPS LONGITUDE (degrees)|GPS ALTITUDE (m)|GPS SPEED (Kmh)|GPS ACCURACY (m)|GPS ORIENTATION (Â°)|GPS SATELLITES IN RANGE|TIME SINCE START (ms)|DATE (YYYY-MO-DD HH-MI-SS_SSS)|ACCELEROMETER X (m/s²)|ACCELEROMETER Y (m/s²)|ACCELEROMETER Z (m/s²)|GRAVITY X (m/s²)|GRAVITY Y (m/s²)|GRAVITY Z (m/s²)|GYROSCOPE Yaw (rad/s)|GYROSCOPE Pitch (rad/s)|GYROSCOPE Roll (rad/s)|MAGNETIC FIELD X (Î¼T)|MAGNETIC FIELD Y (Î¼T)|MAGNETIC FIELD Z (Î¼T)|ORIENTATION (Yaw) (Â°)|ORIENTATION (Pitch) (Â°)|ORIENTATION (Roll ) (Â°),,331302,,3578,100.0,gps_sats_raw:1789|date_raw:1789,0,0,TIME SINCE START (ms) [+ DATE wall clock],0,2019-11-06T11:47:27.394000053,2019-11-06T11:50:26.193000078,True,0,0.096,0.104,0.099999,0.000565,0.1,10.0,0.0,0.0,0.0,0.0,178.8,True,True,True,True,True,True,True,False,True,21.02,9.0,9.003,19.0,20,0.9888,4.279,6.0,52.81381,52.827927,-1.651136,-1.636467,0,13.52,11.178,0.35691,0.27688,10.4425,1.086
S-Vta5,S,S,vta,E,FordFiestaTitanium,HuaweiP20Pro,3,Synchronised V abd S datasets\Categorised IOVNB Dataset\Vta (Driver E)\Vta05\S-Vta5.csv,Synchronised V abd S datasets\Categorised IOVNB Dataset\Vta (Driver E)\Vta05\S-Vta5.csv|Synchronised V abd S datasets\Uncategorised IOVNB Dataset\S-Dataset\S-Vta5.csv|Unsynchronised V and S Dataset\Uncategorised IOVNB (V and S) Dataset\S-Dataset\S-Vta5.csv,307,24,GPS LATITUDE (degrees)|GPS LONGITUDE (degrees)|GPS ALTITUDE (m)|GPS SPEED (Kmh)|GPS ACCURACY (m)|GPS ORIENTATION (Â°)|GPS SATELLITES IN RANGE|TIME SINCE START (ms)|DATE (YYYY-MO-DD HH-MI-SS_SSS)|ACCELEROMETER X (m/s²)|ACCELEROMETER Y (m/s²)|ACCELEROMETER Z (m/s²)|GRAVITY X (m/s²)|GRAVITY Y (m/s²)|GRAVITY Z (m/s²)|GYROSCOPE Yaw (rad/s)|GYROSCOPE Pitch (rad/s)|GYROSCOPE Roll (rad/s)|MAGNETIC FIELD X (Î¼T)|MAGNETIC FIELD Y (Î¼T)|MAGNETIC FIELD Z (Î¼T)|ORIENTATION (Yaw) (Â°)|ORIENTATION (Pitch) (Â°)|ORIENTATION (Roll ) (Â°),,57485,,614,100.0,gps_sats_raw:307|date_raw:307,0,0,TIME SINCE START (ms) [+ DATE wall clock],0,2019-11-06T11:50:34.392999887,2019-11-06T11:51:04.993000031,True,0,0.098,0.102,0.1,0.000493,0.1,10.0,0.0,0.0,0.0,0.0,30.6,True,True,True,True,True,True,True,False,True,23.36,9.0,9.001,2.0,3,0.9902,4.0,4.0,52.828754,52.831345,-1.653286,-1.651825,0,13.43,11.46,0.26439,0.1652,10.2227,0.7022
S-Vta6,S,S,vta,E,FordFiestaTitanium,HuaweiP20Pro,3,Synchronised V abd S datasets\Categorised IOVNB Dataset\Vta (Driver E)\Vta06\S-Vta6.csv,Synchronised V abd S datasets\Categorised IOVNB Dataset\Vta (Driver E)\Vta06\S-Vta6.csv|Synchronised V abd S datasets\Uncategorised IOVNB Dataset\S-Dataset\S-Vta6.csv|Unsynchronised V and S Dataset\Uncategorised IOVNB (V and S) Dataset\S-Dataset\S-Vta6.csv,1376,24,GPS LATITUDE (degrees)|GPS LONGITUDE (degrees)|GPS ALTITUDE (m)|GPS SPEED (Kmh)|GPS ACCURACY (m)|GPS ORIENTATION (Â°)|GPS SATELLITES IN RANGE|TIME SINCE START (ms)|DATE (YYYY-MO-DD HH-MI-SS_SSS)|ACCELEROMETER X (m/s²)|ACCELEROMETER Y (m/s²)|ACCELEROMETER Z (m/s²)|GRAVITY X (m/s²)|GRAVITY Y (m/s²)|GRAVITY Z (m/s²)|GYROSCOPE Yaw (rad/s)|GYROSCOPE Pitch (rad/s)|GYROSCOPE Roll (rad/s)|MAGNETIC FIELD X (Î¼T)|MAGNETIC FIELD Y (Î¼T)|MAGNETIC FIELD Z (Î¼T)|ORIENTATION (Yaw) (Â°)|ORIENTATION (Pitch) (Â°)|ORIENTATION (Roll ) (Â°),,254665,,2752,100.0,gps_sats_raw:1376|date_raw:1376,0,0,TIME SINCE START (ms) [+ DATE wall clock],0,2019-11-06T11:51:11.993000031,2019-11-06T11:53:29.493000031,True,0,0.095,0.106,0.1,0.000598,0.1,10.0,0.0,0.0,0.0,0.0,137.5,True,True,True,True,True,True,True,False,True,20.98,9.0,9.002,14.0,15,0.9891,4.327,6.0,52.832485,52.848232,-1.67862,-1.653545,0,28.59,18.627,0.37105,0.28817,10.4698,1.1948
S-Vta7,S,S,vta,E,FordFiestaTitanium,HuaweiP20Pro,3,Synchronised V abd S datasets\Categorised IOVNB Dataset\Vta (Driver E)\Vta07\S-Vta7.csv,Synchronised V abd S datasets\Categorised IOVNB Dataset\Vta (Driver E)\Vta07\S-Vta7.csv|Synchronised V abd S datasets\Uncategorised IOVNB Dataset\S-Dataset\S-Vta7.csv|Unsynchronised V and S Dataset\Uncategorised IOVNB (V and S) Dataset\S-Dataset\S-Vta7.csv,840,24,GPS LATITUDE (degrees)|GPS LONGITUDE (degrees)|GPS ALTITUDE (m)|GPS SPEED (Kmh)|GPS ACCURACY (m)|GPS ORIENTATION (Â°)|GPS SATELLITES IN RANGE|TIME SINCE START (ms)|DATE (YYYY-MO-DD HH-MI-SS_SSS)|ACCELEROMETER X (m/s²)|ACCELEROMETER Y (m/s²)|ACCELEROMETER Z (m/s²)|GRAVITY X (m/s²)|GRAVITY Y (m/s²)|GRAVITY Z (m/s²)|GYROSCOPE Yaw (rad/s)|GYROSCOPE Pitch (rad/s)|GYROSCOPE Roll (rad/s)|MAGNETIC FIELD X (Î¼T)|MAGNETIC FIELD Y (Î¼T)|MAGNETIC FIELD Z (Î¼T)|ORIENTATION (Yaw) (Â°)|ORIENTATION (Pitch) (Â°)|ORIENTATION (Roll ) (Â°),,155360,,1680,100.0,gps_sats_raw:840|date_raw:840,0,0,TIME SINCE START (ms) [+ DATE wall clock],0,2019-11-06T11:53:35.292999983,2019-11-06T11:54:59.193000078,True,0,0.091,0.108,0.1,0.000661,0.1,10.0,0.0,0.0,0.0,0.0,83.9,True,True,True,True,True,True,True,False,True,21.78,9.0,9.001,8.0,9,0.9893,4.286,6.0,52.84996,52.861904,-1.683053,-1.679164,0,30.81,17.791,0.3422,0.27206,10.4588,1.0489
S-Vta8,S,S,vta,E,FordFiestaTitanium,HuaweiP20Pro,3,Synchronised V abd S datasets\Categorised IOVNB Dataset\Vta (Driver E)\Vta08\S-Vta8.csv,Synchronised V abd S datasets\Categorised IOVNB Dataset\Vta (Driver E)\Vta08\S-Vta8.csv|Synchronised V abd S datasets\Uncategorised IOVNB Dataset\S-Dataset\S-Vta8.csv|Unsynchronised V and S Dataset\Uncategorised IOVNB (V and S) Dataset\S-Dataset\S-Vta8.csv,3676,24,GPS LATITUDE (degrees)|GPS LONGITUDE (degrees)|GPS ALTITUDE (m)|GPS SPEED (Kmh)|GPS ACCURACY (m)|GPS ORIENTATION (Â°)|GPS SATELLITES IN RANGE|TIME SINCE START (ms)|DATE (YYYY-MO-DD HH-MI-SS_SSS)|ACCELEROMETER X (m/s²)|ACCELEROMETER Y (m/s²)|ACCELEROMETER Z (m/s²)|GRAVITY X (m/s²)|GRAVITY Y (m/s²)|GRAVITY Z (m/s²)|GYROSCOPE Yaw (rad/s)|GYROSCOPE Pitch (rad/s)|GYROSCOPE Roll (rad/s)|MAGNETIC FIELD X (Î¼T)|MAGNETIC FIELD Y (Î¼T)|MAGNETIC FIELD Z (Î¼T)|ORIENTATION (Yaw) (Â°)|ORIENTATION (Pitch) (Â°)|ORIENTATION (Roll ) (Â°),,678900,,7352,100.0,gps_sats_raw:3676|date_raw:3676,0,0,TIME SINCE START (ms) [+ DATE wall clock],0,2019-11-06T11:55:05.292999983,2019-11-06T12:01:12.792999983,True,0,0.092,0.108,0.1,0.000661,0.1,10.0,0.0,0.0,0.0,0.0,367.5,True,True,True,True,True,True,True,False,True,22.01,9.0,82.002,31.0,32,0.9913,3.548,6.0,52.862984,52.881462,-1.703815,-1.6789,0,21.1,9.424,0.2188,0.23749,10.1693,0.7773
S-Vta9,S,S,vta,E,FordFiestaTitanium,HuaweiP20Pro,3,Synchronised V abd S datasets\Categorised IOVNB Dataset\Vta (Driver E)\Vta09\S-Vta9.csv,Synchronised V abd S datasets\Categorised IOVNB Dataset\Vta (Driver E)\Vta09\S-Vta9.csv|Synchronised V abd S datasets\Uncategorised IOVNB Dataset\S-Dataset\S-Vta9.csv|Unsynchronised V and S Dataset\Uncategorised IOVNB (V and S) Dataset\S-Dataset\S-Vta9.csv,156,24,GPS LATITUDE (degrees)|GPS LONGITUDE (degrees)|GPS ALTITUDE (m)|GPS SPEED (Kmh)|GPS ACCURACY (m)|GPS ORIENTATION (Â°)|GPS SATELLITES IN RANGE|TIME SINCE START (ms)|DATE (YYYY-MO-DD HH-MI-SS_SSS)|ACCELEROMETER X (m/s²)|ACCELEROMETER Y (m/s²)|ACCELEROMETER Z (m/s²)|GRAVITY X (m/s²)|GRAVITY Y (m/s²)|GRAVITY Z (m/s²)|GYROSCOPE Yaw (rad/s)|GYROSCOPE Pitch (rad/s)|GYROSCOPE Roll (rad/s)|MAGNETIC FIELD X (Î¼T)|MAGNETIC FIELD Y (Î¼T)|MAGNETIC FIELD Z (Î¼T)|ORIENTATION (Yaw) (Â°)|ORIENTATION (Pitch) (Â°)|ORIENTATION (Roll ) (Â°),,29554,,312,100.0,gps_sats_raw:156|date_raw:156,0,0,TIME SINCE START (ms) [+ DATE wall clock],0,2019-11-06T12:01:23.394000053,2019-11-06T12:01:38.891999960,True,0,0.097,0.102,0.099987,0.000634,0.1,10.0,0.0,0.0,0.0,0.0,15.5,True,True,True,True,True,True,True,False,True,21.29,,,,1,0.9936,5.154,6.0,52.881516,52.881527,-1.710504,-1.70811,0,20.76,16.848,0.22343,0.14896,10.1047,0.6834
S-Vtb1,S,S,vtb,E,FordFiestaTitanium,HuaweiP20Pro,3,Synchronised V abd S datasets\Categorised IOVNB Dataset\Vtb (Driver E)\Vtb01\S-Vtb1.csv,Synchronised V abd S datasets\Categorised IOVNB Dataset\Vtb (Driver E)\Vtb01\S-Vtb1.csv|Synchronised V abd S datasets\Uncategorised IOVNB Dataset\S-Dataset\S-Vtb1.csv|Unsynchronised V and S Dataset\Uncategorised IOVNB (V and S) Dataset\S-Dataset\S-Vtb1.csv,32459,24,GPS LATITUDE (degrees)|GPS LONGITUDE (degrees)|GPS ALTITUDE (m)|GPS SPEED (Kmh)|GPS ACCURACY (m)|GPS ORIENTATION (Â°)|GPS SATELLITES IN RANGE|TIME SINCE START (ms)|DATE (YYYY-MO-DD HH-MI-SS_SSS)|ACCELEROMETER X (m/s²)|ACCELEROMETER Y (m/s²)|ACCELEROMETER Z (m/s²)|GRAVITY X (m/s²)|GRAVITY Y (m/s²)|GRAVITY Z (m/s²)|GYROSCOPE Yaw (rad/s)|GYROSCOPE Pitch (rad/s)|GYROSCOPE Roll (rad/s)|MAGNETIC FIELD X (Î¼T)|MAGNETIC FIELD Y (Î¼T)|MAGNETIC FIELD Z (Î¼T)|ORIENTATION (Yaw) (Â°)|ORIENTATION (Pitch) (Â°)|ORIENTATION (Roll ) (Â°),,6052896,,64918,100.0,gps_sats_raw:32459|date_raw:32459,5370,0,TIME SINCE START (ms) [+ DATE wall clock],0,2019-11-06T14:57:37.145999908,2019-11-06T15:51:42.944999933,True,5456,0.0,661.376,0.1,3.670805,0.1,10.0,5456.0,1.0,1.0,6629.0,3245.8,True,True,True,True,True,True,True,False,True,18.47,9.0,663.419,277.0,279,0.9914,319.392,2400.0,53.184223,53.280983,-1.910692,-1.64297,0,27.77,11.456,0.28174,0.2331,10.2647,1.0246
S-Vtb10,S,S,vtb,E,FordFiestaTitanium,HuaweiP20Pro,3,Synchronised V abd S datasets\Categorised IOVNB Dataset\Vtb (Driver E)\Vtb10\S-Vtb10.csv,Synchronised V abd S datasets\Categorised IOVNB Dataset\Vtb (Driver E)\Vtb10\S-Vtb10.csv|Synchronised V abd S datasets\Uncategorised IOVNB Dataset\S-Dataset\S-Vtb10.csv|Unsynchronised V and S Dataset\Uncategorised IOVNB (V and S) Dataset\S-Dataset\S-Vtb10.csv,196,24,GPS LATITUDE (degrees)|GPS LONGITUDE (degrees)|GPS ALTITUDE (m)|GPS SPEED (Kmh)|GPS ACCURACY (m)|GPS ORIENTATION (Â°)|GPS SATELLITES IN RANGE|TIME SINCE START (ms)|DATE (YYYY-MO-DD HH-MI-SS_SSS)|ACCELEROMETER X (m/s²)|ACCELEROMETER Y (m/s²)|ACCELEROMETER Z (m/s²)|GRAVITY X (m/s²)|GRAVITY Y (m/s²)|GRAVITY Z (m/s²)|GYROSCOPE Yaw (rad/s)|GYROSCOPE Pitch (rad/s)|GYROSCOPE Roll (rad/s)|MAGNETIC FIELD X (Î¼T)|MAGNETIC FIELD Y (Î¼T)|MAGNETIC FIELD Z (Î¼T)|ORIENTATION (Yaw) (Â°)|ORIENTATION (Pitch) (Â°)|ORIENTATION (Roll ) (Â°),,37176,,392,100.0,gps_sats_raw:196|date_raw:196,0,0,TIME SINCE START (ms) [+ DATE wall clock],0,2019-11-06T18:22:37.375000,2019-11-06T18:22:56.875000,True,0,0.095,0.105,0.1,0.000868,0.1,10.0,0.0,0.0,0.0,0.0,19.5,True,True,True,True,True,True,True,False,True,21.74,,,,2,0.9898,4.0,4.0,52.558567,52.559357,-1.485308,-1.48248,0,18.78,11.289,0.20936,0.16794,10.1398,0.7352
S-Vtb11,S,S,vtb,E,FordFiestaTitanium,HuaweiP20Pro,3,Synchronised V abd S datasets\Categorised IOVNB Dataset\Vtb (Driver E)\Vtb11\S-Vtb11.csv,Synchronised V abd S datasets\Categorised IOVNB Dataset\Vtb (Driver E)\Vtb11\S-Vtb11.csv|Synchronised V abd S datasets\Uncategorised IOVNB Dataset\S-Dataset\S-Vtb11.csv|Unsynchronised V and S Dataset\Uncategorised IOVNB (V and S) Dataset\S-Dataset\S-Vtb11.csv,361,24,GPS LATITUDE (degrees)|GPS LONGITUDE (degrees)|GPS ALTITUDE (m)|GPS SPEED (Kmh)|GPS ACCURACY (m)|GPS ORIENTATION (Â°)|GPS SATELLITES IN RANGE|TIME SINCE START (ms)|DATE (YYYY-MO-DD HH-MI-SS_SSS)|ACCELEROMETER X (m/s²)|ACCELEROMETER Y (m/s²)|ACCELEROMETER Z (m/s²)|GRAVITY X (m/s²)|GRAVITY Y (m/s²)|GRAVITY Z (m/s²)|GYROSCOPE Yaw (rad/s)|GYROSCOPE Pitch (rad/s)|GYROSCOPE Roll (rad/s)|MAGNETIC FIELD X (Î¼T)|MAGNETIC FIELD Y (Î¼T)|MAGNETIC FIELD Z (Î¼T)|ORIENTATION (Yaw) (Â°)|ORIENTATION (Pitch) (Â°)|ORIENTATION (Roll ) (Â°),,68659,,722,100.0,gps_sats_raw:361|date_raw:361,0,0,TIME SINCE START (ms) [+ DATE wall clock],0,2019-11-06T18:23:06.375999928,2019-11-06T18:23:42.375999928,True,0,0.096,0.103,0.1,0.000851,0.1,10.0,0.0,0.0,0.0,0.0,36.0,True,True,True,True,True,True,True,False,True,21.22,9.0,9.002,3.0,4,0.9889,4.499,6.0,52.554585,52.557327,-1.478358,-1.469055,0,20.7,19.293,0.34448,0.23519,10.3043,0.9392
S-Vtb12,S,S,vtb,E,FordFiestaTitanium,HuaweiP20Pro,3,Synchronised V abd S datasets\Categorised IOVNB Dataset\Vtb (Driver E)\Vtb12\S-Vtb12.csv,Synchronised V abd S datasets\Categorised IOVNB Dataset\Vtb (Driver E)\Vtb12\S-Vtb12.csv|Synchronised V abd S datasets\Uncategorised IOVNB Dataset\S-Dataset\S-Vtb12.csv|Unsynchronised V and S Dataset\Uncategorised IOVNB (V and S) Dataset\S-Dataset\S-Vtb12.csv,447,24,GPS LATITUDE (degrees)|GPS LONGITUDE (degrees)|GPS ALTITUDE (m)|GPS SPEED (Kmh)|GPS ACCURACY (m)|GPS ORIENTATION (Â°)|GPS SATELLITES IN RANGE|TIME SINCE START (ms)|DATE (YYYY-MO-DD HH-MI-SS_SSS)|ACCELEROMETER X (m/s²)|ACCELEROMETER Y (m/s²)|ACCELEROMETER Z (m/s²)|GRAVITY X (m/s²)|GRAVITY Y (m/s²)|GRAVITY Z (m/s²)|GYROSCOPE Yaw (rad/s)|GYROSCOPE Pitch (rad/s)|GYROSCOPE Roll (rad/s)|MAGNETIC FIELD X (Î¼T)|MAGNETIC FIELD Y (Î¼T)|MAGNETIC FIELD Z (Î¼T)|ORIENTATION (Yaw) (Â°)|ORIENTATION (Pitch) (Â°)|ORIENTATION (Roll ) (Â°),,83892,,894,100.0,gps_sats_raw:447|date_raw:447,0,0,TIME SINCE START (ms) [+ DATE wall clock],0,2019-11-06T18:23:51.474999905,2019-11-06T18:24:36.075999975,True,0,0.097,0.103,0.100002,0.000708,0.1,10.0,0.0,0.0,0.0,0.0,44.6,True,True,True,True,True,True,True,False,True,22.07,9.0,9.0,3.0,4,0.9911,4.403,6.0,52.553253,52.554432,-1.466707,-1.461703,0,19.68,12.472,0.23215,0.161,10.1163,0.6541
S-Vtb2,S,S,vtb,E,FordFiestaTitanium,HuaweiP20Pro,3,Synchronised V abd S datasets\Categorised IOVNB Dataset\Vtb (Driver E)\Vtb02\S-Vtb2.csv,Synchronised V abd S datasets\Categorised IOVNB Dataset\Vtb (Driver E)\Vtb02\S-Vtb2.csv|Synchronised V abd S datasets\Uncategorised IOVNB Dataset\S-Dataset\S-Vtb2.csv|Unsynchronised V and S Dataset\Uncategorised IOVNB (V and S) Dataset\S-Dataset\S-Vtb2.csv,5712,24,GPS LATITUDE (degrees)|GPS LONGITUDE (degrees)|GPS ALTITUDE (m)|GPS SPEED (Kmh)|GPS ACCURACY (m)|GPS ORIENTATION (Â°)|GPS SATELLITES IN RANGE|TIME SINCE START (ms)|DATE (YYYY-MO-DD HH-MI-SS_SSS)|ACCELEROMETER X (m/s²)|ACCELEROMETER Y (m/s²)|ACCELEROMETER Z (m/s²)|GRAVITY X (m/s²)|GRAVITY Y (m/s²)|GRAVITY Z (m/s²)|GYROSCOPE Yaw (rad/s)|GYROSCOPE Pitch (rad/s)|GYROSCOPE Roll (rad/s)|MAGNETIC FIELD X (Î¼T)|MAGNETIC FIELD Y (Î¼T)|MAGNETIC FIELD Z (Î¼T)|ORIENTATION (Yaw) (Â°)|ORIENTATION (Pitch) (Â°)|ORIENTATION (Roll ) (Â°),,1053029,,11424,100.0,gps_sats_raw:5712|date_raw:5712,0,0,TIME SINCE START (ms) [+ DATE wall clock],0,2019-11-06T16:06:20.476000071,2019-11-06T16:15:51.575999975,True,0,0.094,0.107,0.1,0.00065,0.1,10.0,0.0,0.0,0.0,0.0,571.1,True,True,True,True,True,True,True,False,True,18.3,9.0,36.001,54.0,55,0.9904,3.596,8.0,53.170273,53.18432,-1.684621,-1.646709,0,17.3,7.472,0.28904,0.28359,10.3076,1.0741
S-Vtb3,S,S,vtb,E,FordFiestaTitanium,HuaweiP20Pro,3,Synchronised V abd S datasets\Categorised IOVNB Dataset\Vtb (Driver E)\Vtb03\S-Vtb3.csv,Synchronised V abd S datasets\Categorised IOVNB Dataset\Vtb (Driver E)\Vtb03\S-Vtb3.csv|Synchronised V abd S datasets\Uncategorised IOVNB Dataset\S-Dataset\S-Vtb3.csv|Unsynchronised V and S Dataset\Uncategorised IOVNB (V and S) Dataset\S-Dataset\S-Vtb3.csv,8240,24,GPS LATITUDE (degrees)|GPS LONGITUDE (degrees)|GPS ALTITUDE (m)|GPS SPEED (Kmh)|GPS ACCURACY (m)|GPS ORIENTATION (Â°)|GPS SATELLITES IN RANGE|TIME SINCE START (ms)|DATE (YYYY-MO-DD HH-MI-SS_SSS)|ACCELEROMETER X (m/s²)|ACCELEROMETER Y (m/s²)|ACCELEROMETER Z (m/s²)|GRAVITY X (m/s²)|GRAVITY Y (m/s²)|GRAVITY Z (m/s²)|GYROSCOPE Yaw (rad/s)|GYROSCOPE Pitch (rad/s)|GYROSCOPE Roll (rad/s)|MAGNETIC FIELD X (Î¼T)|MAGNETIC FIELD Y (Î¼T)|MAGNETIC FIELD Z (Î¼T)|ORIENTATION (Yaw) (Â°)|ORIENTATION (Pitch) (Â°)|ORIENTATION (Roll ) (Â°),,1530275,,16480,100.0,gps_sats_raw:8240|date_raw:8240,0,0,TIME SINCE START (ms) [+ DATE wall clock],0,2019-11-06T16:16:01.676000118,2019-11-06T16:29:45.575999975,True,0,0.095,0.106,0.1,0.00066,0.1,10.0,0.0,0.0,0.0,0.0,823.9,True,True,True,True,True,True,True,False,True,19.8,13.5,109.099,34.0,35,0.9958,145.25,2400.0,53.169914,53.173943,-1.672992,-1.66641,0,9.74,0.568,0.07477,0.13684,9.9216,0.4457
S-Vtb4,S,S,vtb,E,FordFiestaTitanium,HuaweiP20Pro,3,Synchronised V abd S datasets\Categorised IOVNB Dataset\Vtb (Driver E)\Vtb04\S-Vtb4.csv,Synchronised V abd S datasets\Categorised IOVNB Dataset\Vtb (Driver E)\Vtb04\S-Vtb4.csv|Synchronised V abd S datasets\Uncategorised IOVNB Dataset\S-Dataset\S-Vtb4.csv|Unsynchronised V and S Dataset\Uncategorised IOVNB (V and S) Dataset\S-Dataset\S-Vtb4.csv,556,24,GPS LATITUDE (degrees)|GPS LONGITUDE (degrees)|GPS ALTITUDE (m)|GPS SPEED (Kmh)|GPS ACCURACY (m)|GPS ORIENTATION (Â°)|GPS SATELLITES IN RANGE|TIME SINCE START (ms)|DATE (YYYY-MO-DD HH-MI-SS_SSS)|ACCELEROMETER X (m/s²)|ACCELEROMETER Y (m/s²)|ACCELEROMETER Z (m/s²)|GRAVITY X (m/s²)|GRAVITY Y (m/s²)|GRAVITY Z (m/s²)|GYROSCOPE Yaw (rad/s)|GYROSCOPE Pitch (rad/s)|GYROSCOPE Roll (rad/s)|MAGNETIC FIELD X (Î¼T)|MAGNETIC FIELD Y (Î¼T)|MAGNETIC FIELD Z (Î¼T)|ORIENTATION (Yaw) (Â°)|ORIENTATION (Pitch) (Â°)|ORIENTATION (Roll ) (Â°),,103090,,1112,100.0,gps_sats_raw:556|date_raw:556,0,0,TIME SINCE START (ms) [+ DATE wall clock],0,2019-11-06T16:29:58.375999928,2019-11-06T16:30:53.875999928,True,0,0.098,0.102,0.1,0.000564,0.1,10.0,0.0,0.0,0.0,0.0,55.5,True,True,True,True,True,True,True,False,True,21.27,9.0005,9.002,4.0,5,0.991,3.0,4.0,53.170605,53.171486,-1.675215,-1.672944,0,7.69,4.878,0.38373,0.34548,10.5624,1.3497
S-Vtb5,S,S,vtb,E,FordFiestaTitanium,HuaweiP20Pro,3,Synchronised V abd S datasets\Categorised IOVNB Dataset\Vtb (Driver E)\Vtb05\S-Vtb5.csv,Synchronised V abd S datasets\Categorised IOVNB Dataset\Vtb (Driver E)\Vtb05\S-Vtb5.csv|Synchronised V abd S datasets\Uncategorised IOVNB Dataset\S-Dataset\S-Vtb5.csv|Unsynchronised V and S Dataset\Uncategorised IOVNB (V and S) Dataset\S-Dataset\S-Vtb5.csv,64388,24,GPS LATITUDE (degrees)|GPS LONGITUDE (degrees)|GPS ALTITUDE (m)|GPS SPEED (Kmh)|GPS ACCURACY (m)|GPS ORIENTATION (Â°)|GPS SATELLITES IN RANGE|TIME SINCE START (ms)|DATE (YYYY-MO-DD HH-MI-SS_SSS)|ACCELEROMETER X (m/s²)|ACCELEROMETER Y (m/s²)|ACCELEROMETER Z (m/s²)|GRAVITY X (m/s²)|GRAVITY Y (m/s²)|GRAVITY Z (m/s²)|GYROSCOPE Yaw (rad/s)|GYROSCOPE Pitch (rad/s)|GYROSCOPE Roll (rad/s)|MAGNETIC FIELD X (Î¼T)|MAGNETIC FIELD Y (Î¼T)|MAGNETIC FIELD Z (Î¼T)|ORIENTATION (Yaw) (Â°)|ORIENTATION (Pitch) (Â°)|ORIENTATION (Roll ) (Â°),,12010333,,128776,100.0,gps_sats_raw:64388|date_raw:64388,0,0,TIME SINCE START (ms) [+ DATE wall clock],0,2019-11-06T16:30:53.075000048,2019-11-06T18:18:11.776000023,True,0,0.08,0.119,0.1,0.000864,0.1,10.0,0.0,0.0,0.0,0.0,6438.7,True,True,True,True,True,True,True,False,True,20.51,9.0,40.001,701.0,702,0.9891,3.999,8.0,52.58063,53.189842,-1.684621,-1.230792,0,30.65,17.21,0.23328,0.19436,10.1343,0.8143
S-Vtb6,S,S,vtb,E,FordFiestaTitanium,HuaweiP20Pro,3,Synchronised V abd S datasets\Categorised IOVNB Dataset\Vtb (Driver E)\Vtb06\S-Vtb6.csv,Synchronised V abd S datasets\Categorised IOVNB Dataset\Vtb (Driver E)\Vtb06\S-Vtb6.csv|Synchronised V abd S datasets\Uncategorised IOVNB Dataset\S-Dataset\S-Vtb6.csv|Unsynchronised V and S Dataset\Uncategorised IOVNB (V and S) Dataset\S-Dataset\S-Vtb6.csv,498,24,GPS LATITUDE (degrees)|GPS LONGITUDE (degrees)|GPS ALTITUDE (m)|GPS SPEED (Kmh)|GPS ACCURACY (m)|GPS ORIENTATION (Â°)|GPS SATELLITES IN RANGE|TIME SINCE START (ms)|DATE (YYYY-MO-DD HH-MI-SS_SSS)|ACCELEROMETER X (m/s²)|ACCELEROMETER Y (m/s²)|ACCELEROMETER Z (m/s²)|GRAVITY X (m/s²)|GRAVITY Y (m/s²)|GRAVITY Z (m/s²)|GYROSCOPE Yaw (rad/s)|GYROSCOPE Pitch (rad/s)|GYROSCOPE Roll (rad/s)|MAGNETIC FIELD X (Î¼T)|MAGNETIC FIELD Y (Î¼T)|MAGNETIC FIELD Z (Î¼T)|ORIENTATION (Yaw) (Â°)|ORIENTATION (Pitch) (Â°)|ORIENTATION (Roll ) (Â°),,94210,,996,100.0,gps_sats_raw:498|date_raw:498,0,0,TIME SINCE START (ms) [+ DATE wall clock],0,2019-11-06T18:18:45.375999928,2019-11-06T18:19:35.075999975,True,0,0.088,0.112,0.1,0.001167,0.1,10.0,0.0,0.0,0.0,0.0,49.7,True,True,True,True,True,True,True,False,True,20.12,8.9995,9.002,4.0,5,0.99,4.916,6.0,52.573612,52.578316,-1.537562,-1.528705,0,19.41,17.78,0.25845,0.18191,10.1335,0.8647
S-Vtb7,S,S,vtb,E,FordFiestaTitanium,HuaweiP20Pro,3,Synchronised V abd S datasets\Categorised IOVNB Dataset\Vtb (Driver E)\Vtb07\S-Vtb7.csv,Synchronised V abd S datasets\Categorised IOVNB Dataset\Vtb (Driver E)\Vtb07\S-Vtb7.csv|Synchronised V abd S datasets\Uncategorised IOVNB Dataset\S-Dataset\S-Vtb7.csv|Unsynchronised V and S Dataset\Uncategorised IOVNB (V and S) Dataset\S-Dataset\S-Vtb7.csv,461,24,GPS LATITUDE (degrees)|GPS LONGITUDE (degrees)|GPS ALTITUDE (m)|GPS SPEED (Kmh)|GPS ACCURACY (m)|GPS ORIENTATION (Â°)|GPS SATELLITES IN RANGE|TIME SINCE START (ms)|DATE (YYYY-MO-DD HH-MI-SS_SSS)|ACCELEROMETER X (m/s²)|ACCELEROMETER Y (m/s²)|ACCELEROMETER Z (m/s²)|GRAVITY X (m/s²)|GRAVITY Y (m/s²)|GRAVITY Z (m/s²)|GYROSCOPE Yaw (rad/s)|GYROSCOPE Pitch (rad/s)|GYROSCOPE Roll (rad/s)|MAGNETIC FIELD X (Î¼T)|MAGNETIC FIELD Y (Î¼T)|MAGNETIC FIELD Z (Î¼T)|ORIENTATION (Yaw) (Â°)|ORIENTATION (Pitch) (Â°)|ORIENTATION (Roll ) (Â°),,87349,,922,100.0,gps_sats_raw:461|date_raw:461,0,0,TIME SINCE START (ms) [+ DATE wall clock],0,2019-11-06T18:19:39.375000,2019-11-06T18:20:25.375999928,True,0,0.096,0.103,0.100002,0.000703,0.1,10.0,0.0,0.0,0.0,0.0,46.0,True,True,True,True,True,True,True,False,True,21.39,9.0,9.001,4.0,5,0.9892,4.829,6.0,52.56919,52.572826,-1.527021,-1.518801,0,18.73,15.608,0.2555,0.17277,10.1514,0.7171
S-Vtb8,S,S,vtb,E,FordFiestaTitanium,HuaweiP20Pro,3,Synchronised V abd S datasets\Categorised IOVNB Dataset\Vtb (Driver E)\Vtb08\S-Vtb8.csv,Synchronised V abd S datasets\Categorised IOVNB Dataset\Vtb (Driver E)\Vtb08\S-Vtb8.csv|Synchronised V abd S datasets\Uncategorised IOVNB Dataset\S-Dataset\S-Vtb8.csv|Unsynchronised V and S Dataset\Uncategorised IOVNB (V and S) Dataset\S-Dataset\S-Vtb8.csv,668,24,GPS LATITUDE (degrees)|GPS LONGITUDE (degrees)|GPS ALTITUDE (m)|GPS SPEED (Kmh)|GPS ACCURACY (m)|GPS ORIENTATION (Â°)|GPS SATELLITES IN RANGE|TIME SINCE START (ms)|DATE (YYYY-MO-DD HH-MI-SS_SSS)|ACCELEROMETER X (m/s²)|ACCELEROMETER Y (m/s²)|ACCELEROMETER Z (m/s²)|GRAVITY X (m/s²)|GRAVITY Y (m/s²)|GRAVITY Z (m/s²)|GYROSCOPE Yaw (rad/s)|GYROSCOPE Pitch (rad/s)|GYROSCOPE Roll (rad/s)|MAGNETIC FIELD X (Î¼T)|MAGNETIC FIELD Y (Î¼T)|MAGNETIC FIELD Z (Î¼T)|ORIENTATION (Yaw) (Â°)|ORIENTATION (Pitch) (Â°)|ORIENTATION (Roll ) (Â°),,126023,,1336,100.0,gps_sats_raw:668|date_raw:668,0,0,TIME SINCE START (ms) [+ DATE wall clock],0,2019-11-06T18:20:33.375999928,2019-11-06T18:21:40.075999975,True,0,0.094,0.105,0.1,0.000928,0.1,10.0,0.0,0.0,0.0,0.0,66.7,True,True,True,True,True,True,True,False,True,22.23,9.0,9.001,6.0,7,0.9895,4.0,4.0,52.563763,52.568546,-1.516579,-1.500333,0,20.02,19.194,0.31534,0.21625,10.2728,0.9353
S-Vtb9,S,S,vtb,E,FordFiestaTitanium,HuaweiP20Pro,3,Synchronised V abd S datasets\Categorised IOVNB Dataset\Vtb (Driver E)\Vtb09\S-Vtb9.csv,Synchronised V abd S datasets\Categorised IOVNB Dataset\Vtb (Driver E)\Vtb09\S-Vtb9.csv|Synchronised V abd S datasets\Uncategorised IOVNB Dataset\S-Dataset\S-Vtb9.csv|Unsynchronised V and S Dataset\Uncategorised IOVNB (V and S) Dataset\S-Dataset\S-Vtb9.csv,452,24,GPS LATITUDE (degrees)|GPS LONGITUDE (degrees)|GPS ALTITUDE (m)|GPS SPEED (Kmh)|GPS ACCURACY (m)|GPS ORIENTATION (Â°)|GPS SATELLITES IN RANGE|TIME SINCE START (ms)|DATE (YYYY-MO-DD HH-MI-SS_SSS)|ACCELEROMETER X (m/s²)|ACCELEROMETER Y (m/s²)|ACCELEROMETER Z (m/s²)|GRAVITY X (m/s²)|GRAVITY Y (m/s²)|GRAVITY Z (m/s²)|GYROSCOPE Yaw (rad/s)|GYROSCOPE Pitch (rad/s)|GYROSCOPE Roll (rad/s)|MAGNETIC FIELD X (Î¼T)|MAGNETIC FIELD Y (Î¼T)|MAGNETIC FIELD Z (Î¼T)|ORIENTATION (Yaw) (Â°)|ORIENTATION (Pitch) (Â°)|ORIENTATION (Roll ) (Â°),,85640,,904,100.0,gps_sats_raw:452|date_raw:452,0,0,TIME SINCE START (ms) [+ DATE wall clock],0,2019-11-06T18:21:45.377000093,2019-11-06T18:22:30.476000071,True,0,0.097,0.103,0.099998,0.000694,0.1,10.0,0.0,0.0,0.0,0.0,45.1,True,True,True,True,True,True,True,False,True,21.58,8.9995,9.0,4.0,5,0.9889,4.0,4.0,52.559357,52.563107,-1.498144,-1.485308,0,24.02,21.37,0.29054,0.23809,10.1977,1.0042
S-Vw1,S,S,vw,E,FordFiestaTitanium,HuaweiP20Pro,3,Synchronised V abd S datasets\Categorised IOVNB Dataset\Vw (Driver E)\Vw01\S-Vw1.csv,Synchronised V abd S datasets\Categorised IOVNB Dataset\Vw (Driver E)\Vw01\S-Vw1.csv|Synchronised V abd S datasets\Uncategorised IOVNB Dataset\S-Dataset\S-Vw1.csv|Unsynchronised V and S Dataset\Uncategorised IOVNB (V and S) Dataset\S-Dataset\S-Vw1.csv,20476,24,GPS LATITUDE (degrees)|GPS LONGITUDE (degrees)|GPS ALTITUDE (m)|GPS SPEED (Kmh)|GPS ACCURACY (m)|GPS ORIENTATION (Â°)|GPS SATELLITES IN RANGE|TIME SINCE START (ms)|DATE (YYYY-MO-DD HH-MI-SS_SSS)|ACCELEROMETER X (m/s²)|ACCELEROMETER Y (m/s²)|ACCELEROMETER Z (m/s²)|GRAVITY X (m/s²)|GRAVITY Y (m/s²)|GRAVITY Z (m/s²)|GYROSCOPE Yaw (rad/s)|GYROSCOPE Pitch (rad/s)|GYROSCOPE Roll (rad/s)|MAGNETIC FIELD X (Î¼T)|MAGNETIC FIELD Y (Î¼T)|MAGNETIC FIELD Z (Î¼T)|ORIENTATION (Yaw) (Â°)|ORIENTATION (Pitch) (Â°)|ORIENTATION (Roll ) (Â°),,3524952,,40952,100.0,gps_sats_raw:20476|date_raw:20476,0,0,TIME SINCE START (ms) [+ DATE wall clock],0,2020-01-08T09:37:55.815999985,2020-01-08T10:12:03.315999985,True,0,0.084,0.115,0.1,0.000796,0.1,10.0,0.0,0.0,0.0,0.0,2047.5,True,True,True,True,True,True,True,False,True,22.32,,,,0,1.0,6.0,6.0,52.554695,52.554695,-1.463064,-1.463064,0,0.0,0.0,0.03888,0.01968,9.8538,0.0937
S-Vw10,S,S,vw,E,FordFiestaTitanium,HuaweiP20Pro,3,Synchronised V abd S datasets\Categorised IOVNB Dataset\Vw (Driver E)\Vw10\S-Vw10.csv,Synchronised V abd S datasets\Categorised IOVNB Dataset\Vw (Driver E)\Vw10\S-Vw10.csv|Synchronised V abd S datasets\Uncategorised IOVNB Dataset\S-Dataset\S-Vw10.csv|Unsynchronised V and S Dataset\Uncategorised IOVNB (V and S) Dataset\S-Dataset\S-Vw10.csv,652,24,GPS LATITUDE (degrees)|GPS LONGITUDE (degrees)|GPS ALTITUDE (m)|GPS SPEED (Kmh)|GPS ACCURACY (m)|GPS ORIENTATION (Â°)|GPS SATELLITES IN RANGE|TIME SINCE START (ms)|DATE (YYYY-MO-DD HH-MI-SS_SSS)|ACCELEROMETER X (m/s²)|ACCELEROMETER Y (m/s²)|ACCELEROMETER Z (m/s²)|GRAVITY X (m/s²)|GRAVITY Y (m/s²)|GRAVITY Z (m/s²)|GYROSCOPE Yaw (rad/s)|GYROSCOPE Pitch (rad/s)|GYROSCOPE Roll (rad/s)|MAGNETIC FIELD X (Î¼T)|MAGNETIC FIELD Y (Î¼T)|MAGNETIC FIELD Z (Î¼T)|ORIENTATION (Yaw) (Â°)|ORIENTATION (Pitch) (Â°)|ORIENTATION (Roll ) (Â°),,123092,,1304,100.0,gps_sats_raw:652|date_raw:652,0,0,TIME SINCE START (ms) [+ DATE wall clock],0,2020-01-08T16:07:41.904000044,2020-01-08T16:08:47.003999949,True,0,0.097,0.103,0.1,0.000682,0.1,10.0,0.0,0.0,0.0,0.0,65.1,True,True,True,True,True,True,True,False,True,23.12,9.0,9.0,6.0,7,0.9893,2.276,3.0,52.201836,52.20349,-2.201769,-2.192233,0,13.46,10.167,0.36666,0.26227,10.4778,1.546
S-Vw11,S,S,vw,E,FordFiestaTitanium,HuaweiP20Pro,3,Synchronised V abd S datasets\Categorised IOVNB Dataset\Vw (Driver E)\Vw11\S-Vw11.csv,Synchronised V abd S datasets\Categorised IOVNB Dataset\Vw (Driver E)\Vw11\S-Vw11.csv|Synchronised V abd S datasets\Uncategorised IOVNB Dataset\S-Dataset\S-Vw11.csv|Unsynchronised V and S Dataset\Uncategorised IOVNB (V and S) Dataset\S-Dataset\S-Vw11.csv,4909,24,GPS LATITUDE (degrees)|GPS LONGITUDE (degrees)|GPS ALTITUDE (m)|GPS SPEED (Kmh)|GPS ACCURACY (m)|GPS ORIENTATION (Â°)|GPS SATELLITES IN RANGE|TIME SINCE START (ms)|DATE (YYYY-MO-DD HH-MI-SS_SSS)|ACCELEROMETER X (m/s²)|ACCELEROMETER Y (m/s²)|ACCELEROMETER Z (m/s²)|GRAVITY X (m/s²)|GRAVITY Y (m/s²)|GRAVITY Z (m/s²)|GYROSCOPE Yaw (rad/s)|GYROSCOPE Pitch (rad/s)|GYROSCOPE Roll (rad/s)|MAGNETIC FIELD X (Î¼T)|MAGNETIC FIELD Y (Î¼T)|MAGNETIC FIELD Z (Î¼T)|ORIENTATION (Yaw) (Â°)|ORIENTATION (Pitch) (Â°)|ORIENTATION (Roll ) (Â°),,924189,,9818,100.0,gps_sats_raw:4909|date_raw:4909,0,0,TIME SINCE START (ms) [+ DATE wall clock],0,2020-01-08T16:08:55.503999949,2020-01-08T16:17:06.303999901,True,0,0.091,0.109,0.1,0.00078,0.1,10.0,0.0,0.0,0.0,0.0,490.8,True,True,True,True,True,True,True,False,True,22.15,9.0,49.0,47.0,48,0.9902,2.483,4.0,52.20184,52.229725,-2.191775,-2.141184,0,27.01,11.832,0.26999,0.23815,10.2467,1.202
S-Vw12,S,S,vw,E,FordFiestaTitanium,HuaweiP20Pro,3,Synchronised V abd S datasets\Categorised IOVNB Dataset\Vw (Driver E)\Vw12\S-Vw12.csv,Synchronised V abd S datasets\Categorised IOVNB Dataset\Vw (Driver E)\Vw12\S-Vw12.csv|Synchronised V abd S datasets\Uncategorised IOVNB Dataset\S-Dataset\S-Vw12.csv|Unsynchronised V and S Dataset\Uncategorised IOVNB (V and S) Dataset\S-Dataset\S-Vw12.csv,918,24,GPS LATITUDE (degrees)|GPS LONGITUDE (degrees)|GPS ALTITUDE (m)|GPS SPEED (Kmh)|GPS ACCURACY (m)|GPS ORIENTATION (Â°)|GPS SATELLITES IN RANGE|TIME SINCE START (ms)|DATE (YYYY-MO-DD HH-MI-SS_SSS)|ACCELEROMETER X (m/s²)|ACCELEROMETER Y (m/s²)|ACCELEROMETER Z (m/s²)|GRAVITY X (m/s²)|GRAVITY Y (m/s²)|GRAVITY Z (m/s²)|GYROSCOPE Yaw (rad/s)|GYROSCOPE Pitch (rad/s)|GYROSCOPE Roll (rad/s)|MAGNETIC FIELD X (Î¼T)|MAGNETIC FIELD Y (Î¼T)|MAGNETIC FIELD Z (Î¼T)|ORIENTATION (Yaw) (Â°)|ORIENTATION (Pitch) (Â°)|ORIENTATION (Roll ) (Â°),,170958,,1836,100.0,gps_sats_raw:918|date_raw:918,0,0,TIME SINCE START (ms) [+ DATE wall clock],0,2020-01-08T16:17:20.204999924,2020-01-08T16:18:51.904999971,True,0,0.097,0.104,0.1,0.000656,0.1,10.0,0.0,0.0,0.0,0.0,91.7,True,True,True,True,True,True,True,False,True,22.09,9.0,9.1,9.0,10,0.9891,3.601,4.0,52.23328,52.253063,-2.138977,-2.133607,0,26.48,25.126,0.32316,0.21398,10.2246,1.2455
S-Vw13,S,S,vw,E,FordFiestaTitanium,HuaweiP20Pro,3,Synchronised V abd S datasets\Categorised IOVNB Dataset\Vw (Driver E)\Vw13\S-Vw13.csv,Synchronised V abd S datasets\Categorised IOVNB Dataset\Vw (Driver E)\Vw13\S-Vw13.csv|Synchronised V abd S datasets\Uncategorised IOVNB Dataset\S-Dataset\S-Vw13.csv|Unsynchronised V and S Dataset\Uncategorised IOVNB (V and S) Dataset\S-Dataset\S-Vw13.csv,284,24,GPS LATITUDE (degrees)|GPS LONGITUDE (degrees)|GPS ALTITUDE (m)|GPS SPEED (Kmh)|GPS ACCURACY (m)|GPS ORIENTATION (Â°)|GPS SATELLITES IN RANGE|TIME SINCE START (ms)|DATE (YYYY-MO-DD HH-MI-SS_SSS)|ACCELEROMETER X (m/s²)|ACCELEROMETER Y (m/s²)|ACCELEROMETER Z (m/s²)|GRAVITY X (m/s²)|GRAVITY Y (m/s²)|GRAVITY Z (m/s²)|GYROSCOPE Yaw (rad/s)|GYROSCOPE Pitch (rad/s)|GYROSCOPE Roll (rad/s)|MAGNETIC FIELD X (Î¼T)|MAGNETIC FIELD Y (Î¼T)|MAGNETIC FIELD Z (Î¼T)|ORIENTATION (Yaw) (Â°)|ORIENTATION (Pitch) (Â°)|ORIENTATION (Roll ) (Â°),,53041,,568,100.0,gps_sats_raw:284|date_raw:284,0,0,TIME SINCE START (ms) [+ DATE wall clock],0,2020-01-08T16:20:26.104000092,2020-01-08T16:20:54.404000044,True,0,0.098,0.102,0.1,0.000729,0.1,10.0,0.0,0.0,0.0,0.0,28.3,True,True,True,True,True,True,True,False,True,23.2,8.95,8.999,2.0,3,0.9894,4.0,4.0,52.275085,52.2816,-2.121993,-2.119732,0,31.45,28.299,0.42271,0.24347,10.5365,1.3892
S-Vw14a,S,S,vw,E,FordFiestaTitanium,HuaweiP20Pro,3,Synchronised V abd S datasets\Categorised IOVNB Dataset\Vw (Driver E)\Vw14a\S-Vw14a.csv,Synchronised V abd S datasets\Categorised IOVNB Dataset\Vw (Driver E)\Vw14a\S-Vw14a.csv|Synchronised V abd S datasets\Uncategorised IOVNB Dataset\S-Dataset\S-Vw14a.csv|Unsynchronised V and S Dataset\Uncategorised IOVNB (V and S) Dataset\S-Dataset\S-Vw14a.csv,3138,24,GPS LATITUDE (degrees)|GPS LONGITUDE (degrees)|GPS ALTITUDE (m)|GPS SPEED (Kmh)|GPS ACCURACY (m)|GPS ORIENTATION (Â°)|GPS SATELLITES IN RANGE|TIME SINCE START (ms)|DATE (YYYY-MO-DD HH-MI-SS_SSS)|ACCELEROMETER X (m/s²)|ACCELEROMETER Y (m/s²)|ACCELEROMETER Z (m/s²)|GRAVITY X (m/s²)|GRAVITY Y (m/s²)|GRAVITY Z (m/s²)|GYROSCOPE Yaw (rad/s)|GYROSCOPE Pitch (rad/s)|GYROSCOPE Roll (rad/s)|MAGNETIC FIELD X (Î¼T)|MAGNETIC FIELD Y (Î¼T)|MAGNETIC FIELD Z (Î¼T)|ORIENTATION (Yaw) (Â°)|ORIENTATION (Pitch) (Â°)|ORIENTATION (Roll ) (Â°),,585872,,6276,100.0,gps_sats_raw:3138|date_raw:3138,0,0,TIME SINCE START (ms) [+ DATE wall clock],0,2020-01-08T16:21:14.983999968,2020-01-08T16:26:28.684000015,True,0,0.095,0.106,0.1,0.000755,0.1,10.0,0.0,0.0,0.0,0.0,313.7,True,True,True,True,True,True,True,False,True,23.33,9.0,9.001,34.0,35,0.9888,4.057,6.0,52.285957,52.348835,-2.121308,-2.074244,0,29.67,25.141,0.31162,0.20714,10.2326,1.2744
S-Vw14b,S,S,vw,E,FordFiestaTitanium,HuaweiP20Pro,3,Synchronised V abd S datasets\Categorised IOVNB Dataset\Vw (Driver E)\Vw14b\S-Vw14b.csv,Synchronised V abd S datasets\Categorised IOVNB Dataset\Vw (Driver E)\Vw14b\S-Vw14b.csv|Synchronised V abd S datasets\Uncategorised IOVNB Dataset\S-Dataset\S-Vw14b.csv|Unsynchronised V and S Dataset\Uncategorised IOVNB (V and S) Dataset\S-Dataset\S-Vw14b.csv,19588,24,GPS LATITUDE (degrees)|GPS LONGITUDE (degrees)|GPS ALTITUDE (m)|GPS SPEED (Kmh)|GPS ACCURACY (m)|GPS ORIENTATION (Â°)|GPS SATELLITES IN RANGE|TIME SINCE START (ms)|DATE (YYYY-MO-DD HH-MI-SS_SSS)|ACCELEROMETER X (m/s²)|ACCELEROMETER Y (m/s²)|ACCELEROMETER Z (m/s²)|GRAVITY X (m/s²)|GRAVITY Y (m/s²)|GRAVITY Z (m/s²)|GYROSCOPE Yaw (rad/s)|GYROSCOPE Pitch (rad/s)|GYROSCOPE Roll (rad/s)|MAGNETIC FIELD X (Î¼T)|MAGNETIC FIELD Y (Î¼T)|MAGNETIC FIELD Z (Î¼T)|ORIENTATION (Yaw) (Â°)|ORIENTATION (Pitch) (Â°)|ORIENTATION (Roll ) (Â°),,3668924,,39176,100.0,gps_sats_raw:19588|date_raw:19588,0,0,TIME SINCE START (ms) [+ DATE wall clock],0,2020-01-08T16:26:28.983000040,2020-01-08T16:59:07.684000015,True,0,0.091,0.109,0.1,0.000755,0.1,10.0,0.0,0.0,0.0,0.0,1958.7,True,True,True,True,True,True,True,False,True,23.47,9.0,9.101,217.0,218,0.9889,4.528,6.0,52.34756,52.524723,-2.074244,-1.708907,0,31.84,21.005,0.26489,0.18742,10.1414,1.0787
S-Vw14c,S,S,vw,E,FordFiestaTitanium,HuaweiP20Pro,3,Synchronised V abd S datasets\Categorised IOVNB Dataset\Vw (Driver E)\Vw14c\S-Vw14c.csv,Synchronised V abd S datasets\Categorised IOVNB Dataset\Vw (Driver E)\Vw14c\S-Vw14c.csv|Synchronised V abd S datasets\Uncategorised IOVNB Dataset\S-Dataset\S-Vw14c.csv|Unsynchronised V and S Dataset\Uncategorised IOVNB (V and S) Dataset\S-Dataset\S-Vw14c.csv,15826,24,GPS LATITUDE (degrees)|GPS LONGITUDE (degrees)|GPS ALTITUDE (m)|GPS SPEED (Kmh)|GPS ACCURACY (m)|GPS ORIENTATION (Â°)|GPS SATELLITES IN RANGE|TIME SINCE START (ms)|DATE (YYYY-MO-DD HH-MI-SS_SSS)|ACCELEROMETER X (m/s²)|ACCELEROMETER Y (m/s²)|ACCELEROMETER Z (m/s²)|GRAVITY X (m/s²)|GRAVITY Y (m/s²)|GRAVITY Z (m/s²)|GYROSCOPE Yaw (rad/s)|GYROSCOPE Pitch (rad/s)|GYROSCOPE Roll (rad/s)|MAGNETIC FIELD X (Î¼T)|MAGNETIC FIELD Y (Î¼T)|MAGNETIC FIELD Z (Î¼T)|ORIENTATION (Yaw) (Â°)|ORIENTATION (Pitch) (Â°)|ORIENTATION (Roll ) (Â°),,2957471,,31652,100.0,gps_sats_raw:15826|date_raw:15826,0,0,TIME SINCE START (ms) [+ DATE wall clock],0,2020-01-08T16:59:08.983999968,2020-01-08T17:25:31.483999968,True,0,0.088,0.112,0.1,0.000755,0.1,10.0,0.0,0.0,0.0,0.0,1582.5,True,True,True,True,True,True,True,False,True,22.93,9.0,48.0,155.0,156,0.9901,3.217,6.0,52.524723,52.604424,-1.731564,-1.609,0,27.61,10.903,0.19238,0.19972,10.087,0.9062
S-Vw15,S,S,vw,E,FordFiestaTitanium,HuaweiP20Pro,3,Synchronised V abd S datasets\Categorised IOVNB Dataset\Vw (Driver E)\Vw15\S-Vw15.csv,Synchronised V abd S datasets\Categorised IOVNB Dataset\Vw (Driver E)\Vw15\S-Vw15.csv|Synchronised V abd S datasets\Uncategorised IOVNB Dataset\S-Dataset\S-Vw15.csv|Unsynchronised V and S Dataset\Uncategorised IOVNB (V and S) Dataset\S-Dataset\S-Vw15.csv,1380,24,GPS LATITUDE (degrees)|GPS LONGITUDE (degrees)|GPS ALTITUDE (m)|GPS SPEED (Kmh)|GPS ACCURACY (m)|GPS ORIENTATION (Â°)|GPS SATELLITES IN RANGE|TIME SINCE START (ms)|DATE (YYYY-MO-DD HH-MI-SS_SSS)|ACCELEROMETER X (m/s²)|ACCELEROMETER Y (m/s²)|ACCELEROMETER Z (m/s²)|GRAVITY X (m/s²)|GRAVITY Y (m/s²)|GRAVITY Z (m/s²)|GYROSCOPE Yaw (rad/s)|GYROSCOPE Pitch (rad/s)|GYROSCOPE Roll (rad/s)|MAGNETIC FIELD X (Î¼T)|MAGNETIC FIELD Y (Î¼T)|MAGNETIC FIELD Z (Î¼T)|ORIENTATION (Yaw) (Â°)|ORIENTATION (Pitch) (Â°)|ORIENTATION (Roll ) (Â°),,254039,,2760,100.0,gps_sats_raw:1380|date_raw:1380,0,0,TIME SINCE START (ms) [+ DATE wall clock],0,2020-01-08T17:29:49.943000078,2020-01-08T17:32:07.842999935,True,0,0.097,0.102,0.1,0.000621,0.1,10.0,0.0,0.0,0.0,0.0,137.9,True,True,True,True,True,True,True,False,True,21.16,,,,0,1.0,6.0,6.0,52.596283,52.596283,-1.608857,-1.608857,0,0.0,0.0,0.03116,0.02315,9.8512,0.0852
S-Vw16a,S,S,vw,E,FordFiestaTitanium,HuaweiP20Pro,3,Synchronised V abd S datasets\Categorised IOVNB Dataset\Vw (Driver E)\Vw16a\S-Vw16a.csv,Synchronised V abd S datasets\Categorised IOVNB Dataset\Vw (Driver E)\Vw16a\S-Vw16a.csv|Synchronised V abd S datasets\Uncategorised IOVNB Dataset\S-Dataset\S-Vw16a.csv|Unsynchronised V and S Dataset\Uncategorised IOVNB (V and S) Dataset\S-Dataset\S-Vw16a.csv,5879,24,GPS LATITUDE (degrees)|GPS LONGITUDE (degrees)|GPS ALTITUDE (m)|GPS SPEED (Kmh)|GPS ACCURACY (m)|GPS ORIENTATION (Â°)|GPS SATELLITES IN RANGE|TIME SINCE START (ms)|DATE (YYYY-MO-DD HH-MI-SS_SSS)|ACCELEROMETER X (m/s²)|ACCELEROMETER Y (m/s²)|ACCELEROMETER Z (m/s²)|GRAVITY X (m/s²)|GRAVITY Y (m/s²)|GRAVITY Z (m/s²)|GYROSCOPE Yaw (rad/s)|GYROSCOPE Pitch (rad/s)|GYROSCOPE Roll (rad/s)|MAGNETIC FIELD X (Î¼T)|MAGNETIC FIELD Y (Î¼T)|MAGNETIC FIELD Z (Î¼T)|ORIENTATION (Yaw) (Â°)|ORIENTATION (Pitch) (Â°)|ORIENTATION (Roll ) (Â°),,1100323,,11758,100.0,gps_sats_raw:5879|date_raw:5879,0,0,TIME SINCE START (ms) [+ DATE wall clock],0,2020-01-08T17:32:13.602999926,2020-01-08T17:42:01.401999950,True,0,0.095,0.105,0.1,0.000716,0.1,10.0,0.0,0.0,0.0,0.0,587.8,True,True,True,True,True,True,True,False,True,23.35,9.0,46.002,59.0,60,0.9898,3.544,6.0,52.564384,52.596283,-1.608857,-1.502775,0,22.67,13.88,0.26329,0.21855,10.1826,1.1104
S-Vw16b,S,S,vw,E,FordFiestaTitanium,HuaweiP20Pro,3,Synchronised V abd S datasets\Categorised IOVNB Dataset\Vw (Driver E)\Vw16b\S-Vw16b.csv,Synchronised V abd S datasets\Categorised IOVNB Dataset\Vw (Driver E)\Vw16b\S-Vw16b.csv|Synchronised V abd S datasets\Uncategorised IOVNB Dataset\S-Dataset\S-Vw16b.csv|Unsynchronised V and S Dataset\Uncategorised IOVNB (V and S) Dataset\S-Dataset\S-Vw16b.csv,1126,24,GPS LATITUDE (degrees)|GPS LONGITUDE (degrees)|GPS ALTITUDE (m)|GPS SPEED (Kmh)|GPS ACCURACY (m)|GPS ORIENTATION (Â°)|GPS SATELLITES IN RANGE|TIME SINCE START (ms)|DATE (YYYY-MO-DD HH-MI-SS_SSS)|ACCELEROMETER X (m/s²)|ACCELEROMETER Y (m/s²)|ACCELEROMETER Z (m/s²)|GRAVITY X (m/s²)|GRAVITY Y (m/s²)|GRAVITY Z (m/s²)|GYROSCOPE Yaw (rad/s)|GYROSCOPE Pitch (rad/s)|GYROSCOPE Roll (rad/s)|MAGNETIC FIELD X (Î¼T)|MAGNETIC FIELD Y (Î¼T)|MAGNETIC FIELD Z (Î¼T)|ORIENTATION (Yaw) (Â°)|ORIENTATION (Pitch) (Â°)|ORIENTATION (Roll ) (Â°),,211892,,2252,100.0,gps_sats_raw:1126|date_raw:1126,0,0,TIME SINCE START (ms) [+ DATE wall clock],0,2020-01-08T17:42:16.002000093,2020-01-08T17:44:08.503000020,True,0,0.098,0.103,0.100001,0.00071,0.1,10.0,0.0,0.0,0.0,0.0,112.5,True,True,True,True,True,True,True,False,True,24.13,9.0,9.101,11.0,12,0.9893,5.044,6.0,52.55589,52.562946,-1.49791,-1.47378,0,23.48,16.544,0.30593,0.25257,10.3552,1.3053
S-Vw17,S,S,vw,E,FordFiestaTitanium,HuaweiP20Pro,3,Synchronised V abd S datasets\Categorised IOVNB Dataset\Vw (Driver E)\Vw17\S-Vw17.csv,Synchronised V abd S datasets\Categorised IOVNB Dataset\Vw (Driver E)\Vw17\S-Vw17.csv|Synchronised V abd S datasets\Uncategorised IOVNB Dataset\S-Dataset\S-Vw17.csv|Unsynchronised V and S Dataset\Uncategorised IOVNB (V and S) Dataset\S-Dataset\S-Vw17.csv,329,24,GPS LATITUDE (degrees)|GPS LONGITUDE (degrees)|GPS ALTITUDE (m)|GPS SPEED (Kmh)|GPS ACCURACY (m)|GPS ORIENTATION (Â°)|GPS SATELLITES IN RANGE|TIME SINCE START (ms)|DATE (YYYY-MO-DD HH-MI-SS_SSS)|ACCELEROMETER X (m/s²)|ACCELEROMETER Y (m/s²)|ACCELEROMETER Z (m/s²)|GRAVITY X (m/s²)|GRAVITY Y (m/s²)|GRAVITY Z (m/s²)|GYROSCOPE Yaw (rad/s)|GYROSCOPE Pitch (rad/s)|GYROSCOPE Roll (rad/s)|MAGNETIC FIELD X (Î¼T)|MAGNETIC FIELD Y (Î¼T)|MAGNETIC FIELD Z (Î¼T)|ORIENTATION (Yaw) (Â°)|ORIENTATION (Pitch) (Â°)|ORIENTATION (Roll ) (Â°),,62489,,658,100.0,gps_sats_raw:329|date_raw:329,0,0,TIME SINCE START (ms) [+ DATE wall clock],0,2020-01-08T17:44:14.701999903,2020-01-08T17:44:47.503000020,True,0,0.097,0.103,0.100003,0.000744,0.1,10.0,0.0,0.0,0.0,0.0,32.8,True,True,True,True,True,True,True,False,True,23.79,9.0,9.099,2.0,3,0.9909,6.0,6.0,52.553425,52.55524,-1.471688,-1.465492,0,19.6,18.029,0.25705,0.16061,10.3355,1.0683
S-Vw2,S,S,vw,E,FordFiestaTitanium,HuaweiP20Pro,3,Synchronised V abd S datasets\Categorised IOVNB Dataset\Vw (Driver E)\Vw02\S-Vw2.csv,Synchronised V abd S datasets\Categorised IOVNB Dataset\Vw (Driver E)\Vw02\S-Vw2.csv|Synchronised V abd S datasets\Uncategorised IOVNB Dataset\S-Dataset\S-Vw2.csv|Unsynchronised V and S Dataset\Uncategorised IOVNB (V and S) Dataset\S-Dataset\S-Vw2.csv,52713,24,GPS LATITUDE (degrees)|GPS LONGITUDE (degrees)|GPS ALTITUDE (m)|GPS SPEED (Kmh)|GPS ACCURACY (m)|GPS ORIENTATION (Â°)|GPS SATELLITES IN RANGE|TIME SINCE START (ms)|DATE (YYYY-MO-DD HH-MI-SS_SSS)|ACCELEROMETER X (m/s²)|ACCELEROMETER Y (m/s²)|ACCELEROMETER Z (m/s²)|GRAVITY X (m/s²)|GRAVITY Y (m/s²)|GRAVITY Z (m/s²)|GYROSCOPE Yaw (rad/s)|GYROSCOPE Pitch (rad/s)|GYROSCOPE Roll (rad/s)|MAGNETIC FIELD X (Î¼T)|MAGNETIC FIELD Y (Î¼T)|MAGNETIC FIELD Z (Î¼T)|ORIENTATION (Yaw) (Â°)|ORIENTATION (Pitch) (Â°)|ORIENTATION (Roll ) (Â°),,9883172,,105426,100.0,gps_sats_raw:52713|date_raw:52713,0,0,TIME SINCE START (ms) [+ DATE wall clock],0,2020-01-08T10:15:46.684999943,2020-01-08T11:43:37.884000063,True,0,0.077,0.123,0.1,0.000799,0.1,10.0,0.0,0.0,0.0,0.0,5271.2,True,True,True,True,True,True,True,False,True,20.19,9.0,58.001,563.0,564,0.9893,4.727,12.0,52.025345,52.555145,-1.464325,-0.602715,0,31.61,18.741,0.27764,0.20993,10.1832,1.0438
S-Vw3,S,S,vw,E,FordFiestaTitanium,HuaweiP20Pro,3,Synchronised V abd S datasets\Categorised IOVNB Dataset\Vw (Driver E)\Vw03\S-Vw3.csv,Synchronised V abd S datasets\Categorised IOVNB Dataset\Vw (Driver E)\Vw03\S-Vw3.csv|Synchronised V abd S datasets\Uncategorised IOVNB Dataset\S-Dataset\S-Vw3.csv|Unsynchronised V and S Dataset\Uncategorised IOVNB (V and S) Dataset\S-Dataset\S-Vw3.csv,3861,24,GPS LATITUDE (degrees)|GPS LONGITUDE (degrees)|GPS ALTITUDE (m)|GPS SPEED (Kmh)|GPS ACCURACY (m)|GPS ORIENTATION (Â°)|GPS SATELLITES IN RANGE|TIME SINCE START (ms)|DATE (YYYY-MO-DD HH-MI-SS_SSS)|ACCELEROMETER X (m/s²)|ACCELEROMETER Y (m/s²)|ACCELEROMETER Z (m/s²)|GRAVITY X (m/s²)|GRAVITY Y (m/s²)|GRAVITY Z (m/s²)|GYROSCOPE Yaw (rad/s)|GYROSCOPE Pitch (rad/s)|GYROSCOPE Roll (rad/s)|MAGNETIC FIELD X (Î¼T)|MAGNETIC FIELD Y (Î¼T)|MAGNETIC FIELD Z (Î¼T)|ORIENTATION (Yaw) (Â°)|ORIENTATION (Pitch) (Â°)|ORIENTATION (Roll ) (Â°),,720455,,7722,100.0,gps_sats_raw:3861|date_raw:3861,0,0,TIME SINCE START (ms) [+ DATE wall clock],0,2020-01-08T11:43:59.983999968,2020-01-08T11:50:25.984999895,True,0,0.095,0.105,0.1,0.000742,0.1,10.0,0.0,0.0,0.0,0.0,386.0,True,True,True,True,True,True,True,False,True,20.49,9.0,15.0,39.0,40,0.9896,3.47,8.0,52.021503,52.049004,-0.755788,-0.733924,0,20.99,13.001,0.33418,0.26789,10.3704,1.3112
S-Vw4,S,S,vw,E,FordFiestaTitanium,HuaweiP20Pro,3,Synchronised V abd S datasets\Categorised IOVNB Dataset\Vw (Driver E)\Vw04\S-Vw4.csv,Synchronised V abd S datasets\Categorised IOVNB Dataset\Vw (Driver E)\Vw04\S-Vw4.csv|Synchronised V abd S datasets\Uncategorised IOVNB Dataset\S-Dataset\S-Vw4.csv|Unsynchronised V and S Dataset\Uncategorised IOVNB (V and S) Dataset\S-Dataset\S-Vw4.csv,126526,24,GPS LATITUDE (degrees)|GPS LONGITUDE (degrees)|GPS ALTITUDE (m)|GPS SPEED (Kmh)|GPS ACCURACY (m)|GPS ORIENTATION (Â°)|GPS SATELLITES IN RANGE|TIME SINCE START (ms)|DATE (YYYY-MO-DD HH-MI-SS_SSS)|ACCELEROMETER X (m/s²)|ACCELEROMETER Y (m/s²)|ACCELEROMETER Z (m/s²)|GRAVITY X (m/s²)|GRAVITY Y (m/s²)|GRAVITY Z (m/s²)|GYROSCOPE Yaw (rad/s)|GYROSCOPE Pitch (rad/s)|GYROSCOPE Roll (rad/s)|MAGNETIC FIELD X (Î¼T)|MAGNETIC FIELD Y (Î¼T)|MAGNETIC FIELD Z (Î¼T)|ORIENTATION (Yaw) (Â°)|ORIENTATION (Pitch) (Â°)|ORIENTATION (Roll ) (Â°),,23607418,,253052,100.0,gps_sats_raw:126526|date_raw:126526,0,0,TIME SINCE START (ms) [+ DATE wall clock],0,2020-01-08T12:15:27.003999949,2020-01-08T15:46:19.503999949,True,0,0.076,0.124,0.1,0.000781,0.1,10.0,0.0,0.0,0.0,0.0,12652.5,True,True,True,True,True,True,True,False,True,21.59,9.0,94.999,1338.0,1339,0.9894,3.582,8.0,51.94643,52.390907,-2.253461,-0.691026,0,35.81,16.977,0.33324,0.26467,10.3427,1.3232
S-Vw5,S,S,vw,E,FordFiestaTitanium,HuaweiP20Pro,3,Synchronised V abd S datasets\Categorised IOVNB Dataset\Vw (Driver E)\Vw05\S-Vw5.csv,Synchronised V abd S datasets\Categorised IOVNB Dataset\Vw (Driver E)\Vw05\S-Vw5.csv|Synchronised V abd S datasets\Uncategorised IOVNB Dataset\S-Dataset\S-Vw5.csv|Unsynchronised V and S Dataset\Uncategorised IOVNB (V and S) Dataset\S-Dataset\S-Vw5.csv,1012,24,GPS LATITUDE (degrees)|GPS LONGITUDE (degrees)|GPS ALTITUDE (m)|GPS SPEED (Kmh)|GPS ACCURACY (m)|GPS ORIENTATION (Â°)|GPS SATELLITES IN RANGE|TIME SINCE START (ms)|DATE (YYYY-MO-DD HH-MI-SS_SSS)|ACCELEROMETER X (m/s²)|ACCELEROMETER Y (m/s²)|ACCELEROMETER Z (m/s²)|GRAVITY X (m/s²)|GRAVITY Y (m/s²)|GRAVITY Z (m/s²)|GYROSCOPE Yaw (rad/s)|GYROSCOPE Pitch (rad/s)|GYROSCOPE Roll (rad/s)|MAGNETIC FIELD X (Î¼T)|MAGNETIC FIELD Y (Î¼T)|MAGNETIC FIELD Z (Î¼T)|ORIENTATION (Yaw) (Â°)|ORIENTATION (Pitch) (Â°)|ORIENTATION (Roll ) (Â°),,188883,,2024,100.0,gps_sats_raw:1012|date_raw:1012,0,0,TIME SINCE START (ms) [+ DATE wall clock],0,2020-01-08T15:46:36.903000116,2020-01-08T15:48:18.003999949,True,0,0.098,0.103,0.100001,0.000703,0.1,10.0,0.0,0.0,0.0,0.0,101.1,True,True,True,True,True,True,True,False,True,24.35,9.0,9.101,10.0,11,0.9891,2.532,3.0,52.20858,52.211346,-2.189921,-2.186995,0,9.87,6.276,0.31268,0.2412,10.3036,1.1246
S-Vw6,S,S,vw,E,FordFiestaTitanium,HuaweiP20Pro,3,Synchronised V abd S datasets\Categorised IOVNB Dataset\Vw (Driver E)\Vw06\S-Vw6.csv,Synchronised V abd S datasets\Categorised IOVNB Dataset\Vw (Driver E)\Vw06\S-Vw6.csv|Synchronised V abd S datasets\Uncategorised IOVNB Dataset\S-Dataset\S-Vw6.csv|Unsynchronised V and S Dataset\Uncategorised IOVNB (V and S) Dataset\S-Dataset\S-Vw6.csv,1281,24,GPS LATITUDE (degrees)|GPS LONGITUDE (degrees)|GPS ALTITUDE (m)|GPS SPEED (Kmh)|GPS ACCURACY (m)|GPS ORIENTATION (Â°)|GPS SATELLITES IN RANGE|TIME SINCE START (ms)|DATE (YYYY-MO-DD HH-MI-SS_SSS)|ACCELEROMETER X (m/s²)|ACCELEROMETER Y (m/s²)|ACCELEROMETER Z (m/s²)|GRAVITY X (m/s²)|GRAVITY Y (m/s²)|GRAVITY Z (m/s²)|GYROSCOPE Yaw (rad/s)|GYROSCOPE Pitch (rad/s)|GYROSCOPE Roll (rad/s)|MAGNETIC FIELD X (Î¼T)|MAGNETIC FIELD Y (Î¼T)|MAGNETIC FIELD Z (Î¼T)|ORIENTATION (Yaw) (Â°)|ORIENTATION (Pitch) (Â°)|ORIENTATION (Roll ) (Â°),,238315,,2562,100.0,gps_sats_raw:1281|date_raw:1281,0,0,TIME SINCE START (ms) [+ DATE wall clock],0,2020-01-08T15:48:22.904000044,2020-01-08T15:50:30.904000044,True,0,0.097,0.103,0.1,0.00067,0.1,10.0,0.0,0.0,0.0,0.0,128.0,True,True,True,True,True,True,True,False,True,24.98,9.0,9.1,13.0,14,0.9891,2.483,3.0,52.211113,52.21419,-2.188399,-2.1842,0,10.42,7.744,0.32031,0.26757,10.2869,1.2997
S-Vw7,S,S,vw,E,FordFiestaTitanium,HuaweiP20Pro,3,Synchronised V abd S datasets\Categorised IOVNB Dataset\Vw (Driver E)\Vw07\S-Vw7.csv,Synchronised V abd S datasets\Categorised IOVNB Dataset\Vw (Driver E)\Vw07\S-Vw7.csv|Synchronised V abd S datasets\Uncategorised IOVNB Dataset\S-Dataset\S-Vw7.csv|Unsynchronised V and S Dataset\Uncategorised IOVNB (V and S) Dataset\S-Dataset\S-Vw7.csv,1602,24,GPS LATITUDE (degrees)|GPS LONGITUDE (degrees)|GPS ALTITUDE (m)|GPS SPEED (Kmh)|GPS ACCURACY (m)|GPS ORIENTATION (Â°)|GPS SATELLITES IN RANGE|TIME SINCE START (ms)|DATE (YYYY-MO-DD HH-MI-SS_SSS)|ACCELEROMETER X (m/s²)|ACCELEROMETER Y (m/s²)|ACCELEROMETER Z (m/s²)|GRAVITY X (m/s²)|GRAVITY Y (m/s²)|GRAVITY Z (m/s²)|GYROSCOPE Yaw (rad/s)|GYROSCOPE Pitch (rad/s)|GYROSCOPE Roll (rad/s)|MAGNETIC FIELD X (Î¼T)|MAGNETIC FIELD Y (Î¼T)|MAGNETIC FIELD Z (Î¼T)|ORIENTATION (Yaw) (Â°)|ORIENTATION (Pitch) (Â°)|ORIENTATION (Roll ) (Â°),,300843,,3204,100.0,gps_sats_raw:1602|date_raw:1602,0,0,TIME SINCE START (ms) [+ DATE wall clock],0,2020-01-08T15:55:09.003999949,2020-01-08T15:57:49.102999926,True,0,0.094,0.106,0.099999,0.000713,0.1,10.0,0.0,0.0,0.0,0.0,160.1,True,True,True,True,True,True,True,False,True,22.71,9.0,9.1,16.0,17,0.9894,2.224,3.0,52.201782,52.203262,-2.201946,-2.196013,0,13.7,7.016,0.33694,0.25462,10.3381,1.1587
S-Vw8,S,S,vw,E,FordFiestaTitanium,HuaweiP20Pro,3,Synchronised V abd S datasets\Categorised IOVNB Dataset\Vw (Driver E)\Vw08\S-Vw8.csv,Synchronised V abd S datasets\Categorised IOVNB Dataset\Vw (Driver E)\Vw08\S-Vw8.csv|Synchronised V abd S datasets\Uncategorised IOVNB Dataset\S-Dataset\S-Vw8.csv|Unsynchronised V and S Dataset\Uncategorised IOVNB (V and S) Dataset\S-Dataset\S-Vw8.csv,1529,24,GPS LATITUDE (degrees)|GPS LONGITUDE (degrees)|GPS ALTITUDE (m)|GPS SPEED (Kmh)|GPS ACCURACY (m)|GPS ORIENTATION (Â°)|GPS SATELLITES IN RANGE|TIME SINCE START (ms)|DATE (YYYY-MO-DD HH-MI-SS_SSS)|ACCELEROMETER X (m/s²)|ACCELEROMETER Y (m/s²)|ACCELEROMETER Z (m/s²)|GRAVITY X (m/s²)|GRAVITY Y (m/s²)|GRAVITY Z (m/s²)|GYROSCOPE Yaw (rad/s)|GYROSCOPE Pitch (rad/s)|GYROSCOPE Roll (rad/s)|MAGNETIC FIELD X (Î¼T)|MAGNETIC FIELD Y (Î¼T)|MAGNETIC FIELD Z (Î¼T)|ORIENTATION (Yaw) (Â°)|ORIENTATION (Pitch) (Â°)|ORIENTATION (Roll ) (Â°),,287123,,3058,100.0,gps_sats_raw:1529|date_raw:1529,0,0,TIME SINCE START (ms) [+ DATE wall clock],0,2020-01-08T15:58:09.003999949,2020-01-08T16:00:41.803999901,True,0,0.095,0.105,0.1,0.000743,0.1,10.0,0.0,0.0,0.0,0.0,152.8,True,True,True,True,True,True,True,False,True,22.35,9.0,9.101,15.0,16,0.9895,2.587,3.0,52.201775,52.203125,-2.202045,-2.195737,0,10.76,7.159,0.36756,0.27435,10.4022,1.2688
S-Vw9,S,S,vw,E,FordFiestaTitanium,HuaweiP20Pro,3,Synchronised V abd S datasets\Categorised IOVNB Dataset\Vw (Driver E)\Vw09\S-Vw9.csv,Synchronised V abd S datasets\Categorised IOVNB Dataset\Vw (Driver E)\Vw09\S-Vw9.csv|Synchronised V abd S datasets\Uncategorised IOVNB Dataset\S-Dataset\S-Vw9.csv|Unsynchronised V and S Dataset\Uncategorised IOVNB (V and S) Dataset\S-Dataset\S-Vw9.csv,552,24,GPS LATITUDE (degrees)|GPS LONGITUDE (degrees)|GPS ALTITUDE (m)|GPS SPEED (Kmh)|GPS ACCURACY (m)|GPS ORIENTATION (Â°)|GPS SATELLITES IN RANGE|TIME SINCE START (ms)|DATE (YYYY-MO-DD HH-MI-SS_SSS)|ACCELEROMETER X (m/s²)|ACCELEROMETER Y (m/s²)|ACCELEROMETER Z (m/s²)|GRAVITY X (m/s²)|GRAVITY Y (m/s²)|GRAVITY Z (m/s²)|GYROSCOPE Yaw (rad/s)|GYROSCOPE Pitch (rad/s)|GYROSCOPE Roll (rad/s)|MAGNETIC FIELD X (Î¼T)|MAGNETIC FIELD Y (Î¼T)|MAGNETIC FIELD Z (Î¼T)|ORIENTATION (Yaw) (Â°)|ORIENTATION (Pitch) (Â°)|ORIENTATION (Roll ) (Â°),,103572,,1104,100.0,gps_sats_raw:552|date_raw:552,0,0,TIME SINCE START (ms) [+ DATE wall clock],0,2020-01-08T16:04:00.403000116,2020-01-08T16:04:55.503999949,True,0,0.097,0.103,0.100002,0.000694,0.1,10.0,0.0,0.0,0.0,0.0,55.1,True,True,True,True,True,True,True,False,True,23.03,9.0,9.098,5.0,6,0.9891,2.52,3.0,52.201527,52.202805,-2.205823,-2.2002,0,14.04,8.462,0.33253,0.23135,10.3179,1.2821
S-Y1,S,S,y,D,FordFiestaTitanium,HuaweiP20Pro,3,Synchronised V abd S datasets\Categorised IOVNB Dataset\Y (Driver D)\Y1\S-Y1.csv,Synchronised V abd S datasets\Categorised IOVNB Dataset\Y (Driver D)\Y1\S-Y1.csv|Synchronised V abd S datasets\Uncategorised IOVNB Dataset\S-Dataset\S-Y1.csv|Unsynchronised V and S Dataset\Uncategorised IOVNB (V and S) Dataset\S-Dataset\S-Y1.csv,70285,24,GPS LATITUDE (degrees)|GPS LONGITUDE (degrees)|GPS ALTITUDE (m)|GPS SPEED (Kmh)|GPS ACCURACY (m)|GPS ORIENTATION (Â°)|GPS SATELLITES IN RANGE|TIME SINCE START (ms)|DATE (YYYY-MO-DD HH-MI-SS_SSS)|ACCELEROMETER X (m/s²)|ACCELEROMETER Y (m/s²)|ACCELEROMETER Z (m/s²)|GRAVITY X (m/s²)|GRAVITY Y (m/s²)|GRAVITY Z (m/s²)|GYROSCOPE Yaw (rad/s)|GYROSCOPE Pitch (rad/s)|GYROSCOPE Roll (rad/s)|MAGNETIC FIELD X (Î¼T)|MAGNETIC FIELD Y (Î¼T)|MAGNETIC FIELD Z (Î¼T)|ORIENTATION (Yaw) (Â°)|ORIENTATION (Pitch) (Â°)|ORIENTATION (Roll ) (Â°),,13039543,,140668,100.0,gps_speed_kmh:4|gps_bearing_deg:94|gps_sats_raw:70285|date_raw:70285,0,0,TIME SINCE START (ms) [+ DATE wall clock],0,2019-08-30T18:12:45.703000069,2019-08-30T20:15:57.020999908,False,1,0.0,0.112,0.095197,0.019551,0.1,10.0,1.0,0.0,0.0,3376.0,6690.8,True,True,True,True,True,True,True,False,True,18.29,9.0,95.0,717.0,720,0.9898,3.259,24.0,52.394756,52.470875,-1.545744,-1.47026,0,21.53,8.484,0.12046,0.19157,9.9316,0.6557
V-M,V_full,V,m,B,FordFiestaTitanium,,2,Unsynchronised V and S Dataset\Categorised IOVNB (V) Dataset\V Dataset\M (Driver B)\V-M.csv,Unsynchronised V and S Dataset\Categorised IOVNB (V) Dataset\V Dataset\M (Driver B)\V-M.csv|Unsynchronised V and S Dataset\Uncategorised IOVNB (V and S) Dataset\V-Dataset\V-M.csv,105995,29,No of GPS Satellites Available|Time Since Start of Day (seconds)|Latitude (degrees)|Longitude (degrees)|Velocity (km/hr)|Heading (degrees)|Height (km)|Vertical velocity (km/hr)|Sample period (seconds)|Steering Angle (degrees)|Wheel Speed Front Left (rad/sec)|Wheel Speed Front Right (rad/sec)|Wheel Speed Rear Left (rad/sec)|Wheel Speed Rear Right (rad/sec)|Yaw Rate (deg/sec)|Indicated Vehicle Speed (km/hr)|Indicated Longitudinal Acceleration (g)|Indicated Lateral Acceleration (g)|Handbrake (0 or 1)|Gear Requested (Number fof gear employed 1-5)|Gear (Number fof gear employed 1-5)|Engine Speed (rev/min)|Coolant Temperature (degrees)|Clutch Position (0 or 1)|Brake Pressure (psi)|Brake Position (0 or 1)|Battery Voltage (volts)|Air Temperature (degrees)|Accelerator Pedal Position (0 or 1),,21659868,,0,0.0,,1,0,Time Since Start of Day (seconds),0,29606.4,40205.8,True,1,0.0,0.2,0.1,0.000434,0.1,10.0,1.0,0.0,0.0,2.0,10599.4,False,False,False,False,False,True,False,True,True,124.63,0.1,2.6,0.0,101589,0.0416,,,52.35783,52.479323,-1.588719,-1.378415,0,100.688,35.701,,,,
V-M,V_sync,V,m,B,FordFiestaTitanium,,2,Synchronised V abd S datasets\Categorised IOVNB Dataset\M (Driver B)\V-M.csv,Synchronised V abd S datasets\Categorised IOVNB Dataset\M (Driver B)\V-M.csv|Synchronised V abd S datasets\Uncategorised IOVNB Dataset\V-Dataset\V-M.csv,105974,29,No of GPS Satellites Available|Time Since Start of Day (seconds)|Latitude (degrees)|Longitude (degrees)|Velocity (km/hr)|Heading (degrees)|Height (km)|Vertical velocity (km/hr)|Sample period (seconds)|Steering Angle (degrees)|Wheel Speed Front Left (rad/sec)|Wheel Speed Front Right (rad/sec)|Wheel Speed Rear Left (rad/sec)|Wheel Speed Rear Right (rad/sec)|Yaw Rate (deg/sec)|Indicated Vehicle Speed (km/hr)|Indicated Longitudinal Acceleration (g)|Indicated Lateral Acceleration (g)|Handbrake (0 or 1)|Gear Requested (Number fof gear employed 1-5)|Gear (Number fof gear employed 1-5)|Engine Speed (rev/min)|Coolant Temperature (degrees)|Clutch Position (0 or 1)|Brake Pressure (psi)|Brake Position (0 or 1)|Battery Voltage (volts)|Air Temperature (degrees)|Accelerator Pedal Position (0 or 1),,22507823,,0,0.0,,1,0,Time Since Start of Day (seconds),0,29608.4,40205.7,True,1,0.0,0.2,0.1,0.000434,0.1,10.0,1.0,0.0,0.0,2.0,10597.3,False,False,False,False,False,True,False,True,True,124.63,0.1,2.6,0.0,101569,0.0416,,,52.35783,52.479323,-1.588719,-1.378415,0,100.688,35.706,,,,
V-S1,V_full,V,s,A,FordFiestaTitanium,,2,Unsynchronised V and S Dataset\Categorised IOVNB (V) Dataset\V Dataset\S (Driver A)\S1\V-S1.csv,Unsynchronised V and S Dataset\Categorised IOVNB (V) Dataset\V Dataset\S (Driver A)\S1\V-S1.csv|Unsynchronised V and S Dataset\Uncategorised IOVNB (V and S) Dataset\V-Dataset\V-S1.csv,51790,29,No of GPS Satellites Available|Time Since Start of Day (seconds)|Latitude (degrees)|Longitude (degrees)|Velocity (km/hr)|Heading (degrees)|Height (km)|Vertical velocity (km/hr)|Sample period (seconds)|Steering Angle (degrees)|Wheel Speed Front Left (rad/sec)|Wheel Speed Front Right (rad/sec)|Wheel Speed Rear Left (rad/sec)|Wheel Speed Rear Right (rad/sec)|Yaw Rate (deg/sec)|Indicated Vehicle Speed (km/hr)|Indicated Longitudinal Acceleration (g)|Indicated Lateral Acceleration (g)|Handbrake (0 or 1)|Gear Requested (Number fof gear employed 1-5)|Gear (Number fof gear employed 1-5)|Engine Speed (rev/min)|Coolant Temperature (degrees)|Clutch Position (0 or 1)|Brake Pressure (psi)|Brake Position (0 or 1)|Battery Voltage (volts)|Air Temperature (degrees)|Accelerator Pedal Position (0 or 1),,10505959,,0,0.0,,0,0,Time Since Start of Day (seconds),0,32864.7,38043.6,True,0,0.099,0.101,0.1,6e-06,0.1,10.0,0.0,0.0,0.0,0.0,5178.9,False,False,False,False,False,True,False,True,True,114.22,0.1,2.0,0.0,49527,0.0437,,,52.398404,52.419925,-1.603427,-1.504984,0,93.834,26.398,,,,
V-S1,V_sync,V,s,A,FordFiestaTitanium,,2,Synchronised V abd S datasets\Categorised IOVNB Dataset\S (Driver A)\S1\V-S1.csv,Synchronised V abd S datasets\Categorised IOVNB Dataset\S (Driver A)\S1\V-S1.csv|Synchronised V abd S datasets\Uncategorised IOVNB Dataset\V-Dataset\V-S1.csv,51746,29,No of GPS Satellites Available|Time Since Start of Day (seconds)|Latitude (degrees)|Longitude (degrees)|Velocity (km/hr)|Heading (degrees)|Height (km)|Vertical velocity (km/hr)|Sample period (seconds)|Steering Angle (degrees)|Wheel Speed Front Left (rad/sec)|Wheel Speed Front Right (rad/sec)|Wheel Speed Rear Left (rad/sec)|Wheel Speed Rear Right (rad/sec)|Yaw Rate (deg/sec)|Indicated Vehicle Speed (km/hr)|Indicated Longitudinal Acceleration (g)|Indicated Lateral Acceleration (g)|Handbrake (0 or 1)|Gear Requested (Number fof gear employed 1-5)|Gear (Number fof gear employed 1-5)|Engine Speed (rev/min)|Coolant Temperature (degrees)|Clutch Position (0 or 1)|Brake Pressure (psi)|Brake Position (0 or 1)|Battery Voltage (volts)|Air Temperature (degrees)|Accelerator Pedal Position (0 or 1),,10967129,,0,0.0,,0,0,Time Since Start of Day (seconds),0,32869.0,38043.5,True,0,0.099,0.101,0.1,6e-06,0.1,10.0,0.0,0.0,0.0,0.0,5174.5,False,False,False,False,False,True,False,True,True,114.31,0.1,2.0,0.0,49484,0.0437,,,52.398404,52.419925,-1.603427,-1.505333,0,93.834,26.401,,,,
V-S2,V_full,V,s,A,FordFiestaTitanium,,2,Unsynchronised V and S Dataset\Categorised IOVNB (V) Dataset\V Dataset\S (Driver A)\S2\V-S2.csv,Unsynchronised V and S Dataset\Categorised IOVNB (V) Dataset\V Dataset\S (Driver A)\S2\V-S2.csv|Unsynchronised V and S Dataset\Uncategorised IOVNB (V and S) Dataset\V-Dataset\V-S2.csv,93900,29,No of GPS Satellites Available|Time Since Start of Day (seconds)|Latitude (degrees)|Longitude (degrees)|Velocity (km/hr)|Heading (degrees)|Height (km)|Vertical velocity (km/hr)|Sample period (seconds)|Steering Angle (degrees)|Wheel Speed Front Left (rad/sec)|Wheel Speed Front Right (rad/sec)|Wheel Speed Rear Left (rad/sec)|Wheel Speed Rear Right (rad/sec)|Yaw Rate (deg/sec)|Indicated Vehicle Speed (km/hr)|Indicated Longitudinal Acceleration (g)|Indicated Lateral Acceleration (g)|Handbrake (0 or 1)|Gear Requested (Number fof gear employed 1-5)|Gear (Number fof gear employed 1-5)|Engine Speed (rev/min)|Coolant Temperature (degrees)|Clutch Position (0 or 1)|Brake Pressure (psi)|Brake Position (0 or 1)|Battery Voltage (volts)|Air Temperature (degrees)|Accelerator Pedal Position (0 or 1),,19297256,,0,0.0,,0,0,Time Since Start of Day (seconds),0,39824.4,49214.3,True,0,0.099,0.101,0.1,7e-06,0.1,10.0,0.0,0.0,0.0,0.0,9389.9,False,False,False,False,False,True,False,True,True,118.07,0.1,2.9,0.0,89627,0.0455,,,52.390275,52.558779,-1.597009,-1.363152,0,105.224,28.934,,,,
V-S2,V_sync,V,s,A,FordFiestaTitanium,,2,Synchronised V abd S datasets\Categorised IOVNB Dataset\S (Driver A)\S2\V-S2.csv,Synchronised V abd S datasets\Categorised IOVNB Dataset\S (Driver A)\S2\V-S2.csv|Synchronised V abd S datasets\Uncategorised IOVNB Dataset\V-Dataset\V-S2.csv,93876,29,No of GPS Satellites Available|Time Since Start of Day (seconds)|Latitude (degrees)|Longitude (degrees)|Velocity (km/hr)|Heading (degrees)|Height (km)|Vertical velocity (km/hr)|Sample period (seconds)|Steering Angle (degrees)|Wheel Speed Front Left (rad/sec)|Wheel Speed Front Right (rad/sec)|Wheel Speed Rear Left (rad/sec)|Wheel Speed Rear Right (rad/sec)|Yaw Rate (deg/sec)|Indicated Vehicle Speed (km/hr)|Indicated Longitudinal Acceleration (g)|Indicated Lateral Acceleration (g)|Handbrake (0 or 1)|Gear Requested (Number fof gear employed 1-5)|Gear (Number fof gear employed 1-5)|Engine Speed (rev/min)|Coolant Temperature (degrees)|Clutch Position (0 or 1)|Brake Pressure (psi)|Brake Position (0 or 1)|Battery Voltage (volts)|Air Temperature (degrees)|Accelerator Pedal Position (0 or 1),,20091681,,0,0.0,,0,0,Time Since Start of Day (seconds),0,39824.4,49211.9,True,0,0.099,0.101,0.1,7e-06,0.1,10.0,0.0,0.0,0.0,0.0,9387.5,False,False,False,False,False,True,False,True,True,118.06,0.1,2.9,0.0,89619,0.0453,,,52.390275,52.558779,-1.597009,-1.363152,0,105.224,28.941,,,,
V-S3a,V_full,V,s,A,FordFiestaTitanium,,2,Unsynchronised V and S Dataset\Categorised IOVNB (V) Dataset\V Dataset\S (Driver A)\S3a\V-S3a.csv,Unsynchronised V and S Dataset\Categorised IOVNB (V) Dataset\V Dataset\S (Driver A)\S3a\V-S3a.csv|Unsynchronised V and S Dataset\Uncategorised IOVNB (V and S) Dataset\V-Dataset\V-S3a.csv,24660,29,No of GPS Satellites Available|Time Since Start of Day (seconds)|Latitude (degrees)|Longitude (degrees)|Velocity (km/hr)|Heading (degrees)|Height (km)|Vertical velocity (km/hr)|Sample period (seconds)|Steering Angle (degrees)|Wheel Speed Front Left (rad/sec)|Wheel Speed Front Right (rad/sec)|Wheel Speed Rear Left (rad/sec)|Wheel Speed Rear Right (rad/sec)|Yaw Rate (deg/sec)|Indicated Vehicle Speed (km/hr)|Indicated Longitudinal Acceleration (g)|Indicated Lateral Acceleration (g)|Handbrake (0 or 1)|Gear Requested (Number fof gear employed 1-5)|Gear (Number fof gear employed 1-5)|Engine Speed (rev/min)|Coolant Temperature (degrees)|Clutch Position (0 or 1)|Brake Pressure (psi)|Brake Position (0 or 1)|Battery Voltage (volts)|Air Temperature (degrees)|Accelerator Pedal Position (0 or 1),,5089354,,0,0.0,,0,0,Time Since Start of Day (seconds),0,66114.2,68580.1,True,0,0.1,0.1,0.1,0.0,0.1,10.0,0.0,0.0,0.0,0.0,2465.9,False,False,False,False,False,True,False,True,True,119.0,0.1,1.5,0.0,23710,0.0385,,,52.362658,52.40785,-1.500357,-1.228861,0,98.017,37.887,,,,
V-S3a,V_sync,V,s,A,FordFiestaTitanium,,2,Synchronised V abd S datasets\Categorised IOVNB Dataset\S (Driver A)\S3a\V-S3a.csv,Synchronised V abd S datasets\Categorised IOVNB Dataset\S (Driver A)\S3a\V-S3a.csv|Synchronised V abd S datasets\Uncategorised IOVNB Dataset\V-Dataset\V-S3a.csv,24621,29,No of GPS Satellites Available|Time Since Start of Day (seconds)|Latitude (degrees)|Longitude (degrees)|Velocity (km/hr)|Heading (degrees)|Height (km)|Vertical velocity (km/hr)|Sample period (seconds)|Steering Angle (degrees)|Wheel Speed Front Left (rad/sec)|Wheel Speed Front Right (rad/sec)|Wheel Speed Rear Left (rad/sec)|Wheel Speed Rear Right (rad/sec)|Yaw Rate (deg/sec)|Indicated Vehicle Speed (km/hr)|Indicated Longitudinal Acceleration (g)|Indicated Lateral Acceleration (g)|Handbrake (0 or 1)|Gear Requested (Number fof gear employed 1-5)|Gear (Number fof gear employed 1-5)|Engine Speed (rev/min)|Coolant Temperature (degrees)|Clutch Position (0 or 1)|Brake Pressure (psi)|Brake Position (0 or 1)|Battery Voltage (volts)|Air Temperature (degrees)|Accelerator Pedal Position (0 or 1),,5286764,,0,0.0,,0,0,Time Since Start of Day (seconds),0,66118.0,68580.0,True,0,0.1,0.1,0.1,0.0,0.1,10.0,0.0,0.0,0.0,0.0,2462.0,False,False,False,False,False,True,False,True,True,119.17,0.1,1.5,0.0,23671,0.0386,,,52.362658,52.40785,-1.500289,-1.22886,0,98.017,37.937,,,,
V-S3b,V_full,V,s,A,FordFiestaTitanium,,2,Unsynchronised V and S Dataset\Categorised IOVNB (V) Dataset\V Dataset\S (Driver A)\S3b\V-S3b.csv,Unsynchronised V and S Dataset\Categorised IOVNB (V) Dataset\V Dataset\S (Driver A)\S3b\V-S3b.csv|Unsynchronised V and S Dataset\Uncategorised IOVNB (V and S) Dataset\V-Dataset\V-S3b.csv,6840,29,No of GPS Satellites Available|Time Since Start of Day (seconds)|Latitude (degrees)|Longitude (degrees)|Velocity (km/hr)|Heading (degrees)|Height (km)|Vertical velocity (km/hr)|Sample period (seconds)|Steering Angle (degrees)|Wheel Speed Front Left (rad/sec)|Wheel Speed Front Right (rad/sec)|Wheel Speed Rear Left (rad/sec)|Wheel Speed Rear Right (rad/sec)|Yaw Rate (deg/sec)|Indicated Vehicle Speed (km/hr)|Indicated Longitudinal Acceleration (g)|Indicated Lateral Acceleration (g)|Handbrake (0 or 1)|Gear Requested (Number fof gear employed 1-5)|Gear (Number fof gear employed 1-5)|Engine Speed (rev/min)|Coolant Temperature (degrees)|Clutch Position (0 or 1)|Brake Pressure (psi)|Brake Position (0 or 1)|Battery Voltage (volts)|Air Temperature (degrees)|Accelerator Pedal Position (0 or 1),,1410120,,0,0.0,,0,0,Time Since Start of Day (seconds),0,68580.2,69264.1,True,0,0.1,0.1,0.1,0.0,0.1,10.0,0.0,0.0,0.0,0.0,683.9,False,False,False,False,False,True,False,True,True,97.85,0.1,0.5,0.0,6604,0.0345,,,52.36964,52.379301,-1.261212,-1.252097,0,44.842,19.994,,,,
V-S3b,V_sync,V,s,A,FordFiestaTitanium,,2,Synchronised V abd S datasets\Categorised IOVNB Dataset\S (Driver A)\S3b\V-S3b.csv,Synchronised V abd S datasets\Categorised IOVNB Dataset\S (Driver A)\S3b\V-S3b.csv|Synchronised V abd S datasets\Uncategorised IOVNB Dataset\V-Dataset\V-S3b.csv,6813,29,No of GPS Satellites Available|Time Since Start of Day (seconds)|Latitude (degrees)|Longitude (degrees)|Velocity (km/hr)|Heading (degrees)|Height (km)|Vertical velocity (km/hr)|Sample period (seconds)|Steering Angle (degrees)|Wheel Speed Front Left (rad/sec)|Wheel Speed Front Right (rad/sec)|Wheel Speed Rear Left (rad/sec)|Wheel Speed Rear Right (rad/sec)|Yaw Rate (deg/sec)|Indicated Vehicle Speed (km/hr)|Indicated Longitudinal Acceleration (g)|Indicated Lateral Acceleration (g)|Handbrake (0 or 1)|Gear Requested (Number fof gear employed 1-5)|Gear (Number fof gear employed 1-5)|Engine Speed (rev/min)|Coolant Temperature (degrees)|Clutch Position (0 or 1)|Brake Pressure (psi)|Brake Position (0 or 1)|Battery Voltage (volts)|Air Temperature (degrees)|Accelerator Pedal Position (0 or 1),,1464196,,0,0.0,,0,0,Time Since Start of Day (seconds),0,68582.8,69264.0,True,0,0.1,0.1,0.1,0.0,0.1,10.0,0.0,0.0,0.0,0.0,681.2,False,False,False,False,False,True,False,True,True,97.71,0.1,0.5,0.0,6577,0.0346,,,52.36964,52.379301,-1.261195,-1.252097,0,44.734,19.905,,,,
V-S3c,V_full,V,s,A,FordFiestaTitanium,,2,Unsynchronised V and S Dataset\Categorised IOVNB (V) Dataset\V Dataset\S (Driver A)\S3c\V-S3c.csv,Unsynchronised V and S Dataset\Categorised IOVNB (V) Dataset\V Dataset\S (Driver A)\S3c\V-S3c.csv|Unsynchronised V and S Dataset\Uncategorised IOVNB (V and S) Dataset\V-Dataset\V-S3c.csv,37220,29,No of GPS Satellites Available|Time Since Start of Day (seconds)|Latitude (degrees)|Longitude (degrees)|Velocity (km/hr)|Heading (degrees)|Height (km)|Vertical velocity (km/hr)|Sample period (seconds)|Steering Angle (degrees)|Wheel Speed Front Left (rad/sec)|Wheel Speed Front Right (rad/sec)|Wheel Speed Rear Left (rad/sec)|Wheel Speed Rear Right (rad/sec)|Yaw Rate (deg/sec)|Indicated Vehicle Speed (km/hr)|Indicated Longitudinal Acceleration (g)|Indicated Lateral Acceleration (g)|Handbrake (0 or 1)|Gear Requested (Number fof gear employed 1-5)|Gear (Number fof gear employed 1-5)|Engine Speed (rev/min)|Coolant Temperature (degrees)|Clutch Position (0 or 1)|Brake Pressure (psi)|Brake Position (0 or 1)|Battery Voltage (volts)|Air Temperature (degrees)|Accelerator Pedal Position (0 or 1),,7687239,,0,0.0,,0,0,Time Since Start of Day (seconds),0,69264.2,72986.1,True,0,0.099,0.101,0.1,7e-06,0.1,10.0,0.0,0.0,0.0,0.0,3721.9,False,False,False,False,False,True,False,True,True,87.53,0.1,10.8,1.0,36278,0.0253,,,52.379272,52.437325,-1.519739,-1.23653,0,117.122,42.306,,,,
V-S3c,V_sync,V,s,A,FordFiestaTitanium,,2,Synchronised V abd S datasets\Categorised IOVNB Dataset\S (Driver A)\S3c\V-S3c.csv,Synchronised V abd S datasets\Categorised IOVNB Dataset\S (Driver A)\S3c\V-S3c.csv|Synchronised V abd S datasets\Uncategorised IOVNB Dataset\V-Dataset\V-S3c.csv,37183,29,No of GPS Satellites Available|Time Since Start of Day (seconds)|Latitude (degrees)|Longitude (degrees)|Velocity (km/hr)|Heading (degrees)|Height (km)|Vertical velocity (km/hr)|Sample period (seconds)|Steering Angle (degrees)|Wheel Speed Front Left (rad/sec)|Wheel Speed Front Right (rad/sec)|Wheel Speed Rear Left (rad/sec)|Wheel Speed Rear Right (rad/sec)|Yaw Rate (deg/sec)|Indicated Vehicle Speed (km/hr)|Indicated Longitudinal Acceleration (g)|Indicated Lateral Acceleration (g)|Handbrake (0 or 1)|Gear Requested (Number fof gear employed 1-5)|Gear (Number fof gear employed 1-5)|Engine Speed (rev/min)|Coolant Temperature (degrees)|Clutch Position (0 or 1)|Brake Pressure (psi)|Brake Position (0 or 1)|Battery Voltage (volts)|Air Temperature (degrees)|Accelerator Pedal Position (0 or 1),,7976092,,0,0.0,,0,0,Time Since Start of Day (seconds),0,69267.8,72986.0,True,0,0.099,0.101,0.1,7e-06,0.1,10.0,0.0,0.0,0.0,0.0,3718.2,False,False,False,False,False,True,False,True,True,87.49,0.1,10.8,1.0,36241,0.0253,,,52.379412,52.437325,-1.519739,-1.23653,0,117.122,42.308,,,,
V-S4,V_full,V,s,A,FordFiestaTitanium,,2,Unsynchronised V and S Dataset\Categorised IOVNB (V) Dataset\V Dataset\S (Driver A)\S4\V-S4.csv,Unsynchronised V and S Dataset\Categorised IOVNB (V) Dataset\V Dataset\S (Driver A)\S4\V-S4.csv|Unsynchronised V and S Dataset\Uncategorised IOVNB (V and S) Dataset\V-Dataset\V-S4.csv,97824,29,No of GPS Satellites Available|Time Since Start of Day (seconds)|Latitude (degrees)|Longitude (degrees)|Velocity (km/hr)|Heading (degrees)|Height (km)|Vertical velocity (km/hr)|Sample period (seconds)|Steering Angle (degrees)|Wheel Speed Front Left (rad/sec)|Wheel Speed Front Right (rad/sec)|Wheel Speed Rear Left (rad/sec)|Wheel Speed Rear Right (rad/sec)|Yaw Rate (deg/sec)|Indicated Vehicle Speed (km/hr)|Indicated Longitudinal Acceleration (g)|Indicated Lateral Acceleration (g)|Handbrake (0 or 1)|Gear Requested (Number fof gear employed 1-5)|Gear (Number fof gear employed 1-5)|Engine Speed (rev/min)|Coolant Temperature (degrees)|Clutch Position (0 or 1)|Brake Pressure (psi)|Brake Position (0 or 1)|Battery Voltage (volts)|Air Temperature (degrees)|Accelerator Pedal Position (0 or 1),,19863006,,0,0.0,,0,0,Time Since Start of Day (seconds),0,62172.8,71955.1,True,0,0.099,0.101,0.1,5e-06,0.1,10.0,0.0,0.0,0.0,0.0,9782.3,False,False,False,False,False,True,False,True,True,107.97,0.1,2.1,0.0,90315,0.0768,,,52.369896,52.438283,-1.590143,-1.430465,0,109.631,34.108,,,,
V-S4,V_sync,V,s,A,FordFiestaTitanium,,2,Synchronised V abd S datasets\Categorised IOVNB Dataset\S (Driver A)\S4\V-S4.csv,Synchronised V abd S datasets\Categorised IOVNB Dataset\S (Driver A)\S4\V-S4.csv|Synchronised V abd S datasets\Uncategorised IOVNB Dataset\V-Dataset\V-S4.csv,94600,29,No of GPS Satellites Available|Time Since Start of Day (seconds)|Latitude (degrees)|Longitude (degrees)|Velocity (km/hr)|Heading (degrees)|Height (km)|Vertical velocity (km/hr)|Sample period (seconds)|Steering Angle (degrees)|Wheel Speed Front Left (rad/sec)|Wheel Speed Front Right (rad/sec)|Wheel Speed Rear Left (rad/sec)|Wheel Speed Rear Right (rad/sec)|Yaw Rate (deg/sec)|Indicated Vehicle Speed (km/hr)|Indicated Longitudinal Acceleration (g)|Indicated Lateral Acceleration (g)|Handbrake (0 or 1)|Gear Requested (Number fof gear employed 1-5)|Gear (Number fof gear employed 1-5)|Engine Speed (rev/min)|Coolant Temperature (degrees)|Clutch Position (0 or 1)|Brake Pressure (psi)|Brake Position (0 or 1)|Battery Voltage (volts)|Air Temperature (degrees)|Accelerator Pedal Position (0 or 1),,20164189,,0,0.0,,0,0,Time Since Start of Day (seconds),0,62173.4,71633.3,True,0,0.099,0.101,0.1,5e-06,0.1,10.0,0.0,0.0,0.0,0.0,9459.9,False,False,False,False,False,True,False,True,True,108.39,0.1,2.1,0.0,87120,0.0791,,,52.369896,52.438283,-1.590143,-1.430465,0,109.631,33.65,,,,
V-St1,V_full,V,st,C,FordFiestaTitanium,,2,Unsynchronised V and S Dataset\Categorised IOVNB (V) Dataset\V Dataset\St (Driver C)\St1\V-St1.csv,Unsynchronised V and S Dataset\Categorised IOVNB (V) Dataset\V Dataset\St (Driver C)\St1\V-St1.csv|Unsynchronised V and S Dataset\Uncategorised IOVNB (V and S) Dataset\V-Dataset\V-St1.csv,57213,29,No of GPS Satellites Available|Time Since Start of Day (seconds)|Latitude (degrees)|Longitude (degrees)|Velocity (km/hr)|Heading (degrees)|Height (km)|Vertical velocity (km/hr)|Sample period (seconds)|Steering Angle (degrees)|Wheel Speed Front Left (rad/sec)|Wheel Speed Front Right (rad/sec)|Wheel Speed Rear Left (rad/sec)|Wheel Speed Rear Right (rad/sec)|Yaw Rate (deg/sec)|Indicated Vehicle Speed (km/hr)|Indicated Longitudinal Acceleration (g)|Indicated Lateral Acceleration (g)|Handbrake (0 or 1)|Gear Requested (Number fof gear employed 1-5)|Gear (Number fof gear employed 1-5)|Engine Speed (rev/min)|Coolant Temperature (degrees)|Clutch Position (0 or 1)|Brake Pressure (psi)|Brake Position (0 or 1)|Battery Voltage (volts)|Air Temperature (degrees)|Accelerator Pedal Position (0 or 1),,11545416,,0,0.0,,0,0,Time Since Start of Day (seconds),0,35349.9,41071.1,True,0,0.1,0.1,0.1,0.0,0.1,10.0,0.0,0.0,0.0,0.0,5721.2,False,False,False,False,False,True,False,True,True,68.07,0.1,2.9,0.0,56197,0.0178,,,52.337643,52.411981,-1.581401,-1.496459,0,73.346,29.229,,,,
V-St4,V_full,V,st,C,FordFiestaTitanium,,2,Unsynchronised V and S Dataset\Categorised IOVNB (V) Dataset\V Dataset\St (Driver C)\St4\V-St4.csv,Unsynchronised V and S Dataset\Categorised IOVNB (V) Dataset\V Dataset\St (Driver C)\St4\V-St4.csv|Unsynchronised V and S Dataset\Uncategorised IOVNB (V and S) Dataset\V-Dataset\V-St4.csv,13591,29,No of GPS Satellites Available|Time Since Start of Day (seconds)|Latitude (degrees)|Longitude (degrees)|Velocity (km/hr)|Heading (degrees)|Height (km)|Vertical velocity (km/hr)|Sample period (seconds)|Steering Angle (degrees)|Wheel Speed Front Left (rad/sec)|Wheel Speed Front Right (rad/sec)|Wheel Speed Rear Left (rad/sec)|Wheel Speed Rear Right (rad/sec)|Yaw Rate (deg/sec)|Indicated Vehicle Speed (km/hr)|Indicated Longitudinal Acceleration (g)|Indicated Lateral Acceleration (g)|Handbrake (0 or 1)|Gear Requested (Number fof gear employed 1-5)|Gear (Number fof gear employed 1-5)|Engine Speed (rev/min)|Coolant Temperature (degrees)|Clutch Position (0 or 1)|Brake Pressure (psi)|Brake Position (0 or 1)|Battery Voltage (volts)|Air Temperature (degrees)|Accelerator Pedal Position (0 or 1),,2794203,,0,0.0,,1,0,Time Since Start of Day (seconds),0,45917.6,47276.6,True,1,0.0,0.2,0.1,0.001213,0.1,10.0,1.0,0.0,0.0,2.0,1359.0,False,False,False,False,False,True,False,True,True,128.21,0.1,0.2,0.0,13587,0.0003,,,52.218302,52.404333,-1.613717,-1.490914,0,101.426,75.321,,,,
V-St6,V_full,V,st,C,FordFiestaTitanium,,2,Unsynchronised V and S Dataset\Categorised IOVNB (V) Dataset\V Dataset\St (Driver C)\St6\V-St6.csv,Unsynchronised V and S Dataset\Categorised IOVNB (V) Dataset\V Dataset\St (Driver C)\St6\V-St6.csv|Unsynchronised V and S Dataset\Uncategorised IOVNB (V and S) Dataset\V-Dataset\V-St6.csv,51360,29,No of GPS Satellites Available|Time Since Start of Day (seconds)|Latitude (degrees)|Longitude (degrees)|Velocity (km/hr)|Heading (degrees)|Height (km)|Vertical velocity (km/hr)|Sample period (seconds)|Steering Angle (degrees)|Wheel Speed Front Left (rad/sec)|Wheel Speed Front Right (rad/sec)|Wheel Speed Rear Left (rad/sec)|Wheel Speed Rear Right (rad/sec)|Yaw Rate (deg/sec)|Indicated Vehicle Speed (km/hr)|Indicated Longitudinal Acceleration (g)|Indicated Lateral Acceleration (g)|Handbrake (0 or 1)|Gear Requested (Number fof gear employed 1-5)|Gear (Number fof gear employed 1-5)|Engine Speed (rev/min)|Coolant Temperature (degrees)|Clutch Position (0 or 1)|Brake Pressure (psi)|Brake Position (0 or 1)|Battery Voltage (volts)|Air Temperature (degrees)|Accelerator Pedal Position (0 or 1),,10437990,,0,0.0,,0,0,Time Since Start of Day (seconds),0,47933.7,53069.6,True,0,0.1,0.1,0.1,0.0,0.1,10.0,0.0,0.0,0.0,0.0,5135.9,False,False,False,False,False,True,False,True,True,125.01,0.1,1.2,0.0,50884,0.0093,,,51.660301,52.218326,-1.50215,-0.912522,0,122.123,79.632,,,,
V-St7,V_full,V,st,C,FordFiestaTitanium,,2,Unsynchronised V and S Dataset\Categorised IOVNB (V) Dataset\V Dataset\St (Driver C)\St7\V-St7.csv,Unsynchronised V and S Dataset\Categorised IOVNB (V) Dataset\V Dataset\St (Driver C)\St7\V-St7.csv|Unsynchronised V and S Dataset\Uncategorised IOVNB (V and S) Dataset\V-Dataset\V-St7.csv,44427,29,No of GPS Satellites Available|Time Since Start of Day (seconds)|Latitude (degrees)|Longitude (degrees)|Velocity (km/hr)|Heading (degrees)|Height (km)|Vertical velocity (km/hr)|Sample period (seconds)|Steering Angle (degrees)|Wheel Speed Front Left (rad/sec)|Wheel Speed Front Right (rad/sec)|Wheel Speed Rear Left (rad/sec)|Wheel Speed Rear Right (rad/sec)|Yaw Rate (deg/sec)|Indicated Vehicle Speed (km/hr)|Indicated Longitudinal Acceleration (g)|Indicated Lateral Acceleration (g)|Handbrake (0 or 1)|Gear Requested (Number fof gear employed 1-5)|Gear (Number fof gear employed 1-5)|Engine Speed (rev/min)|Coolant Temperature (degrees)|Clutch Position (0 or 1)|Brake Pressure (psi)|Brake Position (0 or 1)|Battery Voltage (volts)|Air Temperature (degrees)|Accelerator Pedal Position (0 or 1),,8944996,,0,0.0,,0,0,Time Since Start of Day (seconds),0,63257.9,67767.6,True,450,0.0,5.1,0.10151,0.057266,0.1,10.0,450.0,117.0,4.0,609.0,4509.7,False,False,False,False,False,True,False,True,True,126.85,0.1,5.1,1.0,43364,0.0239,,,51.762215,52.400686,-1.615297,-1.199677,0,117.875,72.188,,,,
V-Vfa01,V_full,V,vfa,E,FordFiestaTitanium,,2,Unsynchronised V and S Dataset\Categorised IOVNB (V) Dataset\V Dataset\Vf (Driver E)\V-Vfa01\V-Vfa01.csv,Unsynchronised V and S Dataset\Categorised IOVNB (V) Dataset\V Dataset\Vf (Driver E)\V-Vfa01\V-Vfa01.csv|Unsynchronised V and S Dataset\Uncategorised IOVNB (V and S) Dataset\V-Dataset\V-Vfa01.csv,11535,29,No of GPS Satellites Available|Time Since Start of Day (seconds)|Latitude (degrees)|Longitude (degrees)|Velocity (km/hr)|Heading (degrees)|Height (km)|Vertical velocity (km/hr)|Sample period (seconds)|Steering Angle (degrees)|Wheel Speed Front Left (rad/sec)|Wheel Speed Front Right (rad/sec)|Wheel Speed Rear Left (rad/sec)|Wheel Speed Rear Right (rad/sec)|Yaw Rate (deg/sec)|Indicated Vehicle Speed (km/hr)|Indicated Longitudinal Acceleration (g)|Indicated Lateral Acceleration (g)|Handbrake (0 or 1)|Gear Requested (Number fof gear employed 1-5)|Gear (Number fof gear employed 1-5)|Engine Speed (rev/min)|Coolant Temperature (degrees)|Clutch Position (0 or 1)|Brake Pressure (psi)|Brake Position (0 or 1)|Battery Voltage (volts)|Air Temperature (degrees)|Accelerator Pedal Position (0 or 1),,2398099,,0,0.0,,0,0,Time Since Start of Day (seconds),0,33622.0,34775.4,True,0,0.1,0.1,0.1,0.0,0.1,10.0,0.0,0.0,0.0,0.0,1153.4,False,False,False,False,False,True,False,True,True,135.53,0.1,1.7,0.0,11230,0.0264,,,52.558978,52.70983,-1.511958,-1.473864,0,98.438,58.606,,,,
V-Vfa01,V_sync,V,vfa,E,FordFiestaTitanium,,2,Synchronised V abd S datasets\Categorised IOVNB Dataset\Vf (Driver E)\V-Vfa01\V-Vfa01.csv,Synchronised V abd S datasets\Categorised IOVNB Dataset\Vf (Driver E)\V-Vfa01\V-Vfa01.csv|Synchronised V abd S datasets\Uncategorised IOVNB Dataset\V-Dataset\V-Vfa01.csv,11535,29,No of GPS Satellites Available|Time Since Start of Day (seconds)|Latitude (degrees)|Longitude (degrees)|Velocity (km/hr)|Heading (degrees)|Height (km)|Vertical velocity (km/hr)|Sample period (seconds)|Steering Angle (degrees)|Wheel Speed Front Left (rad/sec)|Wheel Speed Front Right (rad/sec)|Wheel Speed Rear Left (rad/sec)|Wheel Speed Rear Right (rad/sec)|Yaw Rate (deg/sec)|Indicated Vehicle Speed (km/hr)|Indicated Longitudinal Acceleration (g)|Indicated Lateral Acceleration (g)|Handbrake (0 or 1)|Gear Requested (Number fof gear employed 1-5)|Gear (Number fof gear employed 1-5)|Engine Speed (rev/min)|Coolant Temperature (degrees)|Clutch Position (0 or 1)|Brake Pressure (psi)|Brake Position (0 or 1)|Battery Voltage (volts)|Air Temperature (degrees)|Accelerator Pedal Position (0 or 1),,2398099,,0,0.0,,0,0,Time Since Start of Day (seconds),0,33622.0,34775.4,True,0,0.1,0.1,0.1,0.0,0.1,10.0,0.0,0.0,0.0,0.0,1153.4,False,False,False,False,False,True,False,True,True,135.53,0.1,1.7,0.0,11230,0.0264,,,52.558978,52.70983,-1.511958,-1.473864,0,98.438,58.606,,,,
V-Vfa02,V_full,V,vfa,E,FordFiestaTitanium,,2,Unsynchronised V and S Dataset\Categorised IOVNB (V) Dataset\V Dataset\Vf (Driver E)\V-Vfa02\V-Vfa02.csv,Unsynchronised V and S Dataset\Categorised IOVNB (V) Dataset\V Dataset\Vf (Driver E)\V-Vfa02\V-Vfa02.csv|Unsynchronised V and S Dataset\Uncategorised IOVNB (V and S) Dataset\V-Dataset\V-Vfa02.csv,67755,29,No of GPS Satellites Available|Time Since Start of Day (seconds)|Latitude (degrees)|Longitude (degrees)|Velocity (km/hr)|Heading (degrees)|Height (km)|Vertical velocity (km/hr)|Sample period (seconds)|Steering Angle (degrees)|Wheel Speed Front Left (rad/sec)|Wheel Speed Front Right (rad/sec)|Wheel Speed Rear Left (rad/sec)|Wheel Speed Rear Right (rad/sec)|Yaw Rate (deg/sec)|Indicated Vehicle Speed (km/hr)|Indicated Longitudinal Acceleration (g)|Indicated Lateral Acceleration (g)|Handbrake (0 or 1)|Gear Requested (Number fof gear employed 1-5)|Gear (Number fof gear employed 1-5)|Engine Speed (rev/min)|Coolant Temperature (degrees)|Clutch Position (0 or 1)|Brake Pressure (psi)|Brake Position (0 or 1)|Battery Voltage (volts)|Air Temperature (degrees)|Accelerator Pedal Position (0 or 1),,13955001,,0,0.0,,0,0,Time Since Start of Day (seconds),0,35829.9,42605.3,True,0,0.099,0.101,0.1,5e-06,0.1,10.0,0.0,0.0,0.0,0.0,6775.4,False,False,False,False,False,True,False,True,True,133.58,0.1,0.9,0.0,67433,0.0048,,,52.709842,53.792844,-1.770652,-1.231059,0,117.911,86.679,,,,
V-Vfa02,V_sync,V,vfa,E,FordFiestaTitanium,,2,Synchronised V abd S datasets\Categorised IOVNB Dataset\Vf (Driver E)\V-Vfa02\V-Vfa02.csv,Synchronised V abd S datasets\Categorised IOVNB Dataset\Vf (Driver E)\V-Vfa02\V-Vfa02.csv|Synchronised V abd S datasets\Uncategorised IOVNB Dataset\V-Dataset\V-Vfa02.csv,67755,29,No of GPS Satellites Available|Time Since Start of Day (seconds)|Latitude (degrees)|Longitude (degrees)|Velocity (km/hr)|Heading (degrees)|Height (km)|Vertical velocity (km/hr)|Sample period (seconds)|Steering Angle (degrees)|Wheel Speed Front Left (rad/sec)|Wheel Speed Front Right (rad/sec)|Wheel Speed Rear Left (rad/sec)|Wheel Speed Rear Right (rad/sec)|Yaw Rate (deg/sec)|Indicated Vehicle Speed (km/hr)|Indicated Longitudinal Acceleration (g)|Indicated Lateral Acceleration (g)|Handbrake (0 or 1)|Gear Requested (Number fof gear employed 1-5)|Gear (Number fof gear employed 1-5)|Engine Speed (rev/min)|Coolant Temperature (degrees)|Clutch Position (0 or 1)|Brake Pressure (psi)|Brake Position (0 or 1)|Battery Voltage (volts)|Air Temperature (degrees)|Accelerator Pedal Position (0 or 1),,13955001,,0,0.0,,0,0,Time Since Start of Day (seconds),0,35829.9,42605.3,True,0,0.099,0.101,0.1,5e-06,0.1,10.0,0.0,0.0,0.0,0.0,6775.4,False,False,False,False,False,True,False,True,True,133.58,0.1,0.9,0.0,67433,0.0048,,,52.709842,53.792844,-1.770652,-1.231059,0,117.911,86.679,,,,
V-Vfb01a,V_full,V,vfb,E,FordFiestaTitanium,,2,Unsynchronised V and S Dataset\Categorised IOVNB (V) Dataset\V Dataset\Vf (Driver E)\V-Vfb01a\V-Vfb01a.csv,Unsynchronised V and S Dataset\Categorised IOVNB (V) Dataset\V Dataset\Vf (Driver E)\V-Vfb01a\V-Vfb01a.csv|Unsynchronised V and S Dataset\Uncategorised IOVNB (V and S) Dataset\V-Dataset\V-Vfb01a.csv,17000,29,No of GPS Satellites Available|Time Since Start of Day (seconds)|Latitude (degrees)|Longitude (degrees)|Velocity (km/hr)|Heading (degrees)|Height (km)|Vertical velocity (km/hr)|Sample period (seconds)|Steering Angle (degrees)|Wheel Speed Front Left (rad/sec)|Wheel Speed Front Right (rad/sec)|Wheel Speed Rear Left (rad/sec)|Wheel Speed Rear Right (rad/sec)|Yaw Rate (deg/sec)|Indicated Vehicle Speed (km/hr)|Indicated Longitudinal Acceleration (g)|Indicated Lateral Acceleration (g)|Handbrake (0 or 1)|Gear Requested (Number fof gear employed 1-5)|Gear (Number fof gear employed 1-5)|Engine Speed (rev/min)|Coolant Temperature (degrees)|Clutch Position (0 or 1)|Brake Pressure (psi)|Brake Position (0 or 1)|Battery Voltage (volts)|Air Temperature (degrees)|Accelerator Pedal Position (0 or 1),,3363089,,0,0.0,,0,0,Time Since Start of Day (seconds),0,59124.2,60824.1,True,0,0.099,0.101,0.1,1.1e-05,0.1,10.0,0.0,0.0,0.0,0.0,1699.9,False,False,False,False,False,True,False,True,True,85.86,0.1,3.6,0.0,15753,0.0734,,,53.768472,53.795073,-1.767011,-1.749168,0,68.872,13.566,,,,
V-Vfb01b,V_full,V,vfb,E,FordFiestaTitanium,,2,Unsynchronised V and S Dataset\Categorised IOVNB (V) Dataset\V Dataset\Vf (Driver E)\V-Vfb01b\V-Vfb01b.csv,Unsynchronised V and S Dataset\Categorised IOVNB (V) Dataset\V Dataset\Vf (Driver E)\V-Vfb01b\V-Vfb01b.csv|Unsynchronised V and S Dataset\Uncategorised IOVNB (V and S) Dataset\V-Dataset\V-Vfb01b.csv,3880,29,No of GPS Satellites Available|Time Since Start of Day (seconds)|Latitude (degrees)|Longitude (degrees)|Velocity (km/hr)|Heading (degrees)|Height (km)|Vertical velocity (km/hr)|Sample period (seconds)|Steering Angle (degrees)|Wheel Speed Front Left (rad/sec)|Wheel Speed Front Right (rad/sec)|Wheel Speed Rear Left (rad/sec)|Wheel Speed Rear Right (rad/sec)|Yaw Rate (deg/sec)|Indicated Vehicle Speed (km/hr)|Indicated Longitudinal Acceleration (g)|Indicated Lateral Acceleration (g)|Handbrake (0 or 1)|Gear Requested (Number fof gear employed 1-5)|Gear (Number fof gear employed 1-5)|Engine Speed (rev/min)|Coolant Temperature (degrees)|Clutch Position (0 or 1)|Brake Pressure (psi)|Brake Position (0 or 1)|Battery Voltage (volts)|Air Temperature (degrees)|Accelerator Pedal Position (0 or 1),,795266,,0,0.0,,0,0,Time Since Start of Day (seconds),0,60824.2,61212.1,True,0,0.1,0.1,0.1,0.0,0.1,10.0,0.0,0.0,0.0,0.0,387.9,False,False,False,False,False,True,False,True,True,137.87,0.1,0.7,0.0,3845,0.009,,,53.738121,53.768456,-1.749156,-1.722952,0,82.994,37.78,,,,
V-Vfb01c,V_full,V,vfb,E,FordFiestaTitanium,,2,Unsynchronised V and S Dataset\Categorised IOVNB (V) Dataset\V Dataset\Vf (Driver E)\V-Vfb01c\V-Vfb01c.csv,Unsynchronised V and S Dataset\Categorised IOVNB (V) Dataset\V Dataset\Vf (Driver E)\V-Vfb01c\V-Vfb01c.csv|Unsynchronised V and S Dataset\Uncategorised IOVNB (V and S) Dataset\V-Dataset\V-Vfb01c.csv,6320,29,No of GPS Satellites Available|Time Since Start of Day (seconds)|Latitude (degrees)|Longitude (degrees)|Velocity (km/hr)|Heading (degrees)|Height (km)|Vertical velocity (km/hr)|Sample period (seconds)|Steering Angle (degrees)|Wheel Speed Front Left (rad/sec)|Wheel Speed Front Right (rad/sec)|Wheel Speed Rear Left (rad/sec)|Wheel Speed Rear Right (rad/sec)|Yaw Rate (deg/sec)|Indicated Vehicle Speed (km/hr)|Indicated Longitudinal Acceleration (g)|Indicated Lateral Acceleration (g)|Handbrake (0 or 1)|Gear Requested (Number fof gear employed 1-5)|Gear (Number fof gear employed 1-5)|Engine Speed (rev/min)|Coolant Temperature (degrees)|Clutch Position (0 or 1)|Brake Pressure (psi)|Brake Position (0 or 1)|Battery Voltage (volts)|Air Temperature (degrees)|Accelerator Pedal Position (0 or 1),,1280169,,0,0.0,,0,0,Time Since Start of Day (seconds),0,61212.2,61844.1,True,0,0.1,0.1,0.1,0.0,0.1,10.0,0.0,0.0,0.0,0.0,631.9,False,False,False,False,False,True,False,True,True,136.17,0.1,0.2,0.0,6317,0.0005,,,53.7297,53.747732,-1.722937,-1.582272,0,104.53,60.709,,,,
V-Vfb01d,V_full,V,vfb,E,FordFiestaTitanium,,2,Unsynchronised V and S Dataset\Categorised IOVNB (V) Dataset\V Dataset\Vf (Driver E)\V-Vfb01d\V-Vfb01d.csv,Unsynchronised V and S Dataset\Categorised IOVNB (V) Dataset\V Dataset\Vf (Driver E)\V-Vfb01d\V-Vfb01d.csv|Unsynchronised V and S Dataset\Uncategorised IOVNB (V and S) Dataset\V-Dataset\V-Vfb01d.csv,10713,29,No of GPS Satellites Available|Time Since Start of Day (seconds)|Latitude (degrees)|Longitude (degrees)|Velocity (km/hr)|Heading (degrees)|Height (km)|Vertical velocity (km/hr)|Sample period (seconds)|Steering Angle (degrees)|Wheel Speed Front Left (rad/sec)|Wheel Speed Front Right (rad/sec)|Wheel Speed Rear Left (rad/sec)|Wheel Speed Rear Right (rad/sec)|Yaw Rate (deg/sec)|Indicated Vehicle Speed (km/hr)|Indicated Longitudinal Acceleration (g)|Indicated Lateral Acceleration (g)|Handbrake (0 or 1)|Gear Requested (Number fof gear employed 1-5)|Gear (Number fof gear employed 1-5)|Engine Speed (rev/min)|Coolant Temperature (degrees)|Clutch Position (0 or 1)|Brake Pressure (psi)|Brake Position (0 or 1)|Battery Voltage (volts)|Air Temperature (degrees)|Accelerator Pedal Position (0 or 1),,2123447,,0,0.0,,0,0,Time Since Start of Day (seconds),0,61844.2,62915.4,True,0,0.1,0.1,0.1,0.0,0.1,10.0,0.0,0.0,0.0,0.0,1071.2,False,False,False,False,False,True,False,True,True,117.4,0.1,1.2,0.0,9322,0.1298,,,53.721566,53.734512,-1.582266,-1.543046,0,55.984,11.263,,,,
V-Vfb02a,V_full,V,vfb,E,FordFiestaTitanium,,2,Unsynchronised V and S Dataset\Categorised IOVNB (V) Dataset\V Dataset\Vf (Driver E)\V-Vfb02a\V-Vfb02a.csv,Unsynchronised V and S Dataset\Categorised IOVNB (V) Dataset\V Dataset\Vf (Driver E)\V-Vfb02a\V-Vfb02a.csv|Unsynchronised V and S Dataset\Uncategorised IOVNB (V and S) Dataset\V-Dataset\V-Vfb02a.csv,35960,29,No of GPS Satellites Available|Time Since Start of Day (seconds)|Latitude (degrees)|Longitude (degrees)|Velocity (km/hr)|Heading (degrees)|Height (km)|Vertical velocity (km/hr)|Sample period (seconds)|Steering Angle (degrees)|Wheel Speed Front Left (rad/sec)|Wheel Speed Front Right (rad/sec)|Wheel Speed Rear Left (rad/sec)|Wheel Speed Rear Right (rad/sec)|Yaw Rate (deg/sec)|Indicated Vehicle Speed (km/hr)|Indicated Longitudinal Acceleration (g)|Indicated Lateral Acceleration (g)|Handbrake (0 or 1)|Gear Requested (Number fof gear employed 1-5)|Gear (Number fof gear employed 1-5)|Engine Speed (rev/min)|Coolant Temperature (degrees)|Clutch Position (0 or 1)|Brake Pressure (psi)|Brake Position (0 or 1)|Battery Voltage (volts)|Air Temperature (degrees)|Accelerator Pedal Position (0 or 1),,7418599,,0,0.0,,0,0,Time Since Start of Day (seconds),0,64933.4,68529.3,True,0,0.099,0.101,0.1,7e-06,0.1,10.0,0.0,0.0,0.0,0.0,3595.9,False,False,False,False,False,True,False,True,True,134.0,0.1,0.4,0.0,35940,0.0006,,,52.990939,53.721874,-1.55741,-1.230652,0,122.278,96.61,,,,
V-Vfb02b,V_full,V,vfb,E,FordFiestaTitanium,,2,Unsynchronised V and S Dataset\Categorised IOVNB (V) Dataset\V Dataset\Vf (Driver E)\V-Vfb02b\V-Vfb02b.csv,Unsynchronised V and S Dataset\Categorised IOVNB (V) Dataset\V Dataset\Vf (Driver E)\V-Vfb02b\V-Vfb02b.csv|Unsynchronised V and S Dataset\Uncategorised IOVNB (V and S) Dataset\V-Dataset\V-Vfb02b.csv,11000,29,No of GPS Satellites Available|Time Since Start of Day (seconds)|Latitude (degrees)|Longitude (degrees)|Velocity (km/hr)|Heading (degrees)|Height (km)|Vertical velocity (km/hr)|Sample period (seconds)|Steering Angle (degrees)|Wheel Speed Front Left (rad/sec)|Wheel Speed Front Right (rad/sec)|Wheel Speed Rear Left (rad/sec)|Wheel Speed Rear Right (rad/sec)|Yaw Rate (deg/sec)|Indicated Vehicle Speed (km/hr)|Indicated Longitudinal Acceleration (g)|Indicated Lateral Acceleration (g)|Handbrake (0 or 1)|Gear Requested (Number fof gear employed 1-5)|Gear (Number fof gear employed 1-5)|Engine Speed (rev/min)|Coolant Temperature (degrees)|Clutch Position (0 or 1)|Brake Pressure (psi)|Brake Position (0 or 1)|Battery Voltage (volts)|Air Temperature (degrees)|Accelerator Pedal Position (0 or 1),,2240834,,0,0.0,,0,0,Time Since Start of Day (seconds),0,68529.4,69629.3,True,0,0.1,0.1,0.1,0.0,0.1,10.0,0.0,0.0,0.0,0.0,1099.9,False,False,False,False,False,True,False,True,True,95.17,0.1,1.9,0.0,10577,0.0385,,,52.98706,53.001613,-1.23327,-1.18567,0,84.29,25.152,,,,
V-Vfb02c,V_full,V,vfb,E,FordFiestaTitanium,,2,Unsynchronised V and S Dataset\Categorised IOVNB (V) Dataset\V Dataset\Vf (Driver E)\V-Vfb02c\V-Vfb02c.csv,Unsynchronised V and S Dataset\Categorised IOVNB (V) Dataset\V Dataset\Vf (Driver E)\V-Vfb02c\V-Vfb02c.csv|Unsynchronised V and S Dataset\Uncategorised IOVNB (V and S) Dataset\V-Dataset\V-Vfb02c.csv,640,29,No of GPS Satellites Available|Time Since Start of Day (seconds)|Latitude (degrees)|Longitude (degrees)|Velocity (km/hr)|Heading (degrees)|Height (km)|Vertical velocity (km/hr)|Sample period (seconds)|Steering Angle (degrees)|Wheel Speed Front Left (rad/sec)|Wheel Speed Front Right (rad/sec)|Wheel Speed Rear Left (rad/sec)|Wheel Speed Rear Right (rad/sec)|Yaw Rate (deg/sec)|Indicated Vehicle Speed (km/hr)|Indicated Longitudinal Acceleration (g)|Indicated Lateral Acceleration (g)|Handbrake (0 or 1)|Gear Requested (Number fof gear employed 1-5)|Gear (Number fof gear employed 1-5)|Engine Speed (rev/min)|Coolant Temperature (degrees)|Clutch Position (0 or 1)|Brake Pressure (psi)|Brake Position (0 or 1)|Battery Voltage (volts)|Air Temperature (degrees)|Accelerator Pedal Position (0 or 1),,132991,,0,0.0,,0,0,Time Since Start of Day (seconds),0,69629.4,69693.3,True,0,0.1,0.1,0.1,0.0,0.1,10.0,0.0,0.0,0.0,0.0,63.9,False,False,False,False,False,True,False,True,True,116.78,0.1,0.1,0.0,639,0.0016,,,52.997251,52.999214,-1.204602,-1.200294,0,52.816,30.218,,,,
V-Vfb02d,V_full,V,vfb,E,FordFiestaTitanium,,2,Unsynchronised V and S Dataset\Categorised IOVNB (V) Dataset\V Dataset\Vf (Driver E)\V-Vfb02d\V-Vfb02d.csv,Unsynchronised V and S Dataset\Categorised IOVNB (V) Dataset\V Dataset\Vf (Driver E)\V-Vfb02d\V-Vfb02d.csv|Unsynchronised V and S Dataset\Uncategorised IOVNB (V and S) Dataset\V-Dataset\V-Vfb02d.csv,880,29,No of GPS Satellites Available|Time Since Start of Day (seconds)|Latitude (degrees)|Longitude (degrees)|Velocity (km/hr)|Heading (degrees)|Height (km)|Vertical velocity (km/hr)|Sample period (seconds)|Steering Angle (degrees)|Wheel Speed Front Left (rad/sec)|Wheel Speed Front Right (rad/sec)|Wheel Speed Rear Left (rad/sec)|Wheel Speed Rear Right (rad/sec)|Yaw Rate (deg/sec)|Indicated Vehicle Speed (km/hr)|Indicated Longitudinal Acceleration (g)|Indicated Lateral Acceleration (g)|Handbrake (0 or 1)|Gear Requested (Number fof gear employed 1-5)|Gear (Number fof gear employed 1-5)|Engine Speed (rev/min)|Coolant Temperature (degrees)|Clutch Position (0 or 1)|Brake Pressure (psi)|Brake Position (0 or 1)|Battery Voltage (volts)|Air Temperature (degrees)|Accelerator Pedal Position (0 or 1),,182339,,0,0.0,,0,0,Time Since Start of Day (seconds),0,69693.4,69781.3,True,0,0.1,0.1,0.1,0.0,0.1,10.0,0.0,0.0,0.0,0.0,87.9,False,False,False,False,False,True,False,True,True,136.97,0.1,0.6,0.0,866,0.0159,,,52.999221,53.0046,-1.211798,-1.204175,0,57.305,34.327,,,,
V-Vfb02e,V_full,V,vfb,E,FordFiestaTitanium,,2,Unsynchronised V and S Dataset\Categorised IOVNB (V) Dataset\V Dataset\Vf (Driver E)\V-Vfb02e\V-Vfb02e.csv,Unsynchronised V and S Dataset\Categorised IOVNB (V) Dataset\V Dataset\Vf (Driver E)\V-Vfb02e\V-Vfb02e.csv|Unsynchronised V and S Dataset\Uncategorised IOVNB (V and S) Dataset\V-Dataset\V-Vfb02e.csv,980,29,No of GPS Satellites Available|Time Since Start of Day (seconds)|Latitude (degrees)|Longitude (degrees)|Velocity (km/hr)|Heading (degrees)|Height (km)|Vertical velocity (km/hr)|Sample period (seconds)|Steering Angle (degrees)|Wheel Speed Front Left (rad/sec)|Wheel Speed Front Right (rad/sec)|Wheel Speed Rear Left (rad/sec)|Wheel Speed Rear Right (rad/sec)|Yaw Rate (deg/sec)|Indicated Vehicle Speed (km/hr)|Indicated Longitudinal Acceleration (g)|Indicated Lateral Acceleration (g)|Handbrake (0 or 1)|Gear Requested (Number fof gear employed 1-5)|Gear (Number fof gear employed 1-5)|Engine Speed (rev/min)|Coolant Temperature (degrees)|Clutch Position (0 or 1)|Brake Pressure (psi)|Brake Position (0 or 1)|Battery Voltage (volts)|Air Temperature (degrees)|Accelerator Pedal Position (0 or 1),,202703,,0,0.0,,0,0,Time Since Start of Day (seconds),0,69781.4,69879.3,True,0,0.1,0.1,0.1,0.0,0.1,10.0,0.0,0.0,0.0,0.0,97.9,False,False,False,False,False,True,False,True,True,60.81,0.1,0.1,0.0,979,0.001,,,52.991842,53.004157,-1.221159,-1.211806,0,73.861,55.699,,,,
V-Vfb02f,V_full,V,vfb,E,FordFiestaTitanium,,2,Unsynchronised V and S Dataset\Categorised IOVNB (V) Dataset\V Dataset\Vf (Driver E)\V-Vfb02f\V-Vfb02f.csv,Unsynchronised V and S Dataset\Categorised IOVNB (V) Dataset\V Dataset\Vf (Driver E)\V-Vfb02f\V-Vfb02f.csv|Unsynchronised V and S Dataset\Uncategorised IOVNB (V and S) Dataset\V-Dataset\V-Vfb02f.csv,660,29,No of GPS Satellites Available|Time Since Start of Day (seconds)|Latitude (degrees)|Longitude (degrees)|Velocity (km/hr)|Heading (degrees)|Height (km)|Vertical velocity (km/hr)|Sample period (seconds)|Steering Angle (degrees)|Wheel Speed Front Left (rad/sec)|Wheel Speed Front Right (rad/sec)|Wheel Speed Rear Left (rad/sec)|Wheel Speed Rear Right (rad/sec)|Yaw Rate (deg/sec)|Indicated Vehicle Speed (km/hr)|Indicated Longitudinal Acceleration (g)|Indicated Lateral Acceleration (g)|Handbrake (0 or 1)|Gear Requested (Number fof gear employed 1-5)|Gear (Number fof gear employed 1-5)|Engine Speed (rev/min)|Coolant Temperature (degrees)|Clutch Position (0 or 1)|Brake Pressure (psi)|Brake Position (0 or 1)|Battery Voltage (volts)|Air Temperature (degrees)|Accelerator Pedal Position (0 or 1),,136684,,0,0.0,,0,0,Time Since Start of Day (seconds),0,69879.4,69945.3,True,0,0.1,0.1,0.1,0.0,0.1,10.0,0.0,0.0,0.0,0.0,65.9,False,False,False,False,False,True,False,True,True,109.72,0.1,0.1,0.0,659,0.0015,,,52.98981,52.991834,-1.225665,-1.221173,0,49.507,25.797,,,,
V-Vfb02g,V_full,V,vfb,E,FordFiestaTitanium,,2,Unsynchronised V and S Dataset\Categorised IOVNB (V) Dataset\V Dataset\Vf (Driver E)\V-Vfb02g\V-Vfb02g.csv,Unsynchronised V and S Dataset\Categorised IOVNB (V) Dataset\V Dataset\Vf (Driver E)\V-Vfb02g\V-Vfb02g.csv|Unsynchronised V and S Dataset\Uncategorised IOVNB (V and S) Dataset\V-Dataset\V-Vfb02g.csv,27159,29,No of GPS Satellites Available|Time Since Start of Day (seconds)|Latitude (degrees)|Longitude (degrees)|Velocity (km/hr)|Heading (degrees)|Height (km)|Vertical velocity (km/hr)|Sample period (seconds)|Steering Angle (degrees)|Wheel Speed Front Left (rad/sec)|Wheel Speed Front Right (rad/sec)|Wheel Speed Rear Left (rad/sec)|Wheel Speed Rear Right (rad/sec)|Yaw Rate (deg/sec)|Indicated Vehicle Speed (km/hr)|Indicated Longitudinal Acceleration (g)|Indicated Lateral Acceleration (g)|Handbrake (0 or 1)|Gear Requested (Number fof gear employed 1-5)|Gear (Number fof gear employed 1-5)|Engine Speed (rev/min)|Coolant Temperature (degrees)|Clutch Position (0 or 1)|Brake Pressure (psi)|Brake Position (0 or 1)|Battery Voltage (volts)|Air Temperature (degrees)|Accelerator Pedal Position (0 or 1),,5570770,,0,0.0,,0,0,Time Since Start of Day (seconds),0,69945.4,72661.2,True,0,0.1,0.1,0.1,0.0,0.1,10.0,0.0,0.0,0.0,0.0,2715.8,False,False,False,False,False,True,False,True,True,130.12,0.1,0.3,0.0,27147,0.0004,,,52.553116,52.990395,-1.547291,-1.225686,0,119.383,84.241,,,,
V-Vta10,V_full,V,vta,E,FordFiestaTitanium,,2,Unsynchronised V and S Dataset\Categorised IOVNB (V) Dataset\V Dataset\Vta (Driver E)\Vta10\V-Vta10.csv,Unsynchronised V and S Dataset\Categorised IOVNB (V) Dataset\V Dataset\Vta (Driver E)\Vta10\V-Vta10.csv|Unsynchronised V and S Dataset\Uncategorised IOVNB (V and S) Dataset\V-Dataset\V-Vta10.csv,1570,29,No of GPS Satellites Available|Time Since Start of Day (seconds)|Latitude (degrees)|Longitude (degrees)|Velocity (km/hr)|Heading (degrees)|Height (km)|Vertical velocity (km/hr)|Sample period (seconds)|Steering Angle (degrees)|Wheel Speed Front Left (rad/sec)|Wheel Speed Front Right (rad/sec)|Wheel Speed Rear Left (rad/sec)|Wheel Speed Rear Right (rad/sec)|Yaw Rate (deg/sec)|Indicated Vehicle Speed (km/hr)|Indicated Longitudinal Acceleration (g)|Indicated Lateral Acceleration (g)|Handbrake (0 or 1)|Gear Requested (Number fof gear employed 1-5)|Gear (Number fof gear employed 1-5)|Engine Speed (rev/min)|Coolant Temperature (degrees)|Clutch Position (0 or 1)|Brake Pressure (psi)|Brake Position (0 or 1)|Battery Voltage (volts)|Air Temperature (degrees)|Accelerator Pedal Position (0 or 1),,321356,,0,0.0,,0,0,Time Since Start of Day (seconds),0,43303.2,43460.1,True,0,0.1,0.1,0.1,0.0,0.1,10.0,0.0,0.0,0.0,0.0,156.9,False,False,False,False,False,True,False,True,True,136.86,0.1,0.1,0.0,1569,0.0006,,,52.881567,52.890915,-1.767034,-1.714484,0,117.954,90.699,,,,
V-vta10,V_sync,V,vta,E,FordFiestaTitanium,,2,Synchronised V abd S datasets\Categorised IOVNB Dataset\Vta (Driver E)\Vta10\V-vta10.csv,Synchronised V abd S datasets\Categorised IOVNB Dataset\Vta (Driver E)\Vta10\V-vta10.csv|Synchronised V abd S datasets\Uncategorised IOVNB Dataset\V-Dataset\V-vta10.csv,1502,29,No of GPS Satellites Available|Time Since Start of Day (seconds)|Latitude (degrees)|Longitude (degrees)|Velocity (km/hr)|Heading (degrees)|Height (km)|Vertical velocity (km/hr)|Sample period (seconds)|Steering Angle (degrees)|Wheel Speed Front Left (rad/sec)|Wheel Speed Front Right (rad/sec)|Wheel Speed Rear Left (rad/sec)|Wheel Speed Rear Right (rad/sec)|Yaw Rate (deg/sec)|Indicated Vehicle Speed (km/hr)|Indicated Longitudinal Acceleration (g)|Indicated Lateral Acceleration (g)|Handbrake (0 or 1)|Gear Requested (Number fof gear employed 1-5)|Gear (Number fof gear employed 1-5)|Engine Speed (rev/min)|Coolant Temperature (degrees)|Clutch Position (0 or 1)|Brake Pressure (psi)|Brake Position (0 or 1)|Battery Voltage (volts)|Air Temperature (degrees)|Accelerator Pedal Position (0 or 1),,317921,,0,0.0,,0,0,Time Since Start of Day (seconds),0,43309.9,43460.0,True,0,0.1,0.1,0.1,0.0,0.1,10.0,0.0,0.0,0.0,0.0,150.1,False,False,False,False,False,True,False,True,True,136.86,0.1,0.1,0.0,1501,0.0007,,,52.881767,52.890904,-1.767002,-1.717416,0,117.954,89.991,,,,
V-Vta11,V_full,V,vta,E,FordFiestaTitanium,,2,Unsynchronised V and S Dataset\Categorised IOVNB (V) Dataset\V Dataset\Vta (Driver E)\Vta11\V-Vta11.csv,Unsynchronised V and S Dataset\Categorised IOVNB (V) Dataset\V Dataset\Vta (Driver E)\Vta11\V-Vta11.csv|Unsynchronised V and S Dataset\Uncategorised IOVNB (V and S) Dataset\V-Dataset\V-Vta11.csv,589,29,No of GPS Satellites Available|Time Since Start of Day (seconds)|Latitude (degrees)|Longitude (degrees)|Velocity (km/hr)|Heading (degrees)|Height (km)|Vertical velocity (km/hr)|Sample period (seconds)|Steering Angle (degrees)|Wheel Speed Front Left (rad/sec)|Wheel Speed Front Right (rad/sec)|Wheel Speed Rear Left (rad/sec)|Wheel Speed Rear Right (rad/sec)|Yaw Rate (deg/sec)|Indicated Vehicle Speed (km/hr)|Indicated Longitudinal Acceleration (g)|Indicated Lateral Acceleration (g)|Handbrake (0 or 1)|Gear Requested (Number fof gear employed 1-5)|Gear (Number fof gear employed 1-5)|Engine Speed (rev/min)|Coolant Temperature (degrees)|Clutch Position (0 or 1)|Brake Pressure (psi)|Brake Position (0 or 1)|Battery Voltage (volts)|Air Temperature (degrees)|Accelerator Pedal Position (0 or 1),,122161,,0,0.0,,0,0,Time Since Start of Day (seconds),0,43464.1,43522.9,True,0,0.1,0.1,0.1,0.0,0.1,10.0,0.0,0.0,0.0,0.0,58.8,False,False,False,False,False,True,False,True,True,136.49,0.1,0.1,0.0,588,0.0017,,,52.891344,52.894654,-1.776008,-1.768353,0,97.657,56.274,,,,
V-vta11,V_sync,V,vta,E,FordFiestaTitanium,,2,Synchronised V abd S datasets\Categorised IOVNB Dataset\Vta (Driver E)\Vta11\V-vta11.csv,Synchronised V abd S datasets\Categorised IOVNB Dataset\Vta (Driver E)\Vta11\V-vta11.csv|Synchronised V abd S datasets\Uncategorised IOVNB Dataset\V-Dataset\V-vta11.csv,510,29,No of GPS Satellites Available|Time Since Start of Day (seconds)|Latitude (degrees)|Longitude (degrees)|Velocity (km/hr)|Heading (degrees)|Height (km)|Vertical velocity (km/hr)|Sample period (seconds)|Steering Angle (degrees)|Wheel Speed Front Left (rad/sec)|Wheel Speed Front Right (rad/sec)|Wheel Speed Rear Left (rad/sec)|Wheel Speed Rear Right (rad/sec)|Yaw Rate (deg/sec)|Indicated Vehicle Speed (km/hr)|Indicated Longitudinal Acceleration (g)|Indicated Lateral Acceleration (g)|Handbrake (0 or 1)|Gear Requested (Number fof gear employed 1-5)|Gear (Number fof gear employed 1-5)|Engine Speed (rev/min)|Coolant Temperature (degrees)|Clutch Position (0 or 1)|Brake Pressure (psi)|Brake Position (0 or 1)|Battery Voltage (volts)|Air Temperature (degrees)|Accelerator Pedal Position (0 or 1),,111690,,0,0.0,,0,0,Time Since Start of Day (seconds),0,43471.9,43522.8,True,0,0.1,0.1,0.1,0.0,0.1,10.0,0.0,0.0,0.0,0.0,50.9,False,False,False,False,False,True,False,True,True,136.49,0.1,0.1,0.0,509,0.002,,,52.892154,52.894647,-1.776008,-1.771048,0,97.657,50.574,,,,
V-Vta12,V_full,V,vta,E,FordFiestaTitanium,,2,Unsynchronised V and S Dataset\Categorised IOVNB (V) Dataset\V Dataset\Vta (Driver E)\Vta12\V-Vta12.csv,Unsynchronised V and S Dataset\Categorised IOVNB (V) Dataset\V Dataset\Vta (Driver E)\Vta12\V-Vta12.csv|Unsynchronised V and S Dataset\Uncategorised IOVNB (V and S) Dataset\V-Dataset\V-Vta12.csv,690,29,No of GPS Satellites Available|Time Since Start of Day (seconds)|Latitude (degrees)|Longitude (degrees)|Velocity (km/hr)|Heading (degrees)|Height (km)|Vertical velocity (km/hr)|Sample period (seconds)|Steering Angle (degrees)|Wheel Speed Front Left (rad/sec)|Wheel Speed Front Right (rad/sec)|Wheel Speed Rear Left (rad/sec)|Wheel Speed Rear Right (rad/sec)|Yaw Rate (deg/sec)|Indicated Vehicle Speed (km/hr)|Indicated Longitudinal Acceleration (g)|Indicated Lateral Acceleration (g)|Handbrake (0 or 1)|Gear Requested (Number fof gear employed 1-5)|Gear (Number fof gear employed 1-5)|Engine Speed (rev/min)|Coolant Temperature (degrees)|Clutch Position (0 or 1)|Brake Pressure (psi)|Brake Position (0 or 1)|Battery Voltage (volts)|Air Temperature (degrees)|Accelerator Pedal Position (0 or 1),,140652,,0,0.0,,0,0,Time Since Start of Day (seconds),0,43527.2,43596.1,True,0,0.1,0.1,0.1,0.0,0.1,10.0,0.0,0.0,0.0,0.0,68.9,False,False,False,False,False,True,False,True,True,95.76,0.1,0.1,0.0,689,0.0014,,,52.894992,52.905289,-1.772033,-1.766128,0,85.316,65.899,,,,
V-vta12,V_sync,V,vta,E,FordFiestaTitanium,,2,Synchronised V abd S datasets\Categorised IOVNB Dataset\Vta (Driver E)\Vta12\V-vta12.csv,Synchronised V abd S datasets\Categorised IOVNB Dataset\Vta (Driver E)\Vta12\V-vta12.csv|Synchronised V abd S datasets\Uncategorised IOVNB Dataset\V-Dataset\V-vta12.csv,610,29,No of GPS Satellites Available|Time Since Start of Day (seconds)|Latitude (degrees)|Longitude (degrees)|Velocity (km/hr)|Heading (degrees)|Height (km)|Vertical velocity (km/hr)|Sample period (seconds)|Steering Angle (degrees)|Wheel Speed Front Left (rad/sec)|Wheel Speed Front Right (rad/sec)|Wheel Speed Rear Left (rad/sec)|Wheel Speed Rear Right (rad/sec)|Yaw Rate (deg/sec)|Indicated Vehicle Speed (km/hr)|Indicated Longitudinal Acceleration (g)|Indicated Lateral Acceleration (g)|Handbrake (0 or 1)|Gear Requested (Number fof gear employed 1-5)|Gear (Number fof gear employed 1-5)|Engine Speed (rev/min)|Coolant Temperature (degrees)|Clutch Position (0 or 1)|Brake Pressure (psi)|Brake Position (0 or 1)|Battery Voltage (volts)|Air Temperature (degrees)|Accelerator Pedal Position (0 or 1),,128904,,0,0.0,,0,0,Time Since Start of Day (seconds),0,43535.1,43596.0,True,0,0.1,0.1,0.1,0.0,0.1,10.0,0.0,0.0,0.0,0.0,60.9,False,False,False,False,False,True,False,True,True,90.41,0.1,0.1,0.0,609,0.0016,,,52.895806,52.90527,-1.770499,-1.766136,0,85.316,66.316,,,,
V-Vta13,V_full,V,vta,E,FordFiestaTitanium,,2,Unsynchronised V and S Dataset\Categorised IOVNB (V) Dataset\V Dataset\Vta (Driver E)\Vta13\V-Vta13.csv,Unsynchronised V and S Dataset\Categorised IOVNB (V) Dataset\V Dataset\Vta (Driver E)\Vta13\V-Vta13.csv|Unsynchronised V and S Dataset\Uncategorised IOVNB (V and S) Dataset\V-Dataset\V-Vta13.csv,473,29,No of GPS Satellites Available|Time Since Start of Day (seconds)|Latitude (degrees)|Longitude (degrees)|Velocity (km/hr)|Heading (degrees)|Height (km)|Vertical velocity (km/hr)|Sample period (seconds)|Steering Angle (degrees)|Wheel Speed Front Left (rad/sec)|Wheel Speed Front Right (rad/sec)|Wheel Speed Rear Left (rad/sec)|Wheel Speed Rear Right (rad/sec)|Yaw Rate (deg/sec)|Indicated Vehicle Speed (km/hr)|Indicated Longitudinal Acceleration (g)|Indicated Lateral Acceleration (g)|Handbrake (0 or 1)|Gear Requested (Number fof gear employed 1-5)|Gear (Number fof gear employed 1-5)|Engine Speed (rev/min)|Coolant Temperature (degrees)|Clutch Position (0 or 1)|Brake Pressure (psi)|Brake Position (0 or 1)|Battery Voltage (volts)|Air Temperature (degrees)|Accelerator Pedal Position (0 or 1),,98450,,0,0.0,,0,0,Time Since Start of Day (seconds),0,43600.1,43647.3,True,0,0.1,0.1,0.1,0.0,0.1,10.0,0.0,0.0,0.0,0.0,47.2,False,False,False,False,False,True,False,True,True,136.71,0.1,0.1,0.0,472,0.0021,,,52.906023,52.915541,-1.765563,-1.760498,0,103.63,86.663,,,,
V-vta13,V_sync,V,vta,E,FordFiestaTitanium,,2,Synchronised V abd S datasets\Categorised IOVNB Dataset\Vta (Driver E)\Vta13\V-vta13.csv,Synchronised V abd S datasets\Categorised IOVNB Dataset\Vta (Driver E)\Vta13\V-vta13.csv|Synchronised V abd S datasets\Uncategorised IOVNB Dataset\V-Dataset\V-vta13.csv,404,29,No of GPS Satellites Available|Time Since Start of Day (seconds)|Latitude (degrees)|Longitude (degrees)|Velocity (km/hr)|Heading (degrees)|Height (km)|Vertical velocity (km/hr)|Sample period (seconds)|Steering Angle (degrees)|Wheel Speed Front Left (rad/sec)|Wheel Speed Front Right (rad/sec)|Wheel Speed Rear Left (rad/sec)|Wheel Speed Rear Right (rad/sec)|Yaw Rate (deg/sec)|Indicated Vehicle Speed (km/hr)|Indicated Longitudinal Acceleration (g)|Indicated Lateral Acceleration (g)|Handbrake (0 or 1)|Gear Requested (Number fof gear employed 1-5)|Gear (Number fof gear employed 1-5)|Engine Speed (rev/min)|Coolant Temperature (degrees)|Clutch Position (0 or 1)|Brake Pressure (psi)|Brake Position (0 or 1)|Battery Voltage (volts)|Air Temperature (degrees)|Accelerator Pedal Position (0 or 1),,86963,,0,0.0,,0,0,Time Since Start of Day (seconds),0,43606.9,43647.2,True,0,0.1,0.1,0.1,0.0,0.1,10.0,0.0,0.0,0.0,0.0,40.3,False,False,False,False,False,True,False,True,True,136.9,0.1,0.1,0.0,403,0.0025,,,52.907355,52.915521,-1.764832,-1.760498,0,103.63,87.346,,,,
V-Vta14,V_full,V,vta,E,FordFiestaTitanium,,2,Unsynchronised V and S Dataset\Categorised IOVNB (V) Dataset\V Dataset\Vta (Driver E)\Vta14\V-Vta14.csv,Unsynchronised V and S Dataset\Categorised IOVNB (V) Dataset\V Dataset\Vta (Driver E)\Vta14\V-Vta14.csv|Unsynchronised V and S Dataset\Uncategorised IOVNB (V and S) Dataset\V-Dataset\V-Vta14.csv,2893,29,No of GPS Satellites Available|Time Since Start of Day (seconds)|Latitude (degrees)|Longitude (degrees)|Velocity (km/hr)|Heading (degrees)|Height (km)|Vertical velocity (km/hr)|Sample period (seconds)|Steering Angle (degrees)|Wheel Speed Front Left (rad/sec)|Wheel Speed Front Right (rad/sec)|Wheel Speed Rear Left (rad/sec)|Wheel Speed Rear Right (rad/sec)|Yaw Rate (deg/sec)|Indicated Vehicle Speed (km/hr)|Indicated Longitudinal Acceleration (g)|Indicated Lateral Acceleration (g)|Handbrake (0 or 1)|Gear Requested (Number fof gear employed 1-5)|Gear (Number fof gear employed 1-5)|Engine Speed (rev/min)|Coolant Temperature (degrees)|Clutch Position (0 or 1)|Brake Pressure (psi)|Brake Position (0 or 1)|Battery Voltage (volts)|Air Temperature (degrees)|Accelerator Pedal Position (0 or 1),,593318,,0,0.0,,0,0,Time Since Start of Day (seconds),0,43651.1,43940.3,True,0,0.1,0.1,0.1,0.0,0.1,10.0,0.0,0.0,0.0,0.0,289.2,False,False,False,False,False,True,False,True,True,136.88,0.1,0.1,0.0,2892,0.0003,,,52.9163,52.963936,-1.763788,-1.757489,0,91.04,67.809,,,,
V-vta14,V_sync,V,vta,E,FordFiestaTitanium,,2,Synchronised V abd S datasets\Categorised IOVNB Dataset\Vta (Driver E)\Vta14\V-vta14.csv,Synchronised V abd S datasets\Categorised IOVNB Dataset\Vta (Driver E)\Vta14\V-vta14.csv|Synchronised V abd S datasets\Uncategorised IOVNB Dataset\V-Dataset\V-vta14.csv,2885,29,No of GPS Satellites Available|Time Since Start of Day (seconds)|Latitude (degrees)|Longitude (degrees)|Velocity (km/hr)|Heading (degrees)|Height (km)|Vertical velocity (km/hr)|Sample period (seconds)|Steering Angle (degrees)|Wheel Speed Front Left (rad/sec)|Wheel Speed Front Right (rad/sec)|Wheel Speed Rear Left (rad/sec)|Wheel Speed Rear Right (rad/sec)|Yaw Rate (deg/sec)|Indicated Vehicle Speed (km/hr)|Indicated Longitudinal Acceleration (g)|Indicated Lateral Acceleration (g)|Handbrake (0 or 1)|Gear Requested (Number fof gear employed 1-5)|Gear (Number fof gear employed 1-5)|Engine Speed (rev/min)|Coolant Temperature (degrees)|Clutch Position (0 or 1)|Brake Pressure (psi)|Brake Position (0 or 1)|Battery Voltage (volts)|Air Temperature (degrees)|Accelerator Pedal Position (0 or 1),,612352,,0,0.0,,0,0,Time Since Start of Day (seconds),0,43651.8,43940.2,True,0,0.1,0.1,0.1,0.0,0.1,10.0,0.0,0.0,0.0,0.0,288.4,False,False,False,False,False,True,False,True,True,136.88,0.1,0.1,0.0,2884,0.0003,,,52.916422,52.963918,-1.763788,-1.757494,0,91.04,67.802,,,,
V-Vta15,V_full,V,vta,E,FordFiestaTitanium,,2,Unsynchronised V and S Dataset\Categorised IOVNB (V) Dataset\V Dataset\Vta (Driver E)\Vta15\V-Vta15.csv,Unsynchronised V and S Dataset\Categorised IOVNB (V) Dataset\V Dataset\Vta (Driver E)\Vta15\V-Vta15.csv|Unsynchronised V and S Dataset\Uncategorised IOVNB (V and S) Dataset\V-Dataset\V-Vta15.csv,869,29,No of GPS Satellites Available|Time Since Start of Day (seconds)|Latitude (degrees)|Longitude (degrees)|Velocity (km/hr)|Heading (degrees)|Height (km)|Vertical velocity (km/hr)|Sample period (seconds)|Steering Angle (degrees)|Wheel Speed Front Left (rad/sec)|Wheel Speed Front Right (rad/sec)|Wheel Speed Rear Left (rad/sec)|Wheel Speed Rear Right (rad/sec)|Yaw Rate (deg/sec)|Indicated Vehicle Speed (km/hr)|Indicated Longitudinal Acceleration (g)|Indicated Lateral Acceleration (g)|Handbrake (0 or 1)|Gear Requested (Number fof gear employed 1-5)|Gear (Number fof gear employed 1-5)|Engine Speed (rev/min)|Coolant Temperature (degrees)|Clutch Position (0 or 1)|Brake Pressure (psi)|Brake Position (0 or 1)|Battery Voltage (volts)|Air Temperature (degrees)|Accelerator Pedal Position (0 or 1),,177465,,0,0.0,,0,0,Time Since Start of Day (seconds),0,43945.3,44032.1,True,0,0.1,0.1,0.1,0.0,0.1,10.0,0.0,0.0,0.0,0.0,86.8,False,False,False,False,False,True,False,True,True,136.66,0.1,0.1,0.0,868,0.0012,,,52.964835,52.979221,-1.757222,-1.749834,0,78.808,71.51,,,,
V-vta15,V_sync,V,vta,E,FordFiestaTitanium,,2,Synchronised V abd S datasets\Categorised IOVNB Dataset\Vta (Driver E)\Vta15\V-vta15.csv,Synchronised V abd S datasets\Categorised IOVNB Dataset\Vta (Driver E)\Vta15\V-vta15.csv|Synchronised V abd S datasets\Uncategorised IOVNB Dataset\V-Dataset\V-vta15.csv,833,29,No of GPS Satellites Available|Time Since Start of Day (seconds)|Latitude (degrees)|Longitude (degrees)|Velocity (km/hr)|Heading (degrees)|Height (km)|Vertical velocity (km/hr)|Sample period (seconds)|Steering Angle (degrees)|Wheel Speed Front Left (rad/sec)|Wheel Speed Front Right (rad/sec)|Wheel Speed Rear Left (rad/sec)|Wheel Speed Rear Right (rad/sec)|Yaw Rate (deg/sec)|Indicated Vehicle Speed (km/hr)|Indicated Longitudinal Acceleration (g)|Indicated Lateral Acceleration (g)|Handbrake (0 or 1)|Gear Requested (Number fof gear employed 1-5)|Gear (Number fof gear employed 1-5)|Engine Speed (rev/min)|Coolant Temperature (degrees)|Clutch Position (0 or 1)|Brake Pressure (psi)|Brake Position (0 or 1)|Battery Voltage (volts)|Air Temperature (degrees)|Accelerator Pedal Position (0 or 1),,175132,,0,0.0,,0,0,Time Since Start of Day (seconds),0,43948.8,44032.0,True,0,0.1,0.1,0.1,0.0,0.1,10.0,0.0,0.0,0.0,0.0,83.2,False,False,False,False,False,True,False,True,True,136.67,0.1,0.1,0.0,832,0.0012,,,52.965426,52.979205,-1.756949,-1.749834,0,78.808,71.57,,,,
V-Vta16,V_full,V,vta,E,FordFiestaTitanium,,2,Unsynchronised V and S Dataset\Categorised IOVNB (V) Dataset\V Dataset\Vta (Driver E)\Vta16\V-Vta16.csv,Unsynchronised V and S Dataset\Categorised IOVNB (V) Dataset\V Dataset\Vta (Driver E)\Vta16\V-Vta16.csv|Unsynchronised V and S Dataset\Uncategorised IOVNB (V and S) Dataset\V-Dataset\V-Vta16.csv,11361,29,No of GPS Satellites Available|Time Since Start of Day (seconds)|Latitude (degrees)|Longitude (degrees)|Velocity (km/hr)|Heading (degrees)|Height (km)|Vertical velocity (km/hr)|Sample period (seconds)|Steering Angle (degrees)|Wheel Speed Front Left (rad/sec)|Wheel Speed Front Right (rad/sec)|Wheel Speed Rear Left (rad/sec)|Wheel Speed Rear Right (rad/sec)|Yaw Rate (deg/sec)|Indicated Vehicle Speed (km/hr)|Indicated Longitudinal Acceleration (g)|Indicated Lateral Acceleration (g)|Handbrake (0 or 1)|Gear Requested (Number fof gear employed 1-5)|Gear (Number fof gear employed 1-5)|Engine Speed (rev/min)|Coolant Temperature (degrees)|Clutch Position (0 or 1)|Brake Pressure (psi)|Brake Position (0 or 1)|Battery Voltage (volts)|Air Temperature (degrees)|Accelerator Pedal Position (0 or 1),,2312817,,0,0.0,,0,0,Time Since Start of Day (seconds),0,44036.4,45172.4,True,0,0.099,0.101,0.1,1.3e-05,0.1,10.0,0.0,0.0,0.0,0.0,1136.0,False,False,False,False,False,True,False,True,True,92.36,0.1,0.4,0.0,11268,0.0082,,,52.97979,53.063072,-1.77409,-1.731651,0,93.946,43.393,,,,
V-vta16,V_sync,V,vta,E,FordFiestaTitanium,,2,Synchronised V abd S datasets\Categorised IOVNB Dataset\Vta (Driver E)\Vta16\V-vta16.csv,Synchronised V abd S datasets\Categorised IOVNB Dataset\Vta (Driver E)\Vta16\V-vta16.csv|Synchronised V abd S datasets\Uncategorised IOVNB Dataset\V-Dataset\V-vta16.csv,11335,29,No of GPS Satellites Available|Time Since Start of Day (seconds)|Latitude (degrees)|Longitude (degrees)|Velocity (km/hr)|Heading (degrees)|Height (km)|Vertical velocity (km/hr)|Sample period (seconds)|Steering Angle (degrees)|Wheel Speed Front Left (rad/sec)|Wheel Speed Front Right (rad/sec)|Wheel Speed Rear Left (rad/sec)|Wheel Speed Rear Right (rad/sec)|Yaw Rate (deg/sec)|Indicated Vehicle Speed (km/hr)|Indicated Longitudinal Acceleration (g)|Indicated Lateral Acceleration (g)|Handbrake (0 or 1)|Gear Requested (Number fof gear employed 1-5)|Gear (Number fof gear employed 1-5)|Engine Speed (rev/min)|Coolant Temperature (degrees)|Clutch Position (0 or 1)|Brake Pressure (psi)|Brake Position (0 or 1)|Battery Voltage (volts)|Air Temperature (degrees)|Accelerator Pedal Position (0 or 1),,2410634,,0,0.0,,0,0,Time Since Start of Day (seconds),0,44038.9,45172.3,True,0,0.099,0.101,0.1,1.3e-05,0.1,10.0,0.0,0.0,0.0,0.0,1133.4,False,False,False,False,False,True,False,True,True,92.26,0.1,0.4,0.0,11242,0.0082,,,52.980094,53.063072,-1.774073,-1.731651,0,93.946,43.361,,,,
V-Vta17,V_full,V,vta,E,FordFiestaTitanium,,2,Unsynchronised V and S Dataset\Categorised IOVNB (V) Dataset\V Dataset\Vta (Driver E)\Vta17\V-Vta17.csv,Unsynchronised V and S Dataset\Categorised IOVNB (V) Dataset\V Dataset\Vta (Driver E)\Vta17\V-Vta17.csv|Unsynchronised V and S Dataset\Uncategorised IOVNB (V and S) Dataset\V-Dataset\V-Vta17.csv,4594,29,No of GPS Satellites Available|Time Since Start of Day (seconds)|Latitude (degrees)|Longitude (degrees)|Velocity (km/hr)|Heading (degrees)|Height (km)|Vertical velocity (km/hr)|Sample period (seconds)|Steering Angle (degrees)|Wheel Speed Front Left (rad/sec)|Wheel Speed Front Right (rad/sec)|Wheel Speed Rear Left (rad/sec)|Wheel Speed Rear Right (rad/sec)|Yaw Rate (deg/sec)|Indicated Vehicle Speed (km/hr)|Indicated Longitudinal Acceleration (g)|Indicated Lateral Acceleration (g)|Handbrake (0 or 1)|Gear Requested (Number fof gear employed 1-5)|Gear (Number fof gear employed 1-5)|Engine Speed (rev/min)|Coolant Temperature (degrees)|Clutch Position (0 or 1)|Brake Pressure (psi)|Brake Position (0 or 1)|Battery Voltage (volts)|Air Temperature (degrees)|Accelerator Pedal Position (0 or 1),,944997,,0,0.0,,0,0,Time Since Start of Day (seconds),0,45177.5,45636.8,True,0,0.1,0.1,0.1,0.0,0.1,10.0,0.0,0.0,0.0,0.0,459.3,False,False,False,False,False,True,False,True,True,121.61,0.1,0.5,0.0,4527,0.0146,,,53.042143,53.055229,-1.805855,-1.774959,0,56.16,32.797,,,,
V-vta17,V_sync,V,vta,E,FordFiestaTitanium,,2,Synchronised V abd S datasets\Categorised IOVNB Dataset\Vta (Driver E)\Vta17\V-vta17.csv,Synchronised V abd S datasets\Categorised IOVNB Dataset\Vta (Driver E)\Vta17\V-vta17.csv|Synchronised V abd S datasets\Uncategorised IOVNB Dataset\V-Dataset\V-vta17.csv,4519,29,No of GPS Satellites Available|Time Since Start of Day (seconds)|Latitude (degrees)|Longitude (degrees)|Velocity (km/hr)|Heading (degrees)|Height (km)|Vertical velocity (km/hr)|Sample period (seconds)|Steering Angle (degrees)|Wheel Speed Front Left (rad/sec)|Wheel Speed Front Right (rad/sec)|Wheel Speed Rear Left (rad/sec)|Wheel Speed Rear Right (rad/sec)|Yaw Rate (deg/sec)|Indicated Vehicle Speed (km/hr)|Indicated Longitudinal Acceleration (g)|Indicated Lateral Acceleration (g)|Handbrake (0 or 1)|Gear Requested (Number fof gear employed 1-5)|Gear (Number fof gear employed 1-5)|Engine Speed (rev/min)|Coolant Temperature (degrees)|Clutch Position (0 or 1)|Brake Pressure (psi)|Brake Position (0 or 1)|Battery Voltage (volts)|Air Temperature (degrees)|Accelerator Pedal Position (0 or 1),,972437,,0,0.0,,0,0,Time Since Start of Day (seconds),0,45184.9,45636.7,True,0,0.1,0.1,0.1,0.0,0.1,10.0,0.0,0.0,0.0,0.0,451.8,False,False,False,False,False,True,False,True,True,122.98,0.1,0.5,0.0,4452,0.0148,,,53.042143,53.055229,-1.805834,-1.776117,0,56.16,32.686,,,,
V-Vta18,V_full,V,vta,E,FordFiestaTitanium,,1,Unsynchronised V and S Dataset\Uncategorised IOVNB (V and S) Dataset\V-Dataset\V-Vta18.csv,Unsynchronised V and S Dataset\Uncategorised IOVNB (V and S) Dataset\V-Dataset\V-Vta18.csv,100,29,No of GPS Satellites Available|Time Since Start of Day (seconds)|Latitude (degrees)|Longitude (degrees)|Velocity (km/hr)|Heading (degrees)|Height (km)|Vertical velocity (km/hr)|Sample period (seconds)|Steering Angle (degrees)|Wheel Speed Front Left (rad/sec)|Wheel Speed Front Right (rad/sec)|Wheel Speed Rear Left (rad/sec)|Wheel Speed Rear Right (rad/sec)|Yaw Rate (deg/sec)|Indicated Vehicle Speed (km/hr)|Indicated Longitudinal Acceleration (g)|Indicated Lateral Acceleration (g)|Handbrake (0 or 1)|Gear Requested (Number fof gear employed 1-5)|Gear (Number fof gear employed 1-5)|Engine Speed (rev/min)|Coolant Temperature (degrees)|Clutch Position (0 or 1)|Brake Pressure (psi)|Brake Position (0 or 1)|Battery Voltage (volts)|Air Temperature (degrees)|Accelerator Pedal Position (0 or 1),,21300,,0,0.0,,0,0,Time Since Start of Day (seconds),0,45641.2,45651.1,True,0,0.1,0.1,0.1,0.0,0.1,10.0,0.0,0.0,0.0,0.0,9.9,False,False,False,False,False,True,False,True,True,135.32,0.1,0.1,0.0,99,0.01,,,53.043561,53.043669,-1.808733,-1.806809,0,51.563,47.496,,,,
V-Vta19,V_full,V,vta,E,FordFiestaTitanium,,2,Unsynchronised V and S Dataset\Categorised IOVNB (V) Dataset\V Dataset\Vta (Driver E)\Vta19\V-Vta19.csv,Unsynchronised V and S Dataset\Categorised IOVNB (V) Dataset\V Dataset\Vta (Driver E)\Vta19\V-Vta19.csv|Unsynchronised V and S Dataset\Uncategorised IOVNB (V and S) Dataset\V-Dataset\V-Vta19.csv,310,29,No of GPS Satellites Available|Time Since Start of Day (seconds)|Latitude (degrees)|Longitude (degrees)|Velocity (km/hr)|Heading (degrees)|Height (km)|Vertical velocity (km/hr)|Sample period (seconds)|Steering Angle (degrees)|Wheel Speed Front Left (rad/sec)|Wheel Speed Front Right (rad/sec)|Wheel Speed Rear Left (rad/sec)|Wheel Speed Rear Right (rad/sec)|Yaw Rate (deg/sec)|Indicated Vehicle Speed (km/hr)|Indicated Longitudinal Acceleration (g)|Indicated Lateral Acceleration (g)|Handbrake (0 or 1)|Gear Requested (Number fof gear employed 1-5)|Gear (Number fof gear employed 1-5)|Engine Speed (rev/min)|Coolant Temperature (degrees)|Clutch Position (0 or 1)|Brake Pressure (psi)|Brake Position (0 or 1)|Battery Voltage (volts)|Air Temperature (degrees)|Accelerator Pedal Position (0 or 1),,62292,,0,0.0,,0,0,Time Since Start of Day (seconds),0,45655.2,45686.1,True,0,0.1,0.1,0.1,0.0,0.1,10.0,0.0,0.0,0.0,0.0,30.9,False,False,False,False,False,True,False,True,True,73.55,0.1,0.2,0.0,295,0.0484,,,53.042442,53.043385,-1.813083,-1.809567,0,55.213,30.385,,,,
V-vta19,V_sync,V,vta,E,FordFiestaTitanium,,2,Synchronised V abd S datasets\Categorised IOVNB Dataset\Vta (Driver E)\Vta19\V-vta19.csv,Synchronised V abd S datasets\Categorised IOVNB Dataset\Vta (Driver E)\Vta19\V-vta19.csv|Synchronised V abd S datasets\Uncategorised IOVNB Dataset\V-Dataset\V-vta19.csv,292,29,No of GPS Satellites Available|Time Since Start of Day (seconds)|Latitude (degrees)|Longitude (degrees)|Velocity (km/hr)|Heading (degrees)|Height (km)|Vertical velocity (km/hr)|Sample period (seconds)|Steering Angle (degrees)|Wheel Speed Front Left (rad/sec)|Wheel Speed Front Right (rad/sec)|Wheel Speed Rear Left (rad/sec)|Wheel Speed Rear Right (rad/sec)|Yaw Rate (deg/sec)|Indicated Vehicle Speed (km/hr)|Indicated Longitudinal Acceleration (g)|Indicated Lateral Acceleration (g)|Handbrake (0 or 1)|Gear Requested (Number fof gear employed 1-5)|Gear (Number fof gear employed 1-5)|Engine Speed (rev/min)|Coolant Temperature (degrees)|Clutch Position (0 or 1)|Brake Pressure (psi)|Brake Position (0 or 1)|Battery Voltage (volts)|Air Temperature (degrees)|Accelerator Pedal Position (0 or 1),,61675,,0,0.0,,0,0,Time Since Start of Day (seconds),0,45656.9,45686.0,True,0,0.1,0.1,0.1,0.0,0.1,10.0,0.0,0.0,0.0,0.0,29.1,False,False,False,False,False,True,False,True,True,70.21,0.1,0.2,0.0,277,0.0514,,,53.042442,53.043282,-1.813083,-1.80991,0,54.27,29.078,,,,
V-Vta1a,V_full,V,vta,E,FordFiestaTitanium,,2,Unsynchronised V and S Dataset\Categorised IOVNB (V) Dataset\V Dataset\Vta (Driver E)\Vta01a\V-Vta1a.csv,Unsynchronised V and S Dataset\Categorised IOVNB (V) Dataset\V Dataset\Vta (Driver E)\Vta01a\V-Vta1a.csv|Unsynchronised V and S Dataset\Uncategorised IOVNB (V and S) Dataset\V-Dataset\V-Vta1a.csv,25821,29,No of GPS Satellites Available|Time Since Start of Day (seconds)|Latitude (degrees)|Longitude (degrees)|Velocity (km/hr)|Heading (degrees)|Height (km)|Vertical velocity (km/hr)|Sample period (seconds)|Steering Angle (degrees)|Wheel Speed Front Left (rad/sec)|Wheel Speed Front Right (rad/sec)|Wheel Speed Rear Left (rad/sec)|Wheel Speed Rear Right (rad/sec)|Yaw Rate (deg/sec)|Indicated Vehicle Speed (km/hr)|Indicated Longitudinal Acceleration (g)|Indicated Lateral Acceleration (g)|Handbrake (0 or 1)|Gear Requested (Number fof gear employed 1-5)|Gear (Number fof gear employed 1-5)|Engine Speed (rev/min)|Coolant Temperature (degrees)|Clutch Position (0 or 1)|Brake Pressure (psi)|Brake Position (0 or 1)|Battery Voltage (volts)|Air Temperature (degrees)|Accelerator Pedal Position (0 or 1),,5288733,,0,0.0,,0,0,Time Since Start of Day (seconds),0,38506.6,41088.6,True,0,0.1,0.1,0.1,0.0,0.1,10.0,0.0,0.0,0.0,0.0,2582.0,False,False,False,False,False,True,False,True,True,125.02,0.1,1.0,0.0,25750,0.0027,,,52.552781,52.760746,-1.692374,-1.454739,0,103.446,56.782,,,,
V-Vta1a,V_sync,V,vta,E,FordFiestaTitanium,,2,Synchronised V abd S datasets\Categorised IOVNB Dataset\Vta (Driver E)\Vta01a\V-Vta1a.csv,Synchronised V abd S datasets\Categorised IOVNB Dataset\Vta (Driver E)\Vta01a\V-Vta1a.csv|Synchronised V abd S datasets\Uncategorised IOVNB Dataset\V-Dataset\V-Vta1a.csv,25676,29,No of GPS Satellites Available|Time Since Start of Day (seconds)|Latitude (degrees)|Longitude (degrees)|Velocity (km/hr)|Heading (degrees)|Height (km)|Vertical velocity (km/hr)|Sample period (seconds)|Steering Angle (degrees)|Wheel Speed Front Left (rad/sec)|Wheel Speed Front Right (rad/sec)|Wheel Speed Rear Left (rad/sec)|Wheel Speed Rear Right (rad/sec)|Yaw Rate (deg/sec)|Indicated Vehicle Speed (km/hr)|Indicated Longitudinal Acceleration (g)|Indicated Lateral Acceleration (g)|Handbrake (0 or 1)|Gear Requested (Number fof gear employed 1-5)|Gear (Number fof gear employed 1-5)|Engine Speed (rev/min)|Coolant Temperature (degrees)|Clutch Position (0 or 1)|Brake Pressure (psi)|Brake Position (0 or 1)|Battery Voltage (volts)|Air Temperature (degrees)|Accelerator Pedal Position (0 or 1),,5444513,,0,0.0,,0,0,Time Since Start of Day (seconds),0,38521.0,41088.5,True,0,0.1,0.1,0.1,0.0,0.1,10.0,0.0,0.0,0.0,0.0,2567.5,False,False,False,False,False,True,False,True,True,124.94,0.1,0.5,0.0,25662,0.0005,,,52.552781,52.760746,-1.692374,-1.454739,0,103.446,57.096,,,,
V-Vta1b,V_full,V,vta,E,FordFiestaTitanium,,2,Unsynchronised V and S Dataset\Categorised IOVNB (V) Dataset\V Dataset\Vta (Driver E)\Vta01b\V-Vta1b.csv,Unsynchronised V and S Dataset\Categorised IOVNB (V) Dataset\V Dataset\Vta (Driver E)\Vta01b\V-Vta1b.csv|Unsynchronised V and S Dataset\Uncategorised IOVNB (V and S) Dataset\V-Dataset\V-Vta1b.csv,956,29,No of GPS Satellites Available|Time Since Start of Day (seconds)|Latitude (degrees)|Longitude (degrees)|Velocity (km/hr)|Heading (degrees)|Height (km)|Vertical velocity (km/hr)|Sample period (seconds)|Steering Angle (degrees)|Wheel Speed Front Left (rad/sec)|Wheel Speed Front Right (rad/sec)|Wheel Speed Rear Left (rad/sec)|Wheel Speed Rear Right (rad/sec)|Yaw Rate (deg/sec)|Indicated Vehicle Speed (km/hr)|Indicated Longitudinal Acceleration (g)|Indicated Lateral Acceleration (g)|Handbrake (0 or 1)|Gear Requested (Number fof gear employed 1-5)|Gear (Number fof gear employed 1-5)|Engine Speed (rev/min)|Coolant Temperature (degrees)|Clutch Position (0 or 1)|Brake Pressure (psi)|Brake Position (0 or 1)|Battery Voltage (volts)|Air Temperature (degrees)|Accelerator Pedal Position (0 or 1),,198110,,0,0.0,,0,0,Time Since Start of Day (seconds),0,41088.7,41184.2,True,0,0.1,0.1,0.1,0.0,0.1,10.0,0.0,0.0,0.0,0.0,95.5,False,False,False,False,False,True,False,True,True,137.02,0.1,0.1,0.0,955,0.001,,,52.749199,52.759892,-1.678689,-1.67412,0,77.684,47.578,,,,
V-Vta1b,V_sync,V,vta,E,FordFiestaTitanium,,2,Synchronised V abd S datasets\Categorised IOVNB Dataset\Vta (Driver E)\Vta01b\V-Vta1b.csv,Synchronised V abd S datasets\Categorised IOVNB Dataset\Vta (Driver E)\Vta01b\V-Vta1b.csv|Synchronised V abd S datasets\Uncategorised IOVNB Dataset\V-Dataset\V-Vta1b.csv,953,29,No of GPS Satellites Available|Time Since Start of Day (seconds)|Latitude (degrees)|Longitude (degrees)|Velocity (km/hr)|Heading (degrees)|Height (km)|Vertical velocity (km/hr)|Sample period (seconds)|Steering Angle (degrees)|Wheel Speed Front Left (rad/sec)|Wheel Speed Front Right (rad/sec)|Wheel Speed Rear Left (rad/sec)|Wheel Speed Rear Right (rad/sec)|Yaw Rate (deg/sec)|Indicated Vehicle Speed (km/hr)|Indicated Longitudinal Acceleration (g)|Indicated Lateral Acceleration (g)|Handbrake (0 or 1)|Gear Requested (Number fof gear employed 1-5)|Gear (Number fof gear employed 1-5)|Engine Speed (rev/min)|Coolant Temperature (degrees)|Clutch Position (0 or 1)|Brake Pressure (psi)|Brake Position (0 or 1)|Battery Voltage (volts)|Air Temperature (degrees)|Accelerator Pedal Position (0 or 1),,205277,,0,0.0,,0,0,Time Since Start of Day (seconds),0,41089.0,41184.2,True,0,0.1,0.1,0.1,0.0,0.1,10.0,0.0,0.0,0.0,0.0,95.2,False,False,False,False,False,True,False,True,True,137.01,0.1,0.1,0.0,952,0.001,,,52.74924,52.759892,-1.678689,-1.674138,0,77.684,47.549,,,,
V-Vta2,V_full,V,vta,E,FordFiestaTitanium,,2,Unsynchronised V and S Dataset\Categorised IOVNB (V) Dataset\V Dataset\Vta (Driver E)\Vta02\V-Vta2.csv,Unsynchronised V and S Dataset\Categorised IOVNB (V) Dataset\V Dataset\Vta (Driver E)\Vta02\V-Vta2.csv|Unsynchronised V and S Dataset\Uncategorised IOVNB (V and S) Dataset\V-Dataset\V-Vta2.csv,10995,29,No of GPS Satellites Available|Time Since Start of Day (seconds)|Latitude (degrees)|Longitude (degrees)|Velocity (km/hr)|Heading (degrees)|Height (km)|Vertical velocity (km/hr)|Sample period (seconds)|Steering Angle (degrees)|Wheel Speed Front Left (rad/sec)|Wheel Speed Front Right (rad/sec)|Wheel Speed Rear Left (rad/sec)|Wheel Speed Rear Right (rad/sec)|Yaw Rate (deg/sec)|Indicated Vehicle Speed (km/hr)|Indicated Longitudinal Acceleration (g)|Indicated Lateral Acceleration (g)|Handbrake (0 or 1)|Gear Requested (Number fof gear employed 1-5)|Gear (Number fof gear employed 1-5)|Engine Speed (rev/min)|Coolant Temperature (degrees)|Clutch Position (0 or 1)|Brake Pressure (psi)|Brake Position (0 or 1)|Battery Voltage (volts)|Air Temperature (degrees)|Accelerator Pedal Position (0 or 1),,2222734,,0,0.0,,0,0,Time Since Start of Day (seconds),0,41190.0,42289.4,True,0,0.1,0.1,0.1,0.0,0.1,10.0,0.0,0.0,0.0,0.0,1099.4,False,False,False,False,False,True,False,True,True,123.47,0.1,1.2,0.0,10812,0.0166,,,52.7604,52.819505,-1.679964,-1.619228,0,81.644,36.185,,,,
V-vta2,V_sync,V,vta,E,FordFiestaTitanium,,2,Synchronised V abd S datasets\Categorised IOVNB Dataset\Vta (Driver E)\Vta02\V-vta2.csv,Synchronised V abd S datasets\Categorised IOVNB Dataset\Vta (Driver E)\Vta02\V-vta2.csv|Synchronised V abd S datasets\Uncategorised IOVNB Dataset\V-Dataset\V-vta2.csv,10991,29,No of GPS Satellites Available|Time Since Start of Day (seconds)|Latitude (degrees)|Longitude (degrees)|Velocity (km/hr)|Heading (degrees)|Height (km)|Vertical velocity (km/hr)|Sample period (seconds)|Steering Angle (degrees)|Wheel Speed Front Left (rad/sec)|Wheel Speed Front Right (rad/sec)|Wheel Speed Rear Left (rad/sec)|Wheel Speed Rear Right (rad/sec)|Yaw Rate (deg/sec)|Indicated Vehicle Speed (km/hr)|Indicated Longitudinal Acceleration (g)|Indicated Lateral Acceleration (g)|Handbrake (0 or 1)|Gear Requested (Number fof gear employed 1-5)|Gear (Number fof gear employed 1-5)|Engine Speed (rev/min)|Coolant Temperature (degrees)|Clutch Position (0 or 1)|Brake Pressure (psi)|Brake Position (0 or 1)|Battery Voltage (volts)|Air Temperature (degrees)|Accelerator Pedal Position (0 or 1),,2307461,,0,0.0,,0,0,Time Since Start of Day (seconds),0,41190.3,42289.3,True,0,0.1,0.1,0.1,0.0,0.1,10.0,0.0,0.0,0.0,0.0,1099.0,False,False,False,False,False,True,False,True,True,123.47,0.1,1.2,0.0,10808,0.0166,,,52.760415,52.819505,-1.679964,-1.619228,0,81.644,36.191,,,,
V-Vta20,V_full,V,vta,E,FordFiestaTitanium,,2,Unsynchronised V and S Dataset\Categorised IOVNB (V) Dataset\V Dataset\Vta (Driver E)\Vta20\V-Vta20.csv,Unsynchronised V and S Dataset\Categorised IOVNB (V) Dataset\V Dataset\Vta (Driver E)\Vta20\V-Vta20.csv|Unsynchronised V and S Dataset\Uncategorised IOVNB (V and S) Dataset\V-Dataset\V-Vta20.csv,3223,29,No of GPS Satellites Available|Time Since Start of Day (seconds)|Latitude (degrees)|Longitude (degrees)|Velocity (km/hr)|Heading (degrees)|Height (km)|Vertical velocity (km/hr)|Sample period (seconds)|Steering Angle (degrees)|Wheel Speed Front Left (rad/sec)|Wheel Speed Front Right (rad/sec)|Wheel Speed Rear Left (rad/sec)|Wheel Speed Rear Right (rad/sec)|Yaw Rate (deg/sec)|Indicated Vehicle Speed (km/hr)|Indicated Longitudinal Acceleration (g)|Indicated Lateral Acceleration (g)|Handbrake (0 or 1)|Gear Requested (Number fof gear employed 1-5)|Gear (Number fof gear employed 1-5)|Engine Speed (rev/min)|Coolant Temperature (degrees)|Clutch Position (0 or 1)|Brake Pressure (psi)|Brake Position (0 or 1)|Battery Voltage (volts)|Air Temperature (degrees)|Accelerator Pedal Position (0 or 1),,577317,,0,0.0,,0,0,Time Since Start of Day (seconds),0,45715.0,46037.2,True,0,0.1,0.1,0.1,0.0,0.1,10.0,0.0,0.0,0.0,0.0,322.2,False,False,False,False,False,True,False,True,True,24.24,0.1,1.4,0.0,1888,0.4142,,,53.040475,53.042464,-1.817488,-1.813051,0,44.834,4.223,,,,
V-vta20,V_sync,V,vta,E,FordFiestaTitanium,,2,Synchronised V abd S datasets\Categorised IOVNB Dataset\Vta (Driver E)\Vta20\V-vta20.csv,Synchronised V abd S datasets\Categorised IOVNB Dataset\Vta (Driver E)\Vta20\V-vta20.csv|Synchronised V abd S datasets\Uncategorised IOVNB Dataset\V-Dataset\V-vta20.csv,3223,29,No of GPS Satellites Available|Time Since Start of Day (seconds)|Latitude (degrees)|Longitude (degrees)|Velocity (km/hr)|Heading (degrees)|Height (km)|Vertical velocity (km/hr)|Sample period (seconds)|Steering Angle (degrees)|Wheel Speed Front Left (rad/sec)|Wheel Speed Front Right (rad/sec)|Wheel Speed Rear Left (rad/sec)|Wheel Speed Rear Right (rad/sec)|Yaw Rate (deg/sec)|Indicated Vehicle Speed (km/hr)|Indicated Longitudinal Acceleration (g)|Indicated Lateral Acceleration (g)|Handbrake (0 or 1)|Gear Requested (Number fof gear employed 1-5)|Gear (Number fof gear employed 1-5)|Engine Speed (rev/min)|Coolant Temperature (degrees)|Clutch Position (0 or 1)|Brake Pressure (psi)|Brake Position (0 or 1)|Battery Voltage (volts)|Air Temperature (degrees)|Accelerator Pedal Position (0 or 1),,596090,,0,0.0,,0,0,Time Since Start of Day (seconds),0,45715.0,46037.2,True,0,0.1,0.1,0.1,0.0,0.1,10.0,0.0,0.0,0.0,0.0,322.2,False,False,False,False,False,True,False,True,True,24.24,0.1,1.4,0.0,1888,0.4142,,,53.040475,53.042464,-1.817488,-1.813051,0,44.834,4.223,,,,
V-Vta21,V_full,V,vta,E,FordFiestaTitanium,,2,Unsynchronised V and S Dataset\Categorised IOVNB (V) Dataset\V Dataset\Vta (Driver E)\Vta21\V-Vta21.csv,Unsynchronised V and S Dataset\Categorised IOVNB (V) Dataset\V Dataset\Vta (Driver E)\Vta21\V-Vta21.csv|Unsynchronised V and S Dataset\Uncategorised IOVNB (V and S) Dataset\V-Dataset\V-Vta21.csv,2088,29,No of GPS Satellites Available|Time Since Start of Day (seconds)|Latitude (degrees)|Longitude (degrees)|Velocity (km/hr)|Heading (degrees)|Height (km)|Vertical velocity (km/hr)|Sample period (seconds)|Steering Angle (degrees)|Wheel Speed Front Left (rad/sec)|Wheel Speed Front Right (rad/sec)|Wheel Speed Rear Left (rad/sec)|Wheel Speed Rear Right (rad/sec)|Yaw Rate (deg/sec)|Indicated Vehicle Speed (km/hr)|Indicated Longitudinal Acceleration (g)|Indicated Lateral Acceleration (g)|Handbrake (0 or 1)|Gear Requested (Number fof gear employed 1-5)|Gear (Number fof gear employed 1-5)|Engine Speed (rev/min)|Coolant Temperature (degrees)|Clutch Position (0 or 1)|Brake Pressure (psi)|Brake Position (0 or 1)|Battery Voltage (volts)|Air Temperature (degrees)|Accelerator Pedal Position (0 or 1),,430922,,0,0.0,,0,0,Time Since Start of Day (seconds),0,46042.9,46251.6,True,0,0.1,0.1,0.1,0.0,0.1,10.0,0.0,0.0,0.0,0.0,208.7,False,False,False,False,False,True,False,True,True,137.78,0.1,0.3,0.0,2080,0.0038,,,53.040514,53.051267,-1.817382,-1.796415,0,74.833,47.642,,,,
V-vta21,V_sync,V,vta,E,FordFiestaTitanium,,2,Synchronised V abd S datasets\Categorised IOVNB Dataset\Vta (Driver E)\Vta21\V-vta21.csv,Synchronised V abd S datasets\Categorised IOVNB Dataset\Vta (Driver E)\Vta21\V-vta21.csv|Synchronised V abd S datasets\Uncategorised IOVNB Dataset\V-Dataset\V-vta21.csv,2079,29,No of GPS Satellites Available|Time Since Start of Day (seconds)|Latitude (degrees)|Longitude (degrees)|Velocity (km/hr)|Heading (degrees)|Height (km)|Vertical velocity (km/hr)|Sample period (seconds)|Steering Angle (degrees)|Wheel Speed Front Left (rad/sec)|Wheel Speed Front Right (rad/sec)|Wheel Speed Rear Left (rad/sec)|Wheel Speed Rear Right (rad/sec)|Yaw Rate (deg/sec)|Indicated Vehicle Speed (km/hr)|Indicated Longitudinal Acceleration (g)|Indicated Lateral Acceleration (g)|Handbrake (0 or 1)|Gear Requested (Number fof gear employed 1-5)|Gear (Number fof gear employed 1-5)|Engine Speed (rev/min)|Coolant Temperature (degrees)|Clutch Position (0 or 1)|Brake Pressure (psi)|Brake Position (0 or 1)|Battery Voltage (volts)|Air Temperature (degrees)|Accelerator Pedal Position (0 or 1),,450180,,0,0.0,,0,0,Time Since Start of Day (seconds),0,46043.7,46251.5,True,0,0.1,0.1,0.1,0.0,0.1,10.0,0.0,0.0,0.0,0.0,207.8,False,False,False,False,False,True,False,True,True,137.78,0.1,0.3,0.0,2071,0.0038,,,53.040531,53.051262,-1.817357,-1.796415,0,74.833,47.787,,,,
V-Vta22,V_full,V,vta,E,FordFiestaTitanium,,2,Unsynchronised V and S Dataset\Categorised IOVNB (V) Dataset\V Dataset\Vta (Driver E)\Vta22\V-Vta22.csv,Unsynchronised V and S Dataset\Categorised IOVNB (V) Dataset\V Dataset\Vta (Driver E)\Vta22\V-Vta22.csv|Unsynchronised V and S Dataset\Uncategorised IOVNB (V and S) Dataset\V-Dataset\V-Vta22.csv,1572,29,No of GPS Satellites Available|Time Since Start of Day (seconds)|Latitude (degrees)|Longitude (degrees)|Velocity (km/hr)|Heading (degrees)|Height (km)|Vertical velocity (km/hr)|Sample period (seconds)|Steering Angle (degrees)|Wheel Speed Front Left (rad/sec)|Wheel Speed Front Right (rad/sec)|Wheel Speed Rear Left (rad/sec)|Wheel Speed Rear Right (rad/sec)|Yaw Rate (deg/sec)|Indicated Vehicle Speed (km/hr)|Indicated Longitudinal Acceleration (g)|Indicated Lateral Acceleration (g)|Handbrake (0 or 1)|Gear Requested (Number fof gear employed 1-5)|Gear (Number fof gear employed 1-5)|Engine Speed (rev/min)|Coolant Temperature (degrees)|Clutch Position (0 or 1)|Brake Pressure (psi)|Brake Position (0 or 1)|Battery Voltage (volts)|Air Temperature (degrees)|Accelerator Pedal Position (0 or 1),,323518,,0,0.0,,0,0,Time Since Start of Day (seconds),0,46256.3,46413.4,True,0,0.1,0.1,0.1,0.0,0.1,10.0,0.0,0.0,0.0,0.0,157.1,False,False,False,False,False,True,False,True,True,91.76,0.1,0.1,0.0,1571,0.0006,,,53.05137,53.05525,-1.799793,-1.782727,0,55.829,38.218,,,,
V-vta22,V_sync,V,vta,E,FordFiestaTitanium,,2,Synchronised V abd S datasets\Categorised IOVNB Dataset\Vta (Driver E)\Vta22\V-vta22.csv,Synchronised V abd S datasets\Categorised IOVNB Dataset\Vta (Driver E)\Vta22\V-vta22.csv|Synchronised V abd S datasets\Uncategorised IOVNB Dataset\V-Dataset\V-vta22.csv,1564,29,No of GPS Satellites Available|Time Since Start of Day (seconds)|Latitude (degrees)|Longitude (degrees)|Velocity (km/hr)|Heading (degrees)|Height (km)|Vertical velocity (km/hr)|Sample period (seconds)|Steering Angle (degrees)|Wheel Speed Front Left (rad/sec)|Wheel Speed Front Right (rad/sec)|Wheel Speed Rear Left (rad/sec)|Wheel Speed Rear Right (rad/sec)|Yaw Rate (deg/sec)|Indicated Vehicle Speed (km/hr)|Indicated Longitudinal Acceleration (g)|Indicated Lateral Acceleration (g)|Handbrake (0 or 1)|Gear Requested (Number fof gear employed 1-5)|Gear (Number fof gear employed 1-5)|Engine Speed (rev/min)|Coolant Temperature (degrees)|Clutch Position (0 or 1)|Brake Pressure (psi)|Brake Position (0 or 1)|Battery Voltage (volts)|Air Temperature (degrees)|Accelerator Pedal Position (0 or 1),,338739,,0,0.0,,0,0,Time Since Start of Day (seconds),0,46257.0,46413.3,True,0,0.1,0.1,0.1,0.0,0.1,10.0,0.0,0.0,0.0,0.0,156.3,False,False,False,False,False,True,False,True,True,91.52,0.1,0.1,0.0,1563,0.0006,,,53.05137,53.05525,-1.799691,-1.782744,0,55.829,38.202,,,,
V-Vta23,V_full,V,vta,E,FordFiestaTitanium,,2,Unsynchronised V and S Dataset\Categorised IOVNB (V) Dataset\V Dataset\Vta (Driver E)\Vta23\V-Vta23.csv,Unsynchronised V and S Dataset\Categorised IOVNB (V) Dataset\V Dataset\Vta (Driver E)\Vta23\V-Vta23.csv|Unsynchronised V and S Dataset\Uncategorised IOVNB (V and S) Dataset\V-Dataset\V-Vta23.csv,1119,29,No of GPS Satellites Available|Time Since Start of Day (seconds)|Latitude (degrees)|Longitude (degrees)|Velocity (km/hr)|Heading (degrees)|Height (km)|Vertical velocity (km/hr)|Sample period (seconds)|Steering Angle (degrees)|Wheel Speed Front Left (rad/sec)|Wheel Speed Front Right (rad/sec)|Wheel Speed Rear Left (rad/sec)|Wheel Speed Rear Right (rad/sec)|Yaw Rate (deg/sec)|Indicated Vehicle Speed (km/hr)|Indicated Longitudinal Acceleration (g)|Indicated Lateral Acceleration (g)|Handbrake (0 or 1)|Gear Requested (Number fof gear employed 1-5)|Gear (Number fof gear employed 1-5)|Engine Speed (rev/min)|Coolant Temperature (degrees)|Clutch Position (0 or 1)|Brake Pressure (psi)|Brake Position (0 or 1)|Battery Voltage (volts)|Air Temperature (degrees)|Accelerator Pedal Position (0 or 1),,232810,,0,0.0,,0,0,Time Since Start of Day (seconds),0,46418.3,46530.1,True,0,0.1,0.1,0.1,0.0,0.1,10.0,0.0,0.0,0.0,0.0,111.8,False,False,False,False,False,True,False,True,True,128.39,0.1,0.6,0.0,1112,0.0063,,,53.050365,53.05299,-1.781899,-1.767939,0,51.851,35.387,,,,
V-vta23,V_sync,V,vta,E,FordFiestaTitanium,,2,Synchronised V abd S datasets\Categorised IOVNB Dataset\Vta (Driver E)\Vta23\V-vta23.csv,Synchronised V abd S datasets\Categorised IOVNB Dataset\Vta (Driver E)\Vta23\V-vta23.csv|Synchronised V abd S datasets\Uncategorised IOVNB Dataset\V-Dataset\V-vta23.csv,1110,29,No of GPS Satellites Available|Time Since Start of Day (seconds)|Latitude (degrees)|Longitude (degrees)|Velocity (km/hr)|Heading (degrees)|Height (km)|Vertical velocity (km/hr)|Sample period (seconds)|Steering Angle (degrees)|Wheel Speed Front Left (rad/sec)|Wheel Speed Front Right (rad/sec)|Wheel Speed Rear Left (rad/sec)|Wheel Speed Rear Right (rad/sec)|Yaw Rate (deg/sec)|Indicated Vehicle Speed (km/hr)|Indicated Longitudinal Acceleration (g)|Indicated Lateral Acceleration (g)|Handbrake (0 or 1)|Gear Requested (Number fof gear employed 1-5)|Gear (Number fof gear employed 1-5)|Engine Speed (rev/min)|Coolant Temperature (degrees)|Clutch Position (0 or 1)|Brake Pressure (psi)|Brake Position (0 or 1)|Battery Voltage (volts)|Air Temperature (degrees)|Accelerator Pedal Position (0 or 1),,242444,,0,0.0,,0,0,Time Since Start of Day (seconds),0,46419.1,46530.0,True,0,0.1,0.1,0.1,0.0,0.1,10.0,0.0,0.0,0.0,0.0,110.9,False,False,False,False,False,True,False,True,True,128.32,0.1,0.6,0.0,1103,0.0063,,,53.050369,53.05299,-1.781771,-1.767948,0,51.851,35.327,,,,
V-Vta24,V_full,V,vta,E,FordFiestaTitanium,,2,Unsynchronised V and S Dataset\Categorised IOVNB (V) Dataset\V Dataset\Vta (Driver E)\Vta24\V-Vta24.csv,Unsynchronised V and S Dataset\Categorised IOVNB (V) Dataset\V Dataset\Vta (Driver E)\Vta24\V-Vta24.csv|Unsynchronised V and S Dataset\Uncategorised IOVNB (V and S) Dataset\V-Dataset\V-Vta24.csv,1184,29,No of GPS Satellites Available|Time Since Start of Day (seconds)|Latitude (degrees)|Longitude (degrees)|Velocity (km/hr)|Heading (degrees)|Height (km)|Vertical velocity (km/hr)|Sample period (seconds)|Steering Angle (degrees)|Wheel Speed Front Left (rad/sec)|Wheel Speed Front Right (rad/sec)|Wheel Speed Rear Left (rad/sec)|Wheel Speed Rear Right (rad/sec)|Yaw Rate (deg/sec)|Indicated Vehicle Speed (km/hr)|Indicated Longitudinal Acceleration (g)|Indicated Lateral Acceleration (g)|Handbrake (0 or 1)|Gear Requested (Number fof gear employed 1-5)|Gear (Number fof gear employed 1-5)|Engine Speed (rev/min)|Coolant Temperature (degrees)|Clutch Position (0 or 1)|Brake Pressure (psi)|Brake Position (0 or 1)|Battery Voltage (volts)|Air Temperature (degrees)|Accelerator Pedal Position (0 or 1),,241654,,0,0.0,,0,0,Time Since Start of Day (seconds),0,46534.6,46652.9,True,0,0.1,0.1,0.1,0.0,0.1,10.0,0.0,0.0,0.0,0.0,118.3,False,False,False,False,False,True,False,True,True,114.85,0.1,0.3,0.0,1128,0.0473,,,53.050398,53.051796,-1.767377,-1.758157,0,56.369,21.516,,,,
V-vta24,V_sync,V,vta,E,FordFiestaTitanium,,2,Synchronised V abd S datasets\Categorised IOVNB Dataset\Vta (Driver E)\Vta24\V-vta24.csv,Synchronised V abd S datasets\Categorised IOVNB Dataset\Vta (Driver E)\Vta24\V-vta24.csv|Synchronised V abd S datasets\Uncategorised IOVNB Dataset\V-Dataset\V-vta24.csv,1171,29,No of GPS Satellites Available|Time Since Start of Day (seconds)|Latitude (degrees)|Longitude (degrees)|Velocity (km/hr)|Heading (degrees)|Height (km)|Vertical velocity (km/hr)|Sample period (seconds)|Steering Angle (degrees)|Wheel Speed Front Left (rad/sec)|Wheel Speed Front Right (rad/sec)|Wheel Speed Rear Left (rad/sec)|Wheel Speed Rear Right (rad/sec)|Yaw Rate (deg/sec)|Indicated Vehicle Speed (km/hr)|Indicated Longitudinal Acceleration (g)|Indicated Lateral Acceleration (g)|Handbrake (0 or 1)|Gear Requested (Number fof gear employed 1-5)|Gear (Number fof gear employed 1-5)|Engine Speed (rev/min)|Coolant Temperature (degrees)|Clutch Position (0 or 1)|Brake Pressure (psi)|Brake Position (0 or 1)|Battery Voltage (volts)|Air Temperature (degrees)|Accelerator Pedal Position (0 or 1),,250448,,0,0.0,,0,0,Time Since Start of Day (seconds),0,46535.8,46652.8,True,0,0.1,0.1,0.1,0.0,0.1,10.0,0.0,0.0,0.0,0.0,117.0,False,False,False,False,False,True,False,True,True,114.62,0.1,0.3,0.0,1115,0.0478,,,53.050452,53.051796,-1.767203,-1.758157,0,56.369,21.35,,,,
V-Vta25,V_full,V,vta,E,FordFiestaTitanium,,2,Unsynchronised V and S Dataset\Categorised IOVNB (V) Dataset\V Dataset\Vta (Driver E)\Vta25\V-Vta25.csv,Unsynchronised V and S Dataset\Categorised IOVNB (V) Dataset\V Dataset\Vta (Driver E)\Vta25\V-Vta25.csv|Unsynchronised V and S Dataset\Uncategorised IOVNB (V and S) Dataset\V-Dataset\V-Vta25.csv,646,29,No of GPS Satellites Available|Time Since Start of Day (seconds)|Latitude (degrees)|Longitude (degrees)|Velocity (km/hr)|Heading (degrees)|Height (km)|Vertical velocity (km/hr)|Sample period (seconds)|Steering Angle (degrees)|Wheel Speed Front Left (rad/sec)|Wheel Speed Front Right (rad/sec)|Wheel Speed Rear Left (rad/sec)|Wheel Speed Rear Right (rad/sec)|Yaw Rate (deg/sec)|Indicated Vehicle Speed (km/hr)|Indicated Longitudinal Acceleration (g)|Indicated Lateral Acceleration (g)|Handbrake (0 or 1)|Gear Requested (Number fof gear employed 1-5)|Gear (Number fof gear employed 1-5)|Engine Speed (rev/min)|Coolant Temperature (degrees)|Clutch Position (0 or 1)|Brake Pressure (psi)|Brake Position (0 or 1)|Battery Voltage (volts)|Air Temperature (degrees)|Accelerator Pedal Position (0 or 1),,129385,,0,0.0,,0,0,Time Since Start of Day (seconds),0,46657.6,46722.1,True,0,0.1,0.1,0.1,0.0,0.1,10.0,0.0,0.0,0.0,0.0,64.5,False,False,False,False,False,True,False,True,True,138.15,0.1,1.0,0.0,539,0.1656,,,53.051076,53.051262,-1.758171,-1.756525,0,48.586,8.853,,,,
V-vta25,V_sync,V,vta,E,FordFiestaTitanium,,2,Synchronised V abd S datasets\Categorised IOVNB Dataset\Vta (Driver E)\Vta25\V-vta25.csv,Synchronised V abd S datasets\Categorised IOVNB Dataset\Vta (Driver E)\Vta25\V-vta25.csv|Synchronised V abd S datasets\Uncategorised IOVNB Dataset\V-Dataset\V-vta25.csv,646,29,No of GPS Satellites Available|Time Since Start of Day (seconds)|Latitude (degrees)|Longitude (degrees)|Velocity (km/hr)|Heading (degrees)|Height (km)|Vertical velocity (km/hr)|Sample period (seconds)|Steering Angle (degrees)|Wheel Speed Front Left (rad/sec)|Wheel Speed Front Right (rad/sec)|Wheel Speed Rear Left (rad/sec)|Wheel Speed Rear Right (rad/sec)|Yaw Rate (deg/sec)|Indicated Vehicle Speed (km/hr)|Indicated Longitudinal Acceleration (g)|Indicated Lateral Acceleration (g)|Handbrake (0 or 1)|Gear Requested (Number fof gear employed 1-5)|Gear (Number fof gear employed 1-5)|Engine Speed (rev/min)|Coolant Temperature (degrees)|Clutch Position (0 or 1)|Brake Pressure (psi)|Brake Position (0 or 1)|Battery Voltage (volts)|Air Temperature (degrees)|Accelerator Pedal Position (0 or 1),,135915,,0,0.0,,0,0,Time Since Start of Day (seconds),0,46657.6,46722.1,True,0,0.1,0.1,0.1,0.0,0.1,10.0,0.0,0.0,0.0,0.0,64.5,False,False,False,False,False,True,False,True,True,138.15,0.1,1.0,0.0,539,0.1656,,,53.051076,53.051262,-1.758171,-1.756525,0,48.586,8.853,,,,
V-Vta26,V_full,V,vta,E,FordFiestaTitanium,,2,Unsynchronised V and S Dataset\Categorised IOVNB (V) Dataset\V Dataset\Vta (Driver E)\Vta26\V-Vta26.csv,Unsynchronised V and S Dataset\Categorised IOVNB (V) Dataset\V Dataset\Vta (Driver E)\Vta26\V-Vta26.csv|Unsynchronised V and S Dataset\Uncategorised IOVNB (V and S) Dataset\V-Dataset\V-Vta26.csv,1947,29,No of GPS Satellites Available|Time Since Start of Day (seconds)|Latitude (degrees)|Longitude (degrees)|Velocity (km/hr)|Heading (degrees)|Height (km)|Vertical velocity (km/hr)|Sample period (seconds)|Steering Angle (degrees)|Wheel Speed Front Left (rad/sec)|Wheel Speed Front Right (rad/sec)|Wheel Speed Rear Left (rad/sec)|Wheel Speed Rear Right (rad/sec)|Yaw Rate (deg/sec)|Indicated Vehicle Speed (km/hr)|Indicated Longitudinal Acceleration (g)|Indicated Lateral Acceleration (g)|Handbrake (0 or 1)|Gear Requested (Number fof gear employed 1-5)|Gear (Number fof gear employed 1-5)|Engine Speed (rev/min)|Coolant Temperature (degrees)|Clutch Position (0 or 1)|Brake Pressure (psi)|Brake Position (0 or 1)|Battery Voltage (volts)|Air Temperature (degrees)|Accelerator Pedal Position (0 or 1),,388954,,0,0.0,,0,0,Time Since Start of Day (seconds),0,46726.5,46921.1,True,0,0.1,0.1,0.1,0.0,0.1,10.0,0.0,0.0,0.0,0.0,194.6,False,False,False,False,False,True,False,True,True,138.29,0.1,1.3,0.0,1577,0.19,,,53.051211,53.059951,-1.759158,-1.757727,0,55.109,18.694,,,,
V-vta26,V_sync,V,vta,E,FordFiestaTitanium,,2,Synchronised V abd S datasets\Categorised IOVNB Dataset\Vta (Driver E)\Vta26\V-vta26.csv,Synchronised V abd S datasets\Categorised IOVNB Dataset\Vta (Driver E)\Vta26\V-vta26.csv|Synchronised V abd S datasets\Uncategorised IOVNB Dataset\V-Dataset\V-vta26.csv,1935,29,No of GPS Satellites Available|Time Since Start of Day (seconds)|Latitude (degrees)|Longitude (degrees)|Velocity (km/hr)|Heading (degrees)|Height (km)|Vertical velocity (km/hr)|Sample period (seconds)|Steering Angle (degrees)|Wheel Speed Front Left (rad/sec)|Wheel Speed Front Right (rad/sec)|Wheel Speed Rear Left (rad/sec)|Wheel Speed Rear Right (rad/sec)|Yaw Rate (deg/sec)|Indicated Vehicle Speed (km/hr)|Indicated Longitudinal Acceleration (g)|Indicated Lateral Acceleration (g)|Handbrake (0 or 1)|Gear Requested (Number fof gear employed 1-5)|Gear (Number fof gear employed 1-5)|Engine Speed (rev/min)|Coolant Temperature (degrees)|Clutch Position (0 or 1)|Brake Pressure (psi)|Brake Position (0 or 1)|Battery Voltage (volts)|Air Temperature (degrees)|Accelerator Pedal Position (0 or 1),,401896,,0,0.0,,0,0,Time Since Start of Day (seconds),0,46727.6,46921.0,True,0,0.1,0.1,0.1,0.0,0.1,10.0,0.0,0.0,0.0,0.0,193.4,False,False,False,False,False,True,False,True,True,138.28,0.1,1.3,0.0,1565,0.1912,,,53.05122,53.059942,-1.759157,-1.757842,0,55.109,18.62,,,,
V-Vta27,V_full,V,vta,E,FordFiestaTitanium,,2,Unsynchronised V and S Dataset\Categorised IOVNB (V) Dataset\V Dataset\Vta (Driver E)\Vta27\V-Vta27.csv,Unsynchronised V and S Dataset\Categorised IOVNB (V) Dataset\V Dataset\Vta (Driver E)\Vta27\V-Vta27.csv|Unsynchronised V and S Dataset\Uncategorised IOVNB (V and S) Dataset\V-Dataset\V-Vta27.csv,2853,29,No of GPS Satellites Available|Time Since Start of Day (seconds)|Latitude (degrees)|Longitude (degrees)|Velocity (km/hr)|Heading (degrees)|Height (km)|Vertical velocity (km/hr)|Sample period (seconds)|Steering Angle (degrees)|Wheel Speed Front Left (rad/sec)|Wheel Speed Front Right (rad/sec)|Wheel Speed Rear Left (rad/sec)|Wheel Speed Rear Right (rad/sec)|Yaw Rate (deg/sec)|Indicated Vehicle Speed (km/hr)|Indicated Longitudinal Acceleration (g)|Indicated Lateral Acceleration (g)|Handbrake (0 or 1)|Gear Requested (Number fof gear employed 1-5)|Gear (Number fof gear employed 1-5)|Engine Speed (rev/min)|Coolant Temperature (degrees)|Clutch Position (0 or 1)|Brake Pressure (psi)|Brake Position (0 or 1)|Battery Voltage (volts)|Air Temperature (degrees)|Accelerator Pedal Position (0 or 1),,583915,,0,0.0,,0,0,Time Since Start of Day (seconds),0,46925.6,47210.8,True,0,0.1,0.1,0.1,0.0,0.1,10.0,0.0,0.0,0.0,0.0,285.2,False,False,False,False,False,True,False,True,True,138.89,0.1,3.1,0.0,2558,0.1034,,,53.060302,53.086971,-1.767688,-1.759227,0,64.969,39.886,,,,
V-vta27,V_sync,V,vta,E,FordFiestaTitanium,,2,Synchronised V abd S datasets\Categorised IOVNB Dataset\Vta (Driver E)\Vta27\V-vta27.csv,Synchronised V abd S datasets\Categorised IOVNB Dataset\Vta (Driver E)\Vta27\V-vta27.csv|Synchronised V abd S datasets\Uncategorised IOVNB Dataset\V-Dataset\V-vta27.csv,2540,29,No of GPS Satellites Available|Time Since Start of Day (seconds)|Latitude (degrees)|Longitude (degrees)|Velocity (km/hr)|Heading (degrees)|Height (km)|Vertical velocity (km/hr)|Sample period (seconds)|Steering Angle (degrees)|Wheel Speed Front Left (rad/sec)|Wheel Speed Front Right (rad/sec)|Wheel Speed Rear Left (rad/sec)|Wheel Speed Rear Right (rad/sec)|Yaw Rate (deg/sec)|Indicated Vehicle Speed (km/hr)|Indicated Longitudinal Acceleration (g)|Indicated Lateral Acceleration (g)|Handbrake (0 or 1)|Gear Requested (Number fof gear employed 1-5)|Gear (Number fof gear employed 1-5)|Engine Speed (rev/min)|Coolant Temperature (degrees)|Clutch Position (0 or 1)|Brake Pressure (psi)|Brake Position (0 or 1)|Battery Voltage (volts)|Air Temperature (degrees)|Accelerator Pedal Position (0 or 1),,550395,,0,0.0,,0,0,Time Since Start of Day (seconds),0,46956.8,47210.7,True,0,0.1,0.1,0.1,0.0,0.1,10.0,0.0,0.0,0.0,0.0,253.9,False,False,False,False,False,True,False,True,True,138.88,0.1,1.3,0.0,2436,0.0409,,,53.060383,53.086969,-1.767688,-1.759235,0,64.969,44.656,,,,
V-Vta28,V_full,V,vta,E,FordFiestaTitanium,,2,Unsynchronised V and S Dataset\Categorised IOVNB (V) Dataset\V Dataset\Vta (Driver E)\Vta28\V-Vta28.csv,Unsynchronised V and S Dataset\Categorised IOVNB (V) Dataset\V Dataset\Vta (Driver E)\Vta28\V-Vta28.csv|Unsynchronised V and S Dataset\Uncategorised IOVNB (V and S) Dataset\V-Dataset\V-Vta28.csv,4219,29,No of GPS Satellites Available|Time Since Start of Day (seconds)|Latitude (degrees)|Longitude (degrees)|Velocity (km/hr)|Heading (degrees)|Height (km)|Vertical velocity (km/hr)|Sample period (seconds)|Steering Angle (degrees)|Wheel Speed Front Left (rad/sec)|Wheel Speed Front Right (rad/sec)|Wheel Speed Rear Left (rad/sec)|Wheel Speed Rear Right (rad/sec)|Yaw Rate (deg/sec)|Indicated Vehicle Speed (km/hr)|Indicated Longitudinal Acceleration (g)|Indicated Lateral Acceleration (g)|Handbrake (0 or 1)|Gear Requested (Number fof gear employed 1-5)|Gear (Number fof gear employed 1-5)|Engine Speed (rev/min)|Coolant Temperature (degrees)|Clutch Position (0 or 1)|Brake Pressure (psi)|Brake Position (0 or 1)|Battery Voltage (volts)|Air Temperature (degrees)|Accelerator Pedal Position (0 or 1),,859662,,0,0.0,,0,0,Time Since Start of Day (seconds),0,47215.5,47637.3,True,0,0.1,0.1,0.1,0.0,0.1,10.0,0.0,0.0,0.0,0.0,421.8,False,False,False,False,False,True,False,True,True,106.68,0.1,0.3,0.0,4164,0.013,,,53.087057,53.092811,-1.793638,-1.76579,0,66.049,33.547,,,,
V-vta28,V_sync,V,vta,E,FordFiestaTitanium,,2,Synchronised V abd S datasets\Categorised IOVNB Dataset\Vta (Driver E)\Vta28\V-vta28.csv,Synchronised V abd S datasets\Categorised IOVNB Dataset\Vta (Driver E)\Vta28\V-vta28.csv|Synchronised V abd S datasets\Uncategorised IOVNB Dataset\V-Dataset\V-vta28.csv,4210,29,No of GPS Satellites Available|Time Since Start of Day (seconds)|Latitude (degrees)|Longitude (degrees)|Velocity (km/hr)|Heading (degrees)|Height (km)|Vertical velocity (km/hr)|Sample period (seconds)|Steering Angle (degrees)|Wheel Speed Front Left (rad/sec)|Wheel Speed Front Right (rad/sec)|Wheel Speed Rear Left (rad/sec)|Wheel Speed Rear Right (rad/sec)|Yaw Rate (deg/sec)|Indicated Vehicle Speed (km/hr)|Indicated Longitudinal Acceleration (g)|Indicated Lateral Acceleration (g)|Handbrake (0 or 1)|Gear Requested (Number fof gear employed 1-5)|Gear (Number fof gear employed 1-5)|Engine Speed (rev/min)|Coolant Temperature (degrees)|Clutch Position (0 or 1)|Brake Pressure (psi)|Brake Position (0 or 1)|Battery Voltage (volts)|Air Temperature (degrees)|Accelerator Pedal Position (0 or 1),,901238,,0,0.0,,0,0,Time Since Start of Day (seconds),0,47216.3,47637.2,True,0,0.1,0.1,0.1,0.0,0.1,10.0,0.0,0.0,0.0,0.0,420.9,False,False,False,False,False,True,False,True,True,106.61,0.1,0.3,0.0,4155,0.0131,,,53.087099,53.092811,-1.793638,-1.765821,0,66.049,33.577,,,,
V-Vta29,V_full,V,vta,E,FordFiestaTitanium,,2,Unsynchronised V and S Dataset\Categorised IOVNB (V) Dataset\V Dataset\Vta (Driver E)\Vta29\V-Vta29.csv,Unsynchronised V and S Dataset\Categorised IOVNB (V) Dataset\V Dataset\Vta (Driver E)\Vta29\V-Vta29.csv|Unsynchronised V and S Dataset\Uncategorised IOVNB (V and S) Dataset\V-Dataset\V-Vta29.csv,23737,29,No of GPS Satellites Available|Time Since Start of Day (seconds)|Latitude (degrees)|Longitude (degrees)|Velocity (km/hr)|Heading (degrees)|Height (km)|Vertical velocity (km/hr)|Sample period (seconds)|Steering Angle (degrees)|Wheel Speed Front Left (rad/sec)|Wheel Speed Front Right (rad/sec)|Wheel Speed Rear Left (rad/sec)|Wheel Speed Rear Right (rad/sec)|Yaw Rate (deg/sec)|Indicated Vehicle Speed (km/hr)|Indicated Longitudinal Acceleration (g)|Indicated Lateral Acceleration (g)|Handbrake (0 or 1)|Gear Requested (Number fof gear employed 1-5)|Gear (Number fof gear employed 1-5)|Engine Speed (rev/min)|Coolant Temperature (degrees)|Clutch Position (0 or 1)|Brake Pressure (psi)|Brake Position (0 or 1)|Battery Voltage (volts)|Air Temperature (degrees)|Accelerator Pedal Position (0 or 1),,4907770,,0,0.0,,0,0,Time Since Start of Day (seconds),0,48443.1,50816.7,True,0,0.099,0.101,0.1,9e-06,0.1,10.0,0.0,0.0,0.0,0.0,2373.6,False,False,False,False,False,True,False,True,True,110.87,0.1,1.0,0.0,23190,0.023,,,53.089312,53.221363,-1.908329,-1.793641,0,101.966,39.532,,,,
V-vta29,V_sync,V,vta,E,FordFiestaTitanium,,2,Synchronised V abd S datasets\Categorised IOVNB Dataset\Vta (Driver E)\Vta29\V-vta29.csv,Synchronised V abd S datasets\Categorised IOVNB Dataset\Vta (Driver E)\Vta29\V-vta29.csv|Synchronised V abd S datasets\Uncategorised IOVNB Dataset\V-Dataset\V-vta29.csv,23705,29,No of GPS Satellites Available|Time Since Start of Day (seconds)|Latitude (degrees)|Longitude (degrees)|Velocity (km/hr)|Heading (degrees)|Height (km)|Vertical velocity (km/hr)|Sample period (seconds)|Steering Angle (degrees)|Wheel Speed Front Left (rad/sec)|Wheel Speed Front Right (rad/sec)|Wheel Speed Rear Left (rad/sec)|Wheel Speed Rear Right (rad/sec)|Yaw Rate (deg/sec)|Indicated Vehicle Speed (km/hr)|Indicated Longitudinal Acceleration (g)|Indicated Lateral Acceleration (g)|Handbrake (0 or 1)|Gear Requested (Number fof gear employed 1-5)|Gear (Number fof gear employed 1-5)|Engine Speed (rev/min)|Coolant Temperature (degrees)|Clutch Position (0 or 1)|Brake Pressure (psi)|Brake Position (0 or 1)|Battery Voltage (volts)|Air Temperature (degrees)|Accelerator Pedal Position (0 or 1),,5117097,,0,0.0,,0,0,Time Since Start of Day (seconds),0,48446.2,50816.6,True,0,0.099,0.101,0.1,9e-06,0.1,10.0,0.0,0.0,0.0,0.0,2370.4,False,False,False,False,False,True,False,True,True,111.0,0.1,1.0,0.0,23158,0.0231,,,53.089323,53.22134,-1.908329,-1.793641,0,101.966,39.579,,,,
V-Vta3,V_full,V,vta,E,FordFiestaTitanium,,2,Unsynchronised V and S Dataset\Categorised IOVNB (V) Dataset\V Dataset\Vta (Driver E)\Vta03\V-Vta3.csv,Unsynchronised V and S Dataset\Categorised IOVNB (V) Dataset\V Dataset\Vta (Driver E)\Vta03\V-Vta3.csv|Unsynchronised V and S Dataset\Uncategorised IOVNB (V and S) Dataset\V-Dataset\V-Vta3.csv,875,29,No of GPS Satellites Available|Time Since Start of Day (seconds)|Latitude (degrees)|Longitude (degrees)|Velocity (km/hr)|Heading (degrees)|Height (km)|Vertical velocity (km/hr)|Sample period (seconds)|Steering Angle (degrees)|Wheel Speed Front Left (rad/sec)|Wheel Speed Front Right (rad/sec)|Wheel Speed Rear Left (rad/sec)|Wheel Speed Rear Right (rad/sec)|Yaw Rate (deg/sec)|Indicated Vehicle Speed (km/hr)|Indicated Longitudinal Acceleration (g)|Indicated Lateral Acceleration (g)|Handbrake (0 or 1)|Gear Requested (Number fof gear employed 1-5)|Gear (Number fof gear employed 1-5)|Engine Speed (rev/min)|Coolant Temperature (degrees)|Clutch Position (0 or 1)|Brake Pressure (psi)|Brake Position (0 or 1)|Battery Voltage (volts)|Air Temperature (degrees)|Accelerator Pedal Position (0 or 1),,175163,,0,0.0,,0,0,Time Since Start of Day (seconds),0,42351.1,42438.5,True,0,0.1,0.1,0.1,0.0,0.1,10.0,0.0,0.0,0.0,0.0,87.4,False,False,False,False,False,True,False,True,True,136.85,0.1,0.4,0.0,821,0.0617,,,52.813037,52.81359,-1.640958,-1.637833,0,45.774,15.641,,,,
V-vta3,V_sync,V,vta,E,FordFiestaTitanium,,2,Synchronised V abd S datasets\Categorised IOVNB Dataset\Vta (Driver E)\Vta03\V-vta3.csv,Synchronised V abd S datasets\Categorised IOVNB Dataset\Vta (Driver E)\Vta03\V-vta3.csv|Synchronised V abd S datasets\Uncategorised IOVNB Dataset\V-Dataset\V-vta3.csv,645,29,No of GPS Satellites Available|Time Since Start of Day (seconds)|Latitude (degrees)|Longitude (degrees)|Velocity (km/hr)|Heading (degrees)|Height (km)|Vertical velocity (km/hr)|Sample period (seconds)|Steering Angle (degrees)|Wheel Speed Front Left (rad/sec)|Wheel Speed Front Right (rad/sec)|Wheel Speed Rear Left (rad/sec)|Wheel Speed Rear Right (rad/sec)|Yaw Rate (deg/sec)|Indicated Vehicle Speed (km/hr)|Indicated Longitudinal Acceleration (g)|Indicated Lateral Acceleration (g)|Handbrake (0 or 1)|Gear Requested (Number fof gear employed 1-5)|Gear (Number fof gear employed 1-5)|Engine Speed (rev/min)|Coolant Temperature (degrees)|Clutch Position (0 or 1)|Brake Pressure (psi)|Brake Position (0 or 1)|Battery Voltage (volts)|Air Temperature (degrees)|Accelerator Pedal Position (0 or 1),,137891,,0,0.0,,0,0,Time Since Start of Day (seconds),0,42374.0,42438.4,True,0,0.1,0.1,0.1,0.0,0.1,10.0,0.0,0.0,0.0,0.0,64.4,False,False,False,False,False,True,False,True,True,136.81,0.1,0.3,0.0,642,0.0047,,,52.813037,52.813587,-1.640958,-1.63785,0,45.774,20.992,,,,
V-Vta30,V_full,V,vta,E,FordFiestaTitanium,,2,Unsynchronised V and S Dataset\Categorised IOVNB (V) Dataset\V Dataset\Vta (Driver E)\Vta30\V-Vta30.csv,Unsynchronised V and S Dataset\Categorised IOVNB (V) Dataset\V Dataset\Vta (Driver E)\Vta30\V-Vta30.csv|Unsynchronised V and S Dataset\Uncategorised IOVNB (V and S) Dataset\V-Dataset\V-Vta30.csv,17179,29,No of GPS Satellites Available|Time Since Start of Day (seconds)|Latitude (degrees)|Longitude (degrees)|Velocity (km/hr)|Heading (degrees)|Height (km)|Vertical velocity (km/hr)|Sample period (seconds)|Steering Angle (degrees)|Wheel Speed Front Left (rad/sec)|Wheel Speed Front Right (rad/sec)|Wheel Speed Rear Left (rad/sec)|Wheel Speed Rear Right (rad/sec)|Yaw Rate (deg/sec)|Indicated Vehicle Speed (km/hr)|Indicated Longitudinal Acceleration (g)|Indicated Lateral Acceleration (g)|Handbrake (0 or 1)|Gear Requested (Number fof gear employed 1-5)|Gear (Number fof gear employed 1-5)|Engine Speed (rev/min)|Coolant Temperature (degrees)|Clutch Position (0 or 1)|Brake Pressure (psi)|Brake Position (0 or 1)|Battery Voltage (volts)|Air Temperature (degrees)|Accelerator Pedal Position (0 or 1),,3460420,,0,0.0,,0,0,Time Since Start of Day (seconds),0,50821.6,52539.4,True,0,0.1,0.1,0.1,0.0,0.1,10.0,0.0,0.0,0.0,0.0,1717.8,False,False,False,False,False,True,False,True,True,89.71,0.1,1.2,0.0,16020,0.0675,,,53.222545,53.259899,-1.938275,-1.871978,0,100.044,24.615,,,,
V-vta30,V_sync,V,vta,E,FordFiestaTitanium,,2,Synchronised V abd S datasets\Categorised IOVNB Dataset\Vta (Driver E)\Vta30\V-vta30.csv,Synchronised V abd S datasets\Categorised IOVNB Dataset\Vta (Driver E)\Vta30\V-vta30.csv|Synchronised V abd S datasets\Uncategorised IOVNB Dataset\V-Dataset\V-vta30.csv,17136,29,No of GPS Satellites Available|Time Since Start of Day (seconds)|Latitude (degrees)|Longitude (degrees)|Velocity (km/hr)|Heading (degrees)|Height (km)|Vertical velocity (km/hr)|Sample period (seconds)|Steering Angle (degrees)|Wheel Speed Front Left (rad/sec)|Wheel Speed Front Right (rad/sec)|Wheel Speed Rear Left (rad/sec)|Wheel Speed Rear Right (rad/sec)|Yaw Rate (deg/sec)|Indicated Vehicle Speed (km/hr)|Indicated Longitudinal Acceleration (g)|Indicated Lateral Acceleration (g)|Handbrake (0 or 1)|Gear Requested (Number fof gear employed 1-5)|Gear (Number fof gear employed 1-5)|Engine Speed (rev/min)|Coolant Temperature (degrees)|Clutch Position (0 or 1)|Brake Pressure (psi)|Brake Position (0 or 1)|Battery Voltage (volts)|Air Temperature (degrees)|Accelerator Pedal Position (0 or 1),,3628928,,0,0.0,,0,0,Time Since Start of Day (seconds),0,50821.6,52535.1,True,0,0.1,0.1,0.1,0.0,0.1,10.0,0.0,0.0,0.0,0.0,1713.5,False,False,False,False,False,True,False,True,True,89.59,0.1,1.2,0.0,15987,0.0671,,,53.222544,53.259899,-1.938275,-1.871978,0,100.044,24.677,,,,
V-Vta4,V_full,V,vta,E,FordFiestaTitanium,,2,Unsynchronised V and S Dataset\Categorised IOVNB (V) Dataset\V Dataset\Vta (Driver E)\Vta04\V-Vta4.csv,Unsynchronised V and S Dataset\Categorised IOVNB (V) Dataset\V Dataset\Vta (Driver E)\Vta04\V-Vta4.csv|Unsynchronised V and S Dataset\Uncategorised IOVNB (V and S) Dataset\V-Dataset\V-Vta4.csv,1809,29,No of GPS Satellites Available|Time Since Start of Day (seconds)|Latitude (degrees)|Longitude (degrees)|Velocity (km/hr)|Heading (degrees)|Height (km)|Vertical velocity (km/hr)|Sample period (seconds)|Steering Angle (degrees)|Wheel Speed Front Left (rad/sec)|Wheel Speed Front Right (rad/sec)|Wheel Speed Rear Left (rad/sec)|Wheel Speed Rear Right (rad/sec)|Yaw Rate (deg/sec)|Indicated Vehicle Speed (km/hr)|Indicated Longitudinal Acceleration (g)|Indicated Lateral Acceleration (g)|Handbrake (0 or 1)|Gear Requested (Number fof gear employed 1-5)|Gear (Number fof gear employed 1-5)|Engine Speed (rev/min)|Coolant Temperature (degrees)|Clutch Position (0 or 1)|Brake Pressure (psi)|Brake Position (0 or 1)|Battery Voltage (volts)|Air Temperature (degrees)|Accelerator Pedal Position (0 or 1),,370003,,0,0.0,,0,0,Time Since Start of Day (seconds),0,42443.3,42624.1,True,0,0.1,0.1,0.1,0.0,0.1,10.0,0.0,0.0,0.0,0.0,180.8,False,False,False,False,False,True,False,True,True,130.0,0.1,0.1,0.0,1808,0.0006,,,52.813716,52.827892,-1.651058,-1.636409,0,51.682,40.056,,,,
V-vta4,V_sync,V,vta,E,FordFiestaTitanium,,2,Synchronised V abd S datasets\Categorised IOVNB Dataset\Vta (Driver E)\Vta04\V-vta4.csv,Synchronised V abd S datasets\Categorised IOVNB Dataset\Vta (Driver E)\Vta04\V-vta4.csv|Synchronised V abd S datasets\Uncategorised IOVNB Dataset\V-Dataset\V-vta4.csv,1789,29,No of GPS Satellites Available|Time Since Start of Day (seconds)|Latitude (degrees)|Longitude (degrees)|Velocity (km/hr)|Heading (degrees)|Height (km)|Vertical velocity (km/hr)|Sample period (seconds)|Steering Angle (degrees)|Wheel Speed Front Left (rad/sec)|Wheel Speed Front Right (rad/sec)|Wheel Speed Rear Left (rad/sec)|Wheel Speed Rear Right (rad/sec)|Yaw Rate (deg/sec)|Indicated Vehicle Speed (km/hr)|Indicated Longitudinal Acceleration (g)|Indicated Lateral Acceleration (g)|Handbrake (0 or 1)|Gear Requested (Number fof gear employed 1-5)|Gear (Number fof gear employed 1-5)|Engine Speed (rev/min)|Coolant Temperature (degrees)|Clutch Position (0 or 1)|Brake Pressure (psi)|Brake Position (0 or 1)|Battery Voltage (volts)|Air Temperature (degrees)|Accelerator Pedal Position (0 or 1),,380874,,0,0.0,,0,0,Time Since Start of Day (seconds),0,42445.2,42624.0,True,0,0.1,0.1,0.1,0.0,0.1,10.0,0.0,0.0,0.0,0.0,178.8,False,False,False,False,False,True,False,True,True,129.93,0.1,0.1,0.0,1788,0.0006,,,52.81377,52.827883,-1.65105,-1.636409,0,51.682,40.103,,,,
V-Vta5,V_full,V,vta,E,FordFiestaTitanium,,2,Unsynchronised V and S Dataset\Categorised IOVNB (V) Dataset\V Dataset\Vta (Driver E)\Vta05\V-Vta5.csv,Unsynchronised V and S Dataset\Categorised IOVNB (V) Dataset\V Dataset\Vta (Driver E)\Vta05\V-Vta5.csv|Unsynchronised V and S Dataset\Uncategorised IOVNB (V and S) Dataset\V-Dataset\V-Vta5.csv,357,29,No of GPS Satellites Available|Time Since Start of Day (seconds)|Latitude (degrees)|Longitude (degrees)|Velocity (km/hr)|Heading (degrees)|Height (km)|Vertical velocity (km/hr)|Sample period (seconds)|Steering Angle (degrees)|Wheel Speed Front Left (rad/sec)|Wheel Speed Front Right (rad/sec)|Wheel Speed Rear Left (rad/sec)|Wheel Speed Rear Right (rad/sec)|Yaw Rate (deg/sec)|Indicated Vehicle Speed (km/hr)|Indicated Longitudinal Acceleration (g)|Indicated Lateral Acceleration (g)|Handbrake (0 or 1)|Gear Requested (Number fof gear employed 1-5)|Gear (Number fof gear employed 1-5)|Engine Speed (rev/min)|Coolant Temperature (degrees)|Clutch Position (0 or 1)|Brake Pressure (psi)|Brake Position (0 or 1)|Battery Voltage (volts)|Air Temperature (degrees)|Accelerator Pedal Position (0 or 1),,73728,,0,0.0,,0,0,Time Since Start of Day (seconds),0,42628.7,42664.3,True,0,0.1,0.1,0.1,0.0,0.1,10.0,0.0,0.0,0.0,0.0,35.6,False,False,False,False,False,True,False,True,True,137.78,0.1,0.1,0.0,356,0.0028,,,52.828336,52.831787,-1.653377,-1.651405,0,51.142,42.036,,,,
V-vta5,V_sync,V,vta,E,FordFiestaTitanium,,2,Synchronised V abd S datasets\Categorised IOVNB Dataset\Vta (Driver E)\Vta05\V-vta5.csv,Synchronised V abd S datasets\Categorised IOVNB Dataset\Vta (Driver E)\Vta05\V-vta5.csv|Synchronised V abd S datasets\Uncategorised IOVNB Dataset\V-Dataset\V-vta5.csv,307,29,No of GPS Satellites Available|Time Since Start of Day (seconds)|Latitude (degrees)|Longitude (degrees)|Velocity (km/hr)|Heading (degrees)|Height (km)|Vertical velocity (km/hr)|Sample period (seconds)|Steering Angle (degrees)|Wheel Speed Front Left (rad/sec)|Wheel Speed Front Right (rad/sec)|Wheel Speed Rear Left (rad/sec)|Wheel Speed Rear Right (rad/sec)|Yaw Rate (deg/sec)|Indicated Vehicle Speed (km/hr)|Indicated Longitudinal Acceleration (g)|Indicated Lateral Acceleration (g)|Handbrake (0 or 1)|Gear Requested (Number fof gear employed 1-5)|Gear (Number fof gear employed 1-5)|Engine Speed (rev/min)|Coolant Temperature (degrees)|Clutch Position (0 or 1)|Brake Pressure (psi)|Brake Position (0 or 1)|Battery Voltage (volts)|Air Temperature (degrees)|Accelerator Pedal Position (0 or 1),,66401,,0,0.0,,0,0,Time Since Start of Day (seconds),0,42633.6,42664.2,True,0,0.1,0.1,0.1,0.0,0.1,10.0,0.0,0.0,0.0,0.0,30.6,False,False,False,False,False,True,False,True,True,137.81,0.1,0.1,0.0,306,0.0033,,,52.828763,52.831775,-1.653374,-1.651767,0,51.142,42.469,,,,
V-Vta6,V_full,V,vta,E,FordFiestaTitanium,,2,Unsynchronised V and S Dataset\Categorised IOVNB (V) Dataset\V Dataset\Vta (Driver E)\Vta06\V-Vta6.csv,Unsynchronised V and S Dataset\Categorised IOVNB (V) Dataset\V Dataset\Vta (Driver E)\Vta06\V-Vta6.csv|Unsynchronised V and S Dataset\Uncategorised IOVNB (V and S) Dataset\V-Dataset\V-Vta6.csv,1393,29,No of GPS Satellites Available|Time Since Start of Day (seconds)|Latitude (degrees)|Longitude (degrees)|Velocity (km/hr)|Heading (degrees)|Height (km)|Vertical velocity (km/hr)|Sample period (seconds)|Steering Angle (degrees)|Wheel Speed Front Left (rad/sec)|Wheel Speed Front Right (rad/sec)|Wheel Speed Rear Left (rad/sec)|Wheel Speed Rear Right (rad/sec)|Yaw Rate (deg/sec)|Indicated Vehicle Speed (km/hr)|Indicated Longitudinal Acceleration (g)|Indicated Lateral Acceleration (g)|Handbrake (0 or 1)|Gear Requested (Number fof gear employed 1-5)|Gear (Number fof gear employed 1-5)|Engine Speed (rev/min)|Coolant Temperature (degrees)|Clutch Position (0 or 1)|Brake Pressure (psi)|Brake Position (0 or 1)|Battery Voltage (volts)|Air Temperature (degrees)|Accelerator Pedal Position (0 or 1),,284633,,0,0.0,,0,0,Time Since Start of Day (seconds),0,42668.1,42807.3,True,0,0.1,0.1,0.1,0.0,0.1,10.0,0.0,0.0,0.0,0.0,139.2,False,False,False,False,False,True,False,True,True,91.94,0.1,0.1,0.0,1392,0.0007,,,52.832272,52.848757,-1.678887,-1.653476,0,103.921,67.709,,,,
V-vta6,V_sync,V,vta,E,FordFiestaTitanium,,2,Synchronised V abd S datasets\Categorised IOVNB Dataset\Vta (Driver E)\Vta06\V-vta6.csv,Synchronised V abd S datasets\Categorised IOVNB Dataset\Vta (Driver E)\Vta06\V-vta6.csv|Synchronised V abd S datasets\Uncategorised IOVNB Dataset\V-Dataset\V-vta6.csv,1376,29,No of GPS Satellites Available|Time Since Start of Day (seconds)|Latitude (degrees)|Longitude (degrees)|Velocity (km/hr)|Heading (degrees)|Height (km)|Vertical velocity (km/hr)|Sample period (seconds)|Steering Angle (degrees)|Wheel Speed Front Left (rad/sec)|Wheel Speed Front Right (rad/sec)|Wheel Speed Rear Left (rad/sec)|Wheel Speed Rear Right (rad/sec)|Yaw Rate (deg/sec)|Indicated Vehicle Speed (km/hr)|Indicated Longitudinal Acceleration (g)|Indicated Lateral Acceleration (g)|Handbrake (0 or 1)|Gear Requested (Number fof gear employed 1-5)|Gear (Number fof gear employed 1-5)|Engine Speed (rev/min)|Coolant Temperature (degrees)|Clutch Position (0 or 1)|Brake Pressure (psi)|Brake Position (0 or 1)|Battery Voltage (volts)|Air Temperature (degrees)|Accelerator Pedal Position (0 or 1),,289249,,0,0.0,,0,0,Time Since Start of Day (seconds),0,42669.7,42807.2,True,0,0.1,0.1,0.1,0.0,0.1,10.0,0.0,0.0,0.0,0.0,137.5,False,False,False,False,False,True,False,True,True,91.46,0.1,0.1,0.0,1375,0.0007,,,52.832482,52.848737,-1.678873,-1.653514,0,103.921,67.869,,,,
V-Vta7,V_full,V,vta,E,FordFiestaTitanium,,2,Unsynchronised V and S Dataset\Categorised IOVNB (V) Dataset\V Dataset\Vta (Driver E)\Vta07\V-Vta7.csv,Unsynchronised V and S Dataset\Categorised IOVNB (V) Dataset\V Dataset\Vta (Driver E)\Vta07\V-Vta7.csv|Unsynchronised V and S Dataset\Uncategorised IOVNB (V and S) Dataset\V-Dataset\V-Vta7.csv,857,29,No of GPS Satellites Available|Time Since Start of Day (seconds)|Latitude (degrees)|Longitude (degrees)|Velocity (km/hr)|Heading (degrees)|Height (km)|Vertical velocity (km/hr)|Sample period (seconds)|Steering Angle (degrees)|Wheel Speed Front Left (rad/sec)|Wheel Speed Front Right (rad/sec)|Wheel Speed Rear Left (rad/sec)|Wheel Speed Rear Right (rad/sec)|Yaw Rate (deg/sec)|Indicated Vehicle Speed (km/hr)|Indicated Longitudinal Acceleration (g)|Indicated Lateral Acceleration (g)|Handbrake (0 or 1)|Gear Requested (Number fof gear employed 1-5)|Gear (Number fof gear employed 1-5)|Engine Speed (rev/min)|Coolant Temperature (degrees)|Clutch Position (0 or 1)|Brake Pressure (psi)|Brake Position (0 or 1)|Battery Voltage (volts)|Air Temperature (degrees)|Accelerator Pedal Position (0 or 1),,176565,,0,0.0,,0,0,Time Since Start of Day (seconds),0,42812.1,42897.7,True,0,0.1,0.1,0.1,0.0,0.1,10.0,0.0,0.0,0.0,0.0,85.6,False,False,False,False,False,True,False,True,True,9.29,0.1,0.1,0.0,856,0.0012,,,52.84967,52.862284,-1.683183,-1.679167,0,113.141,64.792,,,,
V-vta7,V_sync,V,vta,E,FordFiestaTitanium,,2,Synchronised V abd S datasets\Categorised IOVNB Dataset\Vta (Driver E)\Vta07\V-vta7.csv,Synchronised V abd S datasets\Categorised IOVNB Dataset\Vta (Driver E)\Vta07\V-vta7.csv|Synchronised V abd S datasets\Uncategorised IOVNB Dataset\V-Dataset\V-vta7.csv,840,29,No of GPS Satellites Available|Time Since Start of Day (seconds)|Latitude (degrees)|Longitude (degrees)|Velocity (km/hr)|Heading (degrees)|Height (km)|Vertical velocity (km/hr)|Sample period (seconds)|Steering Angle (degrees)|Wheel Speed Front Left (rad/sec)|Wheel Speed Front Right (rad/sec)|Wheel Speed Rear Left (rad/sec)|Wheel Speed Rear Right (rad/sec)|Yaw Rate (deg/sec)|Indicated Vehicle Speed (km/hr)|Indicated Longitudinal Acceleration (g)|Indicated Lateral Acceleration (g)|Handbrake (0 or 1)|Gear Requested (Number fof gear employed 1-5)|Gear (Number fof gear employed 1-5)|Engine Speed (rev/min)|Coolant Temperature (degrees)|Clutch Position (0 or 1)|Brake Pressure (psi)|Brake Position (0 or 1)|Battery Voltage (volts)|Air Temperature (degrees)|Accelerator Pedal Position (0 or 1),,179784,,0,0.0,,0,0,Time Since Start of Day (seconds),0,42813.7,42897.6,True,0,0.1,0.1,0.1,0.0,0.1,10.0,0.0,0.0,0.0,0.0,83.9,False,False,False,False,False,True,False,True,True,9.28,0.1,0.1,0.0,839,0.0012,,,52.849958,52.862271,-1.683183,-1.679167,0,113.141,64.591,,,,
V-Vta8,V_full,V,vta,E,FordFiestaTitanium,,2,Unsynchronised V and S Dataset\Categorised IOVNB (V) Dataset\V Dataset\Vta (Driver E)\Vta08\V-Vta8.csv,Unsynchronised V and S Dataset\Categorised IOVNB (V) Dataset\V Dataset\Vta (Driver E)\Vta08\V-Vta8.csv|Unsynchronised V and S Dataset\Uncategorised IOVNB (V and S) Dataset\V-Dataset\V-Vta8.csv,3697,29,No of GPS Satellites Available|Time Since Start of Day (seconds)|Latitude (degrees)|Longitude (degrees)|Velocity (km/hr)|Heading (degrees)|Height (km)|Vertical velocity (km/hr)|Sample period (seconds)|Steering Angle (degrees)|Wheel Speed Front Left (rad/sec)|Wheel Speed Front Right (rad/sec)|Wheel Speed Rear Left (rad/sec)|Wheel Speed Rear Right (rad/sec)|Yaw Rate (deg/sec)|Indicated Vehicle Speed (km/hr)|Indicated Longitudinal Acceleration (g)|Indicated Lateral Acceleration (g)|Handbrake (0 or 1)|Gear Requested (Number fof gear employed 1-5)|Gear (Number fof gear employed 1-5)|Engine Speed (rev/min)|Coolant Temperature (degrees)|Clutch Position (0 or 1)|Brake Pressure (psi)|Brake Position (0 or 1)|Battery Voltage (volts)|Air Temperature (degrees)|Accelerator Pedal Position (0 or 1),,732865,,0,0.0,,0,0,Time Since Start of Day (seconds),0,42902.0,43271.6,True,0,0.1,0.1,0.1,0.0,0.1,10.0,0.0,0.0,0.0,0.0,369.6,False,False,False,False,False,True,False,True,True,129.62,0.1,1.8,0.0,3341,0.0963,,,52.862782,52.881587,-1.704976,-1.678896,0,77.587,33.363,,,,
V-vta8,V_sync,V,vta,E,FordFiestaTitanium,,2,Synchronised V abd S datasets\Categorised IOVNB Dataset\Vta (Driver E)\Vta08\V-vta8.csv,Synchronised V abd S datasets\Categorised IOVNB Dataset\Vta (Driver E)\Vta08\V-vta8.csv|Synchronised V abd S datasets\Uncategorised IOVNB Dataset\V-Dataset\V-vta8.csv,3676,29,No of GPS Satellites Available|Time Since Start of Day (seconds)|Latitude (degrees)|Longitude (degrees)|Velocity (km/hr)|Heading (degrees)|Height (km)|Vertical velocity (km/hr)|Sample period (seconds)|Steering Angle (degrees)|Wheel Speed Front Left (rad/sec)|Wheel Speed Front Right (rad/sec)|Wheel Speed Rear Left (rad/sec)|Wheel Speed Rear Right (rad/sec)|Yaw Rate (deg/sec)|Indicated Vehicle Speed (km/hr)|Indicated Longitudinal Acceleration (g)|Indicated Lateral Acceleration (g)|Handbrake (0 or 1)|Gear Requested (Number fof gear employed 1-5)|Gear (Number fof gear employed 1-5)|Engine Speed (rev/min)|Coolant Temperature (degrees)|Clutch Position (0 or 1)|Brake Pressure (psi)|Brake Position (0 or 1)|Battery Voltage (volts)|Air Temperature (degrees)|Accelerator Pedal Position (0 or 1),,753939,,0,0.0,,0,0,Time Since Start of Day (seconds),0,42904.0,43271.5,True,0,0.1,0.1,0.1,0.0,0.1,10.0,0.0,0.0,0.0,0.0,367.5,False,False,False,False,False,True,False,True,True,130.26,0.1,1.8,0.0,3320,0.0968,,,52.862974,52.881587,-1.704953,-1.678896,0,77.587,33.326,,,,
V-Vta9,V_full,V,vta,E,FordFiestaTitanium,,2,Unsynchronised V and S Dataset\Categorised IOVNB (V) Dataset\V Dataset\Vta (Driver E)\Vta09\V-Vta9.csv,Unsynchronised V and S Dataset\Categorised IOVNB (V) Dataset\V Dataset\Vta (Driver E)\Vta09\V-Vta9.csv|Unsynchronised V and S Dataset\Uncategorised IOVNB (V and S) Dataset\V-Dataset\V-Vta9.csv,226,29,No of GPS Satellites Available|Time Since Start of Day (seconds)|Latitude (degrees)|Longitude (degrees)|Velocity (km/hr)|Heading (degrees)|Height (km)|Vertical velocity (km/hr)|Sample period (seconds)|Steering Angle (degrees)|Wheel Speed Front Left (rad/sec)|Wheel Speed Front Right (rad/sec)|Wheel Speed Rear Left (rad/sec)|Wheel Speed Rear Right (rad/sec)|Yaw Rate (deg/sec)|Indicated Vehicle Speed (km/hr)|Indicated Longitudinal Acceleration (g)|Indicated Lateral Acceleration (g)|Handbrake (0 or 1)|Gear Requested (Number fof gear employed 1-5)|Gear (Number fof gear employed 1-5)|Engine Speed (rev/min)|Coolant Temperature (degrees)|Clutch Position (0 or 1)|Brake Pressure (psi)|Brake Position (0 or 1)|Battery Voltage (volts)|Air Temperature (degrees)|Accelerator Pedal Position (0 or 1),,46738,,0,0.0,,0,0,Time Since Start of Day (seconds),0,43276.2,43298.7,True,0,0.1,0.1,0.1,0.0,0.1,10.0,0.0,0.0,0.0,0.0,22.5,False,False,False,False,False,True,False,True,True,136.88,0.1,0.1,0.0,225,0.0044,,,52.881535,52.881597,-1.712724,-1.706277,0,87.743,69.486,,,,
V-vta9,V_sync,V,vta,E,FordFiestaTitanium,,2,Synchronised V abd S datasets\Categorised IOVNB Dataset\Vta (Driver E)\Vta09\V-vta9.csv,Synchronised V abd S datasets\Categorised IOVNB Dataset\Vta (Driver E)\Vta09\V-vta9.csv|Synchronised V abd S datasets\Uncategorised IOVNB Dataset\V-Dataset\V-vta9.csv,156,29,No of GPS Satellites Available|Time Since Start of Day (seconds)|Latitude (degrees)|Longitude (degrees)|Velocity (km/hr)|Heading (degrees)|Height (km)|Vertical velocity (km/hr)|Sample period (seconds)|Steering Angle (degrees)|Wheel Speed Front Left (rad/sec)|Wheel Speed Front Right (rad/sec)|Wheel Speed Rear Left (rad/sec)|Wheel Speed Rear Right (rad/sec)|Yaw Rate (deg/sec)|Indicated Vehicle Speed (km/hr)|Indicated Longitudinal Acceleration (g)|Indicated Lateral Acceleration (g)|Handbrake (0 or 1)|Gear Requested (Number fof gear employed 1-5)|Gear (Number fof gear employed 1-5)|Engine Speed (rev/min)|Coolant Temperature (degrees)|Clutch Position (0 or 1)|Brake Pressure (psi)|Brake Position (0 or 1)|Battery Voltage (volts)|Air Temperature (degrees)|Accelerator Pedal Position (0 or 1),,33110,,0,0.0,,0,0,Time Since Start of Day (seconds),0,43283.1,43298.6,True,0,0.1,0.1,0.1,0.0,0.1,10.0,0.0,0.0,0.0,0.0,15.5,False,False,False,False,False,True,False,True,True,136.83,0.1,0.1,0.0,155,0.0064,,,52.881535,52.881577,-1.712687,-1.708087,0,87.361,71.764,,,,
V-Vtb1,V_full,V,vtb,E,FordFiestaTitanium,,2,Unsynchronised V and S Dataset\Categorised IOVNB (V) Dataset\V Dataset\Vtb (Driver E)\Vtb01\V-Vtb1.csv,Unsynchronised V and S Dataset\Categorised IOVNB (V) Dataset\V Dataset\Vtb (Driver E)\Vtb01\V-Vtb1.csv|Unsynchronised V and S Dataset\Uncategorised IOVNB (V and S) Dataset\V-Dataset\V-Vtb1.csv,32459,29,No of GPS Satellites Available|Time Since Start of Day (seconds)|Latitude (degrees)|Longitude (degrees)|Velocity (km/hr)|Heading (degrees)|Height (km)|Vertical velocity (km/hr)|Sample period (seconds)|Steering Angle (degrees)|Wheel Speed Front Left (rad/sec)|Wheel Speed Front Right (rad/sec)|Wheel Speed Rear Left (rad/sec)|Wheel Speed Rear Right (rad/sec)|Yaw Rate (deg/sec)|Indicated Vehicle Speed (km/hr)|Indicated Longitudinal Acceleration (g)|Indicated Lateral Acceleration (g)|Handbrake (0 or 1)|Gear Requested (Number fof gear employed 1-5)|Gear (Number fof gear employed 1-5)|Engine Speed (rev/min)|Coolant Temperature (degrees)|Clutch Position (0 or 1)|Brake Pressure (psi)|Brake Position (0 or 1)|Battery Voltage (volts)|Air Temperature (degrees)|Accelerator Pedal Position (0 or 1),,6696680,,0,0.0,,0,0,Time Since Start of Day (seconds),0,53857.8,57103.6,True,0,0.099,0.101,0.1,8e-06,0.1,10.0,0.0,0.0,0.0,0.0,3245.8,False,False,False,False,False,True,False,True,True,85.07,0.1,1.3,0.0,31782,0.0209,,,53.184181,53.28097,-1.914645,-1.642981,0,101.174,46.093,,,,
V-vtb1,V_sync,V,vtb,E,FordFiestaTitanium,,2,Synchronised V abd S datasets\Categorised IOVNB Dataset\Vtb (Driver E)\Vtb01\V-vtb1.csv,Synchronised V abd S datasets\Categorised IOVNB Dataset\Vtb (Driver E)\Vtb01\V-vtb1.csv|Synchronised V abd S datasets\Uncategorised IOVNB Dataset\V-Dataset\V-vtb1.csv,32459,29,No of GPS Satellites Available|Time Since Start of Day (seconds)|Latitude (degrees)|Longitude (degrees)|Velocity (km/hr)|Heading (degrees)|Height (km)|Vertical velocity (km/hr)|Sample period (seconds)|Steering Angle (degrees)|Wheel Speed Front Left (rad/sec)|Wheel Speed Front Right (rad/sec)|Wheel Speed Rear Left (rad/sec)|Wheel Speed Rear Right (rad/sec)|Yaw Rate (deg/sec)|Indicated Vehicle Speed (km/hr)|Indicated Longitudinal Acceleration (g)|Indicated Lateral Acceleration (g)|Handbrake (0 or 1)|Gear Requested (Number fof gear employed 1-5)|Gear (Number fof gear employed 1-5)|Engine Speed (rev/min)|Coolant Temperature (degrees)|Clutch Position (0 or 1)|Brake Pressure (psi)|Brake Position (0 or 1)|Battery Voltage (volts)|Air Temperature (degrees)|Accelerator Pedal Position (0 or 1),,6989783,,0,0.0,,0,0,Time Since Start of Day (seconds),0,53857.8,57103.6,True,0,0.099,0.101,0.1,8e-06,0.1,10.0,0.0,0.0,0.0,0.0,3245.8,False,False,False,False,False,True,False,True,True,85.07,0.1,1.3,0.0,31782,0.0209,,,53.184181,53.28097,-1.914645,-1.642981,0,101.174,46.093,,,,
V-Vtb10,V_full,V,vtb,E,FordFiestaTitanium,,2,Unsynchronised V and S Dataset\Categorised IOVNB (V) Dataset\V Dataset\Vtb (Driver E)\Vtb10\V-Vtb10.csv,Unsynchronised V and S Dataset\Categorised IOVNB (V) Dataset\V Dataset\Vtb (Driver E)\Vtb10\V-Vtb10.csv|Unsynchronised V and S Dataset\Uncategorised IOVNB (V and S) Dataset\V-Dataset\V-Vtb10.csv,195,29,No of GPS Satellites Available|Time Since Start of Day (seconds)|Latitude (degrees)|Longitude (degrees)|Velocity (km/hr)|Heading (degrees)|Height (km)|Vertical velocity (km/hr)|Sample period (seconds)|Steering Angle (degrees)|Wheel Speed Front Left (rad/sec)|Wheel Speed Front Right (rad/sec)|Wheel Speed Rear Left (rad/sec)|Wheel Speed Rear Right (rad/sec)|Yaw Rate (deg/sec)|Indicated Vehicle Speed (km/hr)|Indicated Longitudinal Acceleration (g)|Indicated Lateral Acceleration (g)|Handbrake (0 or 1)|Gear Requested (Number fof gear employed 1-5)|Gear (Number fof gear employed 1-5)|Engine Speed (rev/min)|Coolant Temperature (degrees)|Clutch Position (0 or 1)|Brake Pressure (psi)|Brake Position (0 or 1)|Battery Voltage (volts)|Air Temperature (degrees)|Accelerator Pedal Position (0 or 1),,40687,,0,0.0,,0,0,Time Since Start of Day (seconds),0,66156.9,66176.3,True,0,0.1,0.1,0.1,0.0,0.1,10.0,0.0,0.0,0.0,0.0,19.4,False,False,False,False,False,True,False,True,True,136.74,0.1,0.1,0.0,194,0.0051,,,52.558147,52.559003,-1.4843,-1.481319,0,58.482,41.717,,,,
V-vtb10,V_sync,V,vtb,E,FordFiestaTitanium,,2,Synchronised V abd S datasets\Categorised IOVNB Dataset\Vtb (Driver E)\Vtb10\V-vtb10.csv,Synchronised V abd S datasets\Categorised IOVNB Dataset\Vtb (Driver E)\Vtb10\V-vtb10.csv|Synchronised V abd S datasets\Uncategorised IOVNB Dataset\V-Dataset\V-vtb10.csv,195,29,No of GPS Satellites Available|Time Since Start of Day (seconds)|Latitude (degrees)|Longitude (degrees)|Velocity (km/hr)|Heading (degrees)|Height (km)|Vertical velocity (km/hr)|Sample period (seconds)|Steering Angle (degrees)|Wheel Speed Front Left (rad/sec)|Wheel Speed Front Right (rad/sec)|Wheel Speed Rear Left (rad/sec)|Wheel Speed Rear Right (rad/sec)|Yaw Rate (deg/sec)|Indicated Vehicle Speed (km/hr)|Indicated Longitudinal Acceleration (g)|Indicated Lateral Acceleration (g)|Handbrake (0 or 1)|Gear Requested (Number fof gear employed 1-5)|Gear (Number fof gear employed 1-5)|Engine Speed (rev/min)|Coolant Temperature (degrees)|Clutch Position (0 or 1)|Brake Pressure (psi)|Brake Position (0 or 1)|Battery Voltage (volts)|Air Temperature (degrees)|Accelerator Pedal Position (0 or 1),,42725,,0,0.0,,0,0,Time Since Start of Day (seconds),0,66156.9,66176.3,True,0,0.1,0.1,0.1,0.0,0.1,10.0,0.0,0.0,0.0,0.0,19.4,False,False,False,False,False,True,False,True,True,136.74,0.1,0.1,0.0,194,0.0051,,,52.558147,52.559003,-1.4843,-1.481319,0,58.482,41.717,,,,
V-Vtb11,V_full,V,vtb,E,FordFiestaTitanium,,2,Unsynchronised V and S Dataset\Categorised IOVNB (V) Dataset\V Dataset\Vtb (Driver E)\Vtb11\V-Vtb11.csv,Unsynchronised V and S Dataset\Categorised IOVNB (V) Dataset\V Dataset\Vtb (Driver E)\Vtb11\V-Vtb11.csv|Unsynchronised V and S Dataset\Uncategorised IOVNB (V and S) Dataset\V-Dataset\V-Vtb11.csv,433,29,No of GPS Satellites Available|Time Since Start of Day (seconds)|Latitude (degrees)|Longitude (degrees)|Velocity (km/hr)|Heading (degrees)|Height (km)|Vertical velocity (km/hr)|Sample period (seconds)|Steering Angle (degrees)|Wheel Speed Front Left (rad/sec)|Wheel Speed Front Right (rad/sec)|Wheel Speed Rear Left (rad/sec)|Wheel Speed Rear Right (rad/sec)|Yaw Rate (deg/sec)|Indicated Vehicle Speed (km/hr)|Indicated Longitudinal Acceleration (g)|Indicated Lateral Acceleration (g)|Handbrake (0 or 1)|Gear Requested (Number fof gear employed 1-5)|Gear (Number fof gear employed 1-5)|Engine Speed (rev/min)|Coolant Temperature (degrees)|Clutch Position (0 or 1)|Brake Pressure (psi)|Brake Position (0 or 1)|Battery Voltage (volts)|Air Temperature (degrees)|Accelerator Pedal Position (0 or 1),,88068,,0,0.0,,0,0,Time Since Start of Day (seconds),0,66180.9,66224.1,True,0,0.1,0.1,0.1,0.0,0.1,10.0,0.0,0.0,0.0,0.0,43.2,False,False,False,False,False,True,False,True,True,138.82,0.1,0.1,0.0,432,0.0023,,,52.554529,52.557834,-1.48028,-1.469142,0,75.341,69.992,,,,
V-vtb11,V_sync,V,vtb,E,FordFiestaTitanium,,2,Synchronised V abd S datasets\Categorised IOVNB Dataset\Vtb (Driver E)\Vtb11\V-vtb11.csv,Synchronised V abd S datasets\Categorised IOVNB Dataset\Vtb (Driver E)\Vtb11\V-vtb11.csv|Synchronised V abd S datasets\Uncategorised IOVNB Dataset\V-Dataset\V-vtb11.csv,361,29,No of GPS Satellites Available|Time Since Start of Day (seconds)|Latitude (degrees)|Longitude (degrees)|Velocity (km/hr)|Heading (degrees)|Height (km)|Vertical velocity (km/hr)|Sample period (seconds)|Steering Angle (degrees)|Wheel Speed Front Left (rad/sec)|Wheel Speed Front Right (rad/sec)|Wheel Speed Rear Left (rad/sec)|Wheel Speed Rear Right (rad/sec)|Yaw Rate (deg/sec)|Indicated Vehicle Speed (km/hr)|Indicated Longitudinal Acceleration (g)|Indicated Lateral Acceleration (g)|Handbrake (0 or 1)|Gear Requested (Number fof gear employed 1-5)|Gear (Number fof gear employed 1-5)|Engine Speed (rev/min)|Coolant Temperature (degrees)|Clutch Position (0 or 1)|Brake Pressure (psi)|Brake Position (0 or 1)|Battery Voltage (volts)|Air Temperature (degrees)|Accelerator Pedal Position (0 or 1),,74838,,0,0.0,,0,0,Time Since Start of Day (seconds),0,66188.0,66224.0,True,0,0.1,0.1,0.1,0.0,0.1,10.0,0.0,0.0,0.0,0.0,36.0,False,False,False,False,False,True,False,True,True,138.79,0.1,0.1,0.0,360,0.0028,,,52.554537,52.557296,-1.478412,-1.469168,0,75.341,69.815,,,,
V-Vtb12,V_full,V,vtb,E,FordFiestaTitanium,,2,Unsynchronised V and S Dataset\Categorised IOVNB (V) Dataset\V Dataset\Vtb (Driver E)\Vtb12\V-Vtb12.csv,Unsynchronised V and S Dataset\Categorised IOVNB (V) Dataset\V Dataset\Vtb (Driver E)\Vtb12\V-Vtb12.csv|Unsynchronised V and S Dataset\Uncategorised IOVNB (V and S) Dataset\V-Dataset\V-Vtb12.csv,490,29,No of GPS Satellites Available|Time Since Start of Day (seconds)|Latitude (degrees)|Longitude (degrees)|Velocity (km/hr)|Heading (degrees)|Height (km)|Vertical velocity (km/hr)|Sample period (seconds)|Steering Angle (degrees)|Wheel Speed Front Left (rad/sec)|Wheel Speed Front Right (rad/sec)|Wheel Speed Rear Left (rad/sec)|Wheel Speed Rear Right (rad/sec)|Yaw Rate (deg/sec)|Indicated Vehicle Speed (km/hr)|Indicated Longitudinal Acceleration (g)|Indicated Lateral Acceleration (g)|Handbrake (0 or 1)|Gear Requested (Number fof gear employed 1-5)|Gear (Number fof gear employed 1-5)|Engine Speed (rev/min)|Coolant Temperature (degrees)|Clutch Position (0 or 1)|Brake Pressure (psi)|Brake Position (0 or 1)|Battery Voltage (volts)|Air Temperature (degrees)|Accelerator Pedal Position (0 or 1),,98988,,0,0.0,,0,0,Time Since Start of Day (seconds),0,66228.9,66277.8,True,0,0.1,0.1,0.1,0.0,0.1,10.0,0.0,0.0,0.0,0.0,48.9,False,False,False,False,False,True,False,True,True,138.81,0.1,0.1,0.0,489,0.002,,,52.553132,52.55471,-1.467895,-1.460171,0,71.629,45.201,,,,
V-vtb12,V_sync,V,vtb,E,FordFiestaTitanium,,2,Synchronised V abd S datasets\Categorised IOVNB Dataset\Vtb (Driver E)\Vtb12\V-vtb12.csv,Synchronised V abd S datasets\Categorised IOVNB Dataset\Vtb (Driver E)\Vtb12\V-vtb12.csv|Synchronised V abd S datasets\Uncategorised IOVNB Dataset\V-Dataset\V-vtb12.csv,447,29,No of GPS Satellites Available|Time Since Start of Day (seconds)|Latitude (degrees)|Longitude (degrees)|Velocity (km/hr)|Heading (degrees)|Height (km)|Vertical velocity (km/hr)|Sample period (seconds)|Steering Angle (degrees)|Wheel Speed Front Left (rad/sec)|Wheel Speed Front Right (rad/sec)|Wheel Speed Rear Left (rad/sec)|Wheel Speed Rear Right (rad/sec)|Yaw Rate (deg/sec)|Indicated Vehicle Speed (km/hr)|Indicated Longitudinal Acceleration (g)|Indicated Lateral Acceleration (g)|Handbrake (0 or 1)|Gear Requested (Number fof gear employed 1-5)|Gear (Number fof gear employed 1-5)|Engine Speed (rev/min)|Coolant Temperature (degrees)|Clutch Position (0 or 1)|Brake Pressure (psi)|Brake Position (0 or 1)|Battery Voltage (volts)|Air Temperature (degrees)|Accelerator Pedal Position (0 or 1),,94747,,0,0.0,,0,0,Time Since Start of Day (seconds),0,66233.1,66277.7,True,0,0.1,0.1,0.1,0.0,0.1,10.0,0.0,0.0,0.0,0.0,44.6,False,False,False,False,False,True,False,True,True,138.79,0.1,0.1,0.0,446,0.0022,,,52.553132,52.554706,-1.466786,-1.460186,0,71.032,42.775,,,,
V-Vtb13,V_full,V,vtb,E,FordFiestaTitanium,,2,Unsynchronised V and S Dataset\Categorised IOVNB (V) Dataset\V Dataset\Vtb (Driver E)\Vtb13\V-Vtb13.csv,Unsynchronised V and S Dataset\Categorised IOVNB (V) Dataset\V Dataset\Vtb (Driver E)\Vtb13\V-Vtb13.csv|Unsynchronised V and S Dataset\Uncategorised IOVNB (V and S) Dataset\V-Dataset\V-Vtb13.csv,1245,29,No of GPS Satellites Available|Time Since Start of Day (seconds)|Latitude (degrees)|Longitude (degrees)|Velocity (km/hr)|Heading (degrees)|Height (km)|Vertical velocity (km/hr)|Sample period (seconds)|Steering Angle (degrees)|Wheel Speed Front Left (rad/sec)|Wheel Speed Front Right (rad/sec)|Wheel Speed Rear Left (rad/sec)|Wheel Speed Rear Right (rad/sec)|Yaw Rate (deg/sec)|Indicated Vehicle Speed (km/hr)|Indicated Longitudinal Acceleration (g)|Indicated Lateral Acceleration (g)|Handbrake (0 or 1)|Gear Requested (Number fof gear employed 1-5)|Gear (Number fof gear employed 1-5)|Engine Speed (rev/min)|Coolant Temperature (degrees)|Clutch Position (0 or 1)|Brake Pressure (psi)|Brake Position (0 or 1)|Battery Voltage (volts)|Air Temperature (degrees)|Accelerator Pedal Position (0 or 1),,256729,,0,0.0,,0,0,Time Since Start of Day (seconds),0,67192.6,67317.0,True,0,0.1,0.1,0.1,0.0,0.1,10.0,0.0,0.0,0.0,0.0,124.4,False,False,False,False,False,True,False,True,True,99.14,0.1,0.1,0.0,1244,0.0008,,,52.55574,52.561745,-1.459801,-1.454784,0,43.254,28.447,,,,
V-Vtb2,V_full,V,vtb,E,FordFiestaTitanium,,2,Unsynchronised V and S Dataset\Categorised IOVNB (V) Dataset\V Dataset\Vtb (Driver E)\Vtb02\V-Vtb2.csv,Unsynchronised V and S Dataset\Categorised IOVNB (V) Dataset\V Dataset\Vtb (Driver E)\Vtb02\V-Vtb2.csv|Unsynchronised V and S Dataset\Uncategorised IOVNB (V and S) Dataset\V-Dataset\V-Vtb2.csv,5712,29,No of GPS Satellites Available|Time Since Start of Day (seconds)|Latitude (degrees)|Longitude (degrees)|Velocity (km/hr)|Heading (degrees)|Height (km)|Vertical velocity (km/hr)|Sample period (seconds)|Steering Angle (degrees)|Wheel Speed Front Left (rad/sec)|Wheel Speed Front Right (rad/sec)|Wheel Speed Rear Left (rad/sec)|Wheel Speed Rear Right (rad/sec)|Yaw Rate (deg/sec)|Indicated Vehicle Speed (km/hr)|Indicated Longitudinal Acceleration (g)|Indicated Lateral Acceleration (g)|Handbrake (0 or 1)|Gear Requested (Number fof gear employed 1-5)|Gear (Number fof gear employed 1-5)|Engine Speed (rev/min)|Coolant Temperature (degrees)|Clutch Position (0 or 1)|Brake Pressure (psi)|Brake Position (0 or 1)|Battery Voltage (volts)|Air Temperature (degrees)|Accelerator Pedal Position (0 or 1),,1149458,,0,0.0,,1,0,Time Since Start of Day (seconds),0,57981.4,58552.5,True,1,0.0,0.2,0.1,0.001872,0.1,10.0,1.0,0.0,0.0,2.0,571.1,False,False,False,False,False,True,False,True,True,32.2,0.1,1.7,0.0,5272,0.077,,,53.170294,53.184182,-1.684602,-1.646493,0,61.139,27.189,,,,
V-vtb2,V_sync,V,vtb,E,FordFiestaTitanium,,2,Synchronised V abd S datasets\Categorised IOVNB Dataset\Vtb (Driver E)\Vtb02\V-vtb2.csv,Synchronised V abd S datasets\Categorised IOVNB Dataset\Vtb (Driver E)\Vtb02\V-vtb2.csv|Synchronised V abd S datasets\Uncategorised IOVNB Dataset\V-Dataset\V-vtb2.csv,5712,29,No of GPS Satellites Available|Time Since Start of Day (seconds)|Latitude (degrees)|Longitude (degrees)|Velocity (km/hr)|Heading (degrees)|Height (km)|Vertical velocity (km/hr)|Sample period (seconds)|Steering Angle (degrees)|Wheel Speed Front Left (rad/sec)|Wheel Speed Front Right (rad/sec)|Wheel Speed Rear Left (rad/sec)|Wheel Speed Rear Right (rad/sec)|Yaw Rate (deg/sec)|Indicated Vehicle Speed (km/hr)|Indicated Longitudinal Acceleration (g)|Indicated Lateral Acceleration (g)|Handbrake (0 or 1)|Gear Requested (Number fof gear employed 1-5)|Gear (Number fof gear employed 1-5)|Engine Speed (rev/min)|Coolant Temperature (degrees)|Clutch Position (0 or 1)|Brake Pressure (psi)|Brake Position (0 or 1)|Battery Voltage (volts)|Air Temperature (degrees)|Accelerator Pedal Position (0 or 1),,1200565,,0,0.0,,1,0,Time Since Start of Day (seconds),0,57981.4,58552.5,True,1,0.0,0.2,0.1,0.001872,0.1,10.0,1.0,0.0,0.0,2.0,571.1,False,False,False,False,False,True,False,True,True,32.2,0.1,1.7,0.0,5272,0.077,,,53.170294,53.184182,-1.684602,-1.646493,0,61.139,27.189,,,,
V-Vtb3,V_full,V,vtb,E,FordFiestaTitanium,,2,Unsynchronised V and S Dataset\Categorised IOVNB (V) Dataset\V Dataset\Vtb (Driver E)\Vtb03\V-Vtb3.csv,Unsynchronised V and S Dataset\Categorised IOVNB (V) Dataset\V Dataset\Vtb (Driver E)\Vtb03\V-Vtb3.csv|Unsynchronised V and S Dataset\Uncategorised IOVNB (V and S) Dataset\V-Dataset\V-Vtb3.csv,8289,29,No of GPS Satellites Available|Time Since Start of Day (seconds)|Latitude (degrees)|Longitude (degrees)|Velocity (km/hr)|Heading (degrees)|Height (km)|Vertical velocity (km/hr)|Sample period (seconds)|Steering Angle (degrees)|Wheel Speed Front Left (rad/sec)|Wheel Speed Front Right (rad/sec)|Wheel Speed Rear Left (rad/sec)|Wheel Speed Rear Right (rad/sec)|Yaw Rate (deg/sec)|Indicated Vehicle Speed (km/hr)|Indicated Longitudinal Acceleration (g)|Indicated Lateral Acceleration (g)|Handbrake (0 or 1)|Gear Requested (Number fof gear employed 1-5)|Gear (Number fof gear employed 1-5)|Engine Speed (rev/min)|Coolant Temperature (degrees)|Clutch Position (0 or 1)|Brake Pressure (psi)|Brake Position (0 or 1)|Battery Voltage (volts)|Air Temperature (degrees)|Accelerator Pedal Position (0 or 1),,1663807,,0,0.0,,0,0,Time Since Start of Day (seconds),0,58558.3,59387.1,True,0,0.1,0.1,0.1,0.0,0.1,10.0,0.0,0.0,0.0,0.0,828.8,False,False,False,False,False,True,False,True,True,95.86,0.1,1.3,0.0,6798,0.1799,,,53.169934,53.171199,-1.673141,-1.668408,0,37.451,3.005,,,,
V-vtb3,V_sync,V,vtb,E,FordFiestaTitanium,,2,Synchronised V abd S datasets\Categorised IOVNB Dataset\Vtb (Driver E)\Vtb03\V-vtb3.csv,Synchronised V abd S datasets\Categorised IOVNB Dataset\Vtb (Driver E)\Vtb03\V-vtb3.csv|Synchronised V abd S datasets\Uncategorised IOVNB Dataset\V-Dataset\V-vtb3.csv,8240,29,No of GPS Satellites Available|Time Since Start of Day (seconds)|Latitude (degrees)|Longitude (degrees)|Velocity (km/hr)|Heading (degrees)|Height (km)|Vertical velocity (km/hr)|Sample period (seconds)|Steering Angle (degrees)|Wheel Speed Front Left (rad/sec)|Wheel Speed Front Right (rad/sec)|Wheel Speed Rear Left (rad/sec)|Wheel Speed Rear Right (rad/sec)|Yaw Rate (deg/sec)|Indicated Vehicle Speed (km/hr)|Indicated Longitudinal Acceleration (g)|Indicated Lateral Acceleration (g)|Handbrake (0 or 1)|Gear Requested (Number fof gear employed 1-5)|Gear (Number fof gear employed 1-5)|Engine Speed (rev/min)|Coolant Temperature (degrees)|Clutch Position (0 or 1)|Brake Pressure (psi)|Brake Position (0 or 1)|Battery Voltage (volts)|Air Temperature (degrees)|Accelerator Pedal Position (0 or 1),,1739502,,0,0.0,,0,0,Time Since Start of Day (seconds),0,58563.1,59387.0,True,0,0.1,0.1,0.1,0.0,0.1,10.0,0.0,0.0,0.0,0.0,823.9,False,False,False,False,False,True,False,True,True,95.62,0.1,1.3,0.0,6749,0.1809,,,53.169934,53.171113,-1.672994,-1.668408,0,37.451,2.963,,,,
V-Vtb4,V_full,V,vtb,E,FordFiestaTitanium,,2,Unsynchronised V and S Dataset\Categorised IOVNB (V) Dataset\V Dataset\Vtb (Driver E)\Vtb04\V-Vtb4.csv,Unsynchronised V and S Dataset\Categorised IOVNB (V) Dataset\V Dataset\Vtb (Driver E)\Vtb04\V-Vtb4.csv|Unsynchronised V and S Dataset\Uncategorised IOVNB (V and S) Dataset\V-Dataset\V-Vtb4.csv,625,29,No of GPS Satellites Available|Time Since Start of Day (seconds)|Latitude (degrees)|Longitude (degrees)|Velocity (km/hr)|Heading (degrees)|Height (km)|Vertical velocity (km/hr)|Sample period (seconds)|Steering Angle (degrees)|Wheel Speed Front Left (rad/sec)|Wheel Speed Front Right (rad/sec)|Wheel Speed Rear Left (rad/sec)|Wheel Speed Rear Right (rad/sec)|Yaw Rate (deg/sec)|Indicated Vehicle Speed (km/hr)|Indicated Longitudinal Acceleration (g)|Indicated Lateral Acceleration (g)|Handbrake (0 or 1)|Gear Requested (Number fof gear employed 1-5)|Gear (Number fof gear employed 1-5)|Engine Speed (rev/min)|Coolant Temperature (degrees)|Clutch Position (0 or 1)|Brake Pressure (psi)|Brake Position (0 or 1)|Battery Voltage (volts)|Air Temperature (degrees)|Accelerator Pedal Position (0 or 1),,127079,,0,0.0,,0,0,Time Since Start of Day (seconds),0,59392.0,59454.4,True,0,0.1,0.1,0.1,0.0,0.1,10.0,0.0,0.0,0.0,0.0,62.4,False,False,False,False,False,True,False,True,True,135.95,0.1,0.6,0.0,593,0.0512,,,53.170673,53.171639,-1.67525,-1.672591,0,32.688,15.434,,,,
V-vtb4,V_sync,V,vtb,E,FordFiestaTitanium,,2,Synchronised V abd S datasets\Categorised IOVNB Dataset\Vtb (Driver E)\Vtb04\V-vtb4.csv,Synchronised V abd S datasets\Categorised IOVNB Dataset\Vtb (Driver E)\Vtb04\V-vtb4.csv|Synchronised V abd S datasets\Uncategorised IOVNB Dataset\V-Dataset\V-vtb4.csv,556,29,No of GPS Satellites Available|Time Since Start of Day (seconds)|Latitude (degrees)|Longitude (degrees)|Velocity (km/hr)|Heading (degrees)|Height (km)|Vertical velocity (km/hr)|Sample period (seconds)|Steering Angle (degrees)|Wheel Speed Front Left (rad/sec)|Wheel Speed Front Right (rad/sec)|Wheel Speed Rear Left (rad/sec)|Wheel Speed Rear Right (rad/sec)|Yaw Rate (deg/sec)|Indicated Vehicle Speed (km/hr)|Indicated Longitudinal Acceleration (g)|Indicated Lateral Acceleration (g)|Handbrake (0 or 1)|Gear Requested (Number fof gear employed 1-5)|Gear (Number fof gear employed 1-5)|Engine Speed (rev/min)|Coolant Temperature (degrees)|Clutch Position (0 or 1)|Brake Pressure (psi)|Brake Position (0 or 1)|Battery Voltage (volts)|Air Temperature (degrees)|Accelerator Pedal Position (0 or 1),,118374,,0,0.0,,0,0,Time Since Start of Day (seconds),0,59398.8,59454.3,True,0,0.1,0.1,0.1,0.0,0.1,10.0,0.0,0.0,0.0,0.0,55.5,False,False,False,False,False,True,False,True,True,136.03,0.1,0.6,0.0,525,0.0558,,,53.170673,53.171639,-1.675251,-1.672878,0,32.688,15.629,,,,
V-Vtb5,V_full,V,vtb,E,FordFiestaTitanium,,2,Unsynchronised V and S Dataset\Categorised IOVNB (V) Dataset\V Dataset\Vtb (Driver E)\Vtb05\V-Vtb5.csv,Unsynchronised V and S Dataset\Categorised IOVNB (V) Dataset\V Dataset\Vtb (Driver E)\Vtb05\V-Vtb5.csv|Unsynchronised V and S Dataset\Uncategorised IOVNB (V and S) Dataset\V-Dataset\V-Vtb5.csv,64610,29,No of GPS Satellites Available|Time Since Start of Day (seconds)|Latitude (degrees)|Longitude (degrees)|Velocity (km/hr)|Heading (degrees)|Height (km)|Vertical velocity (km/hr)|Sample period (seconds)|Steering Angle (degrees)|Wheel Speed Front Left (rad/sec)|Wheel Speed Front Right (rad/sec)|Wheel Speed Rear Left (rad/sec)|Wheel Speed Rear Right (rad/sec)|Yaw Rate (deg/sec)|Indicated Vehicle Speed (km/hr)|Indicated Longitudinal Acceleration (g)|Indicated Lateral Acceleration (g)|Handbrake (0 or 1)|Gear Requested (Number fof gear employed 1-5)|Gear (Number fof gear employed 1-5)|Engine Speed (rev/min)|Coolant Temperature (degrees)|Clutch Position (0 or 1)|Brake Pressure (psi)|Brake Position (0 or 1)|Battery Voltage (volts)|Air Temperature (degrees)|Accelerator Pedal Position (0 or 1),,13070303,,0,0.0,,0,0,Time Since Start of Day (seconds),0,59459.3,65920.2,True,0,0.099,0.101,0.1,6e-06,0.1,10.0,0.0,0.0,0.0,0.0,6460.9,False,False,False,False,False,True,False,True,True,124.5,0.1,1.7,0.0,63998,0.0095,,,52.579015,53.190021,-1.684647,-1.230746,0,112.939,62.144,,,,
V-vtb5,V_sync,V,vtb,E,FordFiestaTitanium,,2,Synchronised V abd S datasets\Categorised IOVNB Dataset\Vtb (Driver E)\Vtb05\V-vtb5.csv,Synchronised V abd S datasets\Categorised IOVNB Dataset\Vtb (Driver E)\Vtb05\V-vtb5.csv|Synchronised V abd S datasets\Uncategorised IOVNB Dataset\V-Dataset\V-vtb5.csv,64388,29,No of GPS Satellites Available|Time Since Start of Day (seconds)|Latitude (degrees)|Longitude (degrees)|Velocity (km/hr)|Heading (degrees)|Height (km)|Vertical velocity (km/hr)|Sample period (seconds)|Steering Angle (degrees)|Wheel Speed Front Left (rad/sec)|Wheel Speed Front Right (rad/sec)|Wheel Speed Rear Left (rad/sec)|Wheel Speed Rear Right (rad/sec)|Yaw Rate (deg/sec)|Indicated Vehicle Speed (km/hr)|Indicated Longitudinal Acceleration (g)|Indicated Lateral Acceleration (g)|Handbrake (0 or 1)|Gear Requested (Number fof gear employed 1-5)|Gear (Number fof gear employed 1-5)|Engine Speed (rev/min)|Coolant Temperature (degrees)|Clutch Position (0 or 1)|Brake Pressure (psi)|Brake Position (0 or 1)|Battery Voltage (volts)|Air Temperature (degrees)|Accelerator Pedal Position (0 or 1),,13567208,,0,0.0,,0,0,Time Since Start of Day (seconds),0,59481.4,65920.1,True,0,0.099,0.101,0.1,6e-06,0.1,10.0,0.0,0.0,0.0,0.0,6438.7,False,False,False,False,False,True,False,True,True,124.46,0.1,1.3,0.0,63902,0.0075,,,52.579027,53.190021,-1.684647,-1.230746,0,112.939,62.355,,,,
V-Vtb6,V_full,V,vtb,E,FordFiestaTitanium,,2,Unsynchronised V and S Dataset\Categorised IOVNB (V) Dataset\V Dataset\Vtb (Driver E)\Vtb06\V-Vtb6.csv,Unsynchronised V and S Dataset\Categorised IOVNB (V) Dataset\V Dataset\Vtb (Driver E)\Vtb06\V-Vtb6.csv|Unsynchronised V and S Dataset\Uncategorised IOVNB (V and S) Dataset\V-Dataset\V-Vtb6.csv,508,29,No of GPS Satellites Available|Time Since Start of Day (seconds)|Latitude (degrees)|Longitude (degrees)|Velocity (km/hr)|Heading (degrees)|Height (km)|Vertical velocity (km/hr)|Sample period (seconds)|Steering Angle (degrees)|Wheel Speed Front Left (rad/sec)|Wheel Speed Front Right (rad/sec)|Wheel Speed Rear Left (rad/sec)|Wheel Speed Rear Right (rad/sec)|Yaw Rate (deg/sec)|Indicated Vehicle Speed (km/hr)|Indicated Longitudinal Acceleration (g)|Indicated Lateral Acceleration (g)|Handbrake (0 or 1)|Gear Requested (Number fof gear employed 1-5)|Gear (Number fof gear employed 1-5)|Engine Speed (rev/min)|Coolant Temperature (degrees)|Clutch Position (0 or 1)|Brake Pressure (psi)|Brake Position (0 or 1)|Battery Voltage (volts)|Air Temperature (degrees)|Accelerator Pedal Position (0 or 1),,104997,,0,0.0,,0,0,Time Since Start of Day (seconds),0,65926.0,65976.7,True,0,0.1,0.1,0.1,0.0,0.1,10.0,0.0,0.0,0.0,0.0,50.7,False,False,False,False,False,True,False,True,True,136.63,0.1,0.1,0.0,507,0.002,,,52.573135,52.578394,-1.5378,-1.527867,0,73.015,63.288,,,,
V-vtb6,V_sync,V,vtb,E,FordFiestaTitanium,,2,Synchronised V abd S datasets\Categorised IOVNB Dataset\Vtb (Driver E)\Vtb06\V-vtb6.csv,Synchronised V abd S datasets\Categorised IOVNB Dataset\Vtb (Driver E)\Vtb06\V-vtb6.csv|Synchronised V abd S datasets\Uncategorised IOVNB Dataset\V-Dataset\V-vtb6.csv,498,29,No of GPS Satellites Available|Time Since Start of Day (seconds)|Latitude (degrees)|Longitude (degrees)|Velocity (km/hr)|Heading (degrees)|Height (km)|Vertical velocity (km/hr)|Sample period (seconds)|Steering Angle (degrees)|Wheel Speed Front Left (rad/sec)|Wheel Speed Front Right (rad/sec)|Wheel Speed Rear Left (rad/sec)|Wheel Speed Rear Right (rad/sec)|Yaw Rate (deg/sec)|Indicated Vehicle Speed (km/hr)|Indicated Longitudinal Acceleration (g)|Indicated Lateral Acceleration (g)|Handbrake (0 or 1)|Gear Requested (Number fof gear employed 1-5)|Gear (Number fof gear employed 1-5)|Engine Speed (rev/min)|Coolant Temperature (degrees)|Clutch Position (0 or 1)|Brake Pressure (psi)|Brake Position (0 or 1)|Battery Voltage (volts)|Air Temperature (degrees)|Accelerator Pedal Position (0 or 1),,105659,,0,0.0,,0,0,Time Since Start of Day (seconds),0,65926.9,65976.6,True,0,0.1,0.1,0.1,0.0,0.1,10.0,0.0,0.0,0.0,0.0,49.7,False,False,False,False,False,True,False,True,True,136.64,0.1,0.1,0.0,497,0.002,,,52.573144,52.578301,-1.537629,-1.527886,0,73.015,63.316,,,,
V-Vtb7,V_full,V,vtb,E,FordFiestaTitanium,,2,Unsynchronised V and S Dataset\Categorised IOVNB (V) Dataset\V Dataset\Vtb (Driver E)\Vtb07\V-Vtb7.csv,Unsynchronised V and S Dataset\Categorised IOVNB (V) Dataset\V Dataset\Vtb (Driver E)\Vtb07\V-Vtb7.csv|Unsynchronised V and S Dataset\Uncategorised IOVNB (V and S) Dataset\V-Dataset\V-Vtb7.csv,461,29,No of GPS Satellites Available|Time Since Start of Day (seconds)|Latitude (degrees)|Longitude (degrees)|Velocity (km/hr)|Heading (degrees)|Height (km)|Vertical velocity (km/hr)|Sample period (seconds)|Steering Angle (degrees)|Wheel Speed Front Left (rad/sec)|Wheel Speed Front Right (rad/sec)|Wheel Speed Rear Left (rad/sec)|Wheel Speed Rear Right (rad/sec)|Yaw Rate (deg/sec)|Indicated Vehicle Speed (km/hr)|Indicated Longitudinal Acceleration (g)|Indicated Lateral Acceleration (g)|Handbrake (0 or 1)|Gear Requested (Number fof gear employed 1-5)|Gear (Number fof gear employed 1-5)|Engine Speed (rev/min)|Coolant Temperature (degrees)|Clutch Position (0 or 1)|Brake Pressure (psi)|Brake Position (0 or 1)|Battery Voltage (volts)|Air Temperature (degrees)|Accelerator Pedal Position (0 or 1),,94550,,0,0.0,,0,0,Time Since Start of Day (seconds),0,65981.2,66027.2,True,0,0.1,0.1,0.1,0.0,0.1,10.0,0.0,0.0,0.0,0.0,46.0,False,False,False,False,False,True,False,True,True,137.05,0.1,0.1,0.0,460,0.0022,,,52.569066,52.572769,-1.527063,-1.518557,0,69.196,56.405,,,,
V-vtb7,V_sync,V,vtb,E,FordFiestaTitanium,,2,Synchronised V abd S datasets\Categorised IOVNB Dataset\Vtb (Driver E)\Vtb07\V-vtb7.csv,Synchronised V abd S datasets\Categorised IOVNB Dataset\Vtb (Driver E)\Vtb07\V-vtb7.csv|Synchronised V abd S datasets\Uncategorised IOVNB Dataset\V-Dataset\V-vtb7.csv,461,29,No of GPS Satellites Available|Time Since Start of Day (seconds)|Latitude (degrees)|Longitude (degrees)|Velocity (km/hr)|Heading (degrees)|Height (km)|Vertical velocity (km/hr)|Sample period (seconds)|Steering Angle (degrees)|Wheel Speed Front Left (rad/sec)|Wheel Speed Front Right (rad/sec)|Wheel Speed Rear Left (rad/sec)|Wheel Speed Rear Right (rad/sec)|Yaw Rate (deg/sec)|Indicated Vehicle Speed (km/hr)|Indicated Longitudinal Acceleration (g)|Indicated Lateral Acceleration (g)|Handbrake (0 or 1)|Gear Requested (Number fof gear employed 1-5)|Gear (Number fof gear employed 1-5)|Engine Speed (rev/min)|Coolant Temperature (degrees)|Clutch Position (0 or 1)|Brake Pressure (psi)|Brake Position (0 or 1)|Battery Voltage (volts)|Air Temperature (degrees)|Accelerator Pedal Position (0 or 1),,101086,,0,0.0,,0,0,Time Since Start of Day (seconds),0,65981.2,66027.2,True,0,0.1,0.1,0.1,0.0,0.1,10.0,0.0,0.0,0.0,0.0,46.0,False,False,False,False,False,True,False,True,True,137.05,0.1,0.1,0.0,460,0.0022,,,52.569066,52.572769,-1.527063,-1.518557,0,69.196,56.405,,,,
V-Vtb8,V_full,V,vtb,E,FordFiestaTitanium,,2,Unsynchronised V and S Dataset\Categorised IOVNB (V) Dataset\V Dataset\Vtb (Driver E)\Vtb08\V-Vtb8.csv,Unsynchronised V and S Dataset\Categorised IOVNB (V) Dataset\V Dataset\Vtb (Driver E)\Vtb08\V-Vtb8.csv|Unsynchronised V and S Dataset\Uncategorised IOVNB (V and S) Dataset\V-Dataset\V-Vtb8.csv,699,29,No of GPS Satellites Available|Time Since Start of Day (seconds)|Latitude (degrees)|Longitude (degrees)|Velocity (km/hr)|Heading (degrees)|Height (km)|Vertical velocity (km/hr)|Sample period (seconds)|Steering Angle (degrees)|Wheel Speed Front Left (rad/sec)|Wheel Speed Front Right (rad/sec)|Wheel Speed Rear Left (rad/sec)|Wheel Speed Rear Right (rad/sec)|Yaw Rate (deg/sec)|Indicated Vehicle Speed (km/hr)|Indicated Longitudinal Acceleration (g)|Indicated Lateral Acceleration (g)|Handbrake (0 or 1)|Gear Requested (Number fof gear employed 1-5)|Gear (Number fof gear employed 1-5)|Engine Speed (rev/min)|Coolant Temperature (degrees)|Clutch Position (0 or 1)|Brake Pressure (psi)|Brake Position (0 or 1)|Battery Voltage (volts)|Air Temperature (degrees)|Accelerator Pedal Position (0 or 1),,138144,,0,0.0,,0,0,Time Since Start of Day (seconds),0,66032.0,66101.8,True,0,0.1,0.1,0.1,0.0,0.1,10.0,0.0,0.0,0.0,0.0,69.8,False,False,False,False,False,True,False,True,True,137.4,0.1,0.1,0.0,698,0.0014,,,52.563426,52.568714,-1.517349,-1.499447,0,76.536,69.562,,,,
V-vtb8,V_sync,V,vtb,E,FordFiestaTitanium,,2,Synchronised V abd S datasets\Categorised IOVNB Dataset\Vtb (Driver E)\Vtb08\V-vtb8.csv,Synchronised V abd S datasets\Categorised IOVNB Dataset\Vtb (Driver E)\Vtb08\V-vtb8.csv|Synchronised V abd S datasets\Uncategorised IOVNB Dataset\V-Dataset\V-vtb8.csv,668,29,No of GPS Satellites Available|Time Since Start of Day (seconds)|Latitude (degrees)|Longitude (degrees)|Velocity (km/hr)|Heading (degrees)|Height (km)|Vertical velocity (km/hr)|Sample period (seconds)|Steering Angle (degrees)|Wheel Speed Front Left (rad/sec)|Wheel Speed Front Right (rad/sec)|Wheel Speed Rear Left (rad/sec)|Wheel Speed Rear Right (rad/sec)|Yaw Rate (deg/sec)|Indicated Vehicle Speed (km/hr)|Indicated Longitudinal Acceleration (g)|Indicated Lateral Acceleration (g)|Handbrake (0 or 1)|Gear Requested (Number fof gear employed 1-5)|Gear (Number fof gear employed 1-5)|Engine Speed (rev/min)|Coolant Temperature (degrees)|Clutch Position (0 or 1)|Brake Pressure (psi)|Brake Position (0 or 1)|Battery Voltage (volts)|Air Temperature (degrees)|Accelerator Pedal Position (0 or 1),,138162,,0,0.0,,0,0,Time Since Start of Day (seconds),0,66035.0,66101.7,True,0,0.1,0.1,0.1,0.0,0.1,10.0,0.0,0.0,0.0,0.0,66.7,False,False,False,False,False,True,False,True,True,137.37,0.1,0.1,0.0,667,0.0015,,,52.563434,52.568501,-1.516642,-1.499473,0,76.536,69.805,,,,
V-Vtb9,V_full,V,vtb,E,FordFiestaTitanium,,2,Unsynchronised V and S Dataset\Categorised IOVNB (V) Dataset\V Dataset\Vtb (Driver E)\Vtb09\V-Vtb9.csv,Unsynchronised V and S Dataset\Categorised IOVNB (V) Dataset\V Dataset\Vtb (Driver E)\Vtb09\V-Vtb9.csv|Unsynchronised V and S Dataset\Uncategorised IOVNB (V and S) Dataset\V-Dataset\V-Vtb9.csv,457,29,No of GPS Satellites Available|Time Since Start of Day (seconds)|Latitude (degrees)|Longitude (degrees)|Velocity (km/hr)|Heading (degrees)|Height (km)|Vertical velocity (km/hr)|Sample period (seconds)|Steering Angle (degrees)|Wheel Speed Front Left (rad/sec)|Wheel Speed Front Right (rad/sec)|Wheel Speed Rear Left (rad/sec)|Wheel Speed Rear Right (rad/sec)|Yaw Rate (deg/sec)|Indicated Vehicle Speed (km/hr)|Indicated Longitudinal Acceleration (g)|Indicated Lateral Acceleration (g)|Handbrake (0 or 1)|Gear Requested (Number fof gear employed 1-5)|Gear (Number fof gear employed 1-5)|Engine Speed (rev/min)|Coolant Temperature (degrees)|Clutch Position (0 or 1)|Brake Pressure (psi)|Brake Position (0 or 1)|Battery Voltage (volts)|Air Temperature (degrees)|Accelerator Pedal Position (0 or 1),,92473,,0,0.0,,0,0,Time Since Start of Day (seconds),0,66106.6,66152.2,True,0,0.1,0.1,0.1,0.0,0.1,10.0,0.0,0.0,0.0,0.0,45.6,False,False,False,False,False,True,False,True,True,138.18,0.1,0.1,0.0,456,0.0022,,,52.559289,52.563097,-1.498306,-1.485341,0,92.02,76.996,,,,
V-vtb9,V_sync,V,vtb,E,FordFiestaTitanium,,2,Synchronised V abd S datasets\Categorised IOVNB Dataset\Vtb (Driver E)\Vtb09\V-vtb9.csv,Synchronised V abd S datasets\Categorised IOVNB Dataset\Vtb (Driver E)\Vtb09\V-vtb9.csv|Synchronised V abd S datasets\Uncategorised IOVNB Dataset\V-Dataset\V-vtb9.csv,452,29,No of GPS Satellites Available|Time Since Start of Day (seconds)|Latitude (degrees)|Longitude (degrees)|Velocity (km/hr)|Heading (degrees)|Height (km)|Vertical velocity (km/hr)|Sample period (seconds)|Steering Angle (degrees)|Wheel Speed Front Left (rad/sec)|Wheel Speed Front Right (rad/sec)|Wheel Speed Rear Left (rad/sec)|Wheel Speed Rear Right (rad/sec)|Yaw Rate (deg/sec)|Indicated Vehicle Speed (km/hr)|Indicated Longitudinal Acceleration (g)|Indicated Lateral Acceleration (g)|Handbrake (0 or 1)|Gear Requested (Number fof gear employed 1-5)|Gear (Number fof gear employed 1-5)|Engine Speed (rev/min)|Coolant Temperature (degrees)|Clutch Position (0 or 1)|Brake Pressure (psi)|Brake Position (0 or 1)|Battery Voltage (volts)|Air Temperature (degrees)|Accelerator Pedal Position (0 or 1),,93354,,0,0.0,,0,0,Time Since Start of Day (seconds),0,66107.0,66152.1,True,0,0.1,0.1,0.1,0.0,0.1,10.0,0.0,0.0,0.0,0.0,45.1,False,False,False,False,False,True,False,True,True,138.18,0.1,0.1,0.0,451,0.0022,,,52.559297,52.563067,-1.498203,-1.485365,0,92.02,77.086,,,,
V-Vw1,V_full,V,vw,E,FordFiestaTitanium,,2,Unsynchronised V and S Dataset\Categorised IOVNB (V) Dataset\V Dataset\Vw (Driver E)\Vw01\V-Vw1.csv,Unsynchronised V and S Dataset\Categorised IOVNB (V) Dataset\V Dataset\Vw (Driver E)\Vw01\V-Vw1.csv|Unsynchronised V and S Dataset\Uncategorised IOVNB (V and S) Dataset\V-Dataset\V-Vw1.csv,20475,29,No of GPS Satellites Available|Time Since Start of Day (seconds)|Latitude (degrees)|Longitude (degrees)|Velocity (km/hr)|Heading (degrees)|Height (km)|Vertical velocity (km/hr)|Sample period (seconds)|Steering Angle (degrees)|Wheel Speed Front Left (rad/sec)|Wheel Speed Front Right (rad/sec)|Wheel Speed Rear Left (rad/sec)|Wheel Speed Rear Right (rad/sec)|Yaw Rate (deg/sec)|Indicated Vehicle Speed (km/hr)|Indicated Longitudinal Acceleration (g)|Indicated Lateral Acceleration (g)|Handbrake (0 or 1)|Gear Requested (Number fof gear employed 1-5)|Gear (Number fof gear employed 1-5)|Engine Speed (rev/min)|Coolant Temperature (degrees)|Clutch Position (0 or 1)|Brake Pressure (psi)|Brake Position (0 or 1)|Battery Voltage (volts)|Air Temperature (degrees)|Accelerator Pedal Position (0 or 1),,3923291,,0,0.0,,0,0,Time Since Start of Day (seconds),0,34575.4,36622.8,True,0,0.1,0.1,0.1,0.0,0.1,10.0,0.0,0.0,0.0,0.0,2047.4,False,False,False,False,False,True,False,True,True,137.49,0.3,6.3,3.0,5290,0.7416,,,52.5547,52.554715,-1.463072,-1.463034,0,0.252,0.041,,,,
V-Vw1,V_sync,V,vw,E,FordFiestaTitanium,,2,Synchronised V abd S datasets\Categorised IOVNB Dataset\Vw (Driver E)\Vw01\V-Vw1.csv,Synchronised V abd S datasets\Categorised IOVNB Dataset\Vw (Driver E)\Vw01\V-Vw1.csv|Synchronised V abd S datasets\Uncategorised IOVNB Dataset\V-Dataset\V-Vw1.csv,20475,29,No of GPS Satellites Available|Time Since Start of Day (seconds)|Latitude (degrees)|Longitude (degrees)|Velocity (km/hr)|Heading (degrees)|Height (km)|Vertical velocity (km/hr)|Sample period (seconds)|Steering Angle (degrees)|Wheel Speed Front Left (rad/sec)|Wheel Speed Front Right (rad/sec)|Wheel Speed Rear Left (rad/sec)|Wheel Speed Rear Right (rad/sec)|Yaw Rate (deg/sec)|Indicated Vehicle Speed (km/hr)|Indicated Longitudinal Acceleration (g)|Indicated Lateral Acceleration (g)|Handbrake (0 or 1)|Gear Requested (Number fof gear employed 1-5)|Gear (Number fof gear employed 1-5)|Engine Speed (rev/min)|Coolant Temperature (degrees)|Clutch Position (0 or 1)|Brake Pressure (psi)|Brake Position (0 or 1)|Battery Voltage (volts)|Air Temperature (degrees)|Accelerator Pedal Position (0 or 1),,4001856,,0,0.0,,0,0,Time Since Start of Day (seconds),0,34575.4,36622.8,True,0,0.1,0.1,0.1,0.0,0.1,10.0,0.0,0.0,0.0,0.0,2047.4,False,False,False,False,False,True,False,True,True,137.49,0.3,6.3,3.0,5290,0.7416,,,52.5547,52.554715,-1.463072,-1.463034,0,0.252,0.041,,,,
V-Vw10,V_full,V,vw,E,FordFiestaTitanium,,3,Unsynchronised V and S Dataset\Categorised IOVNB (V) Dataset\V Dataset\Vw (Driver E)\Vw10\V-Vw10.csv,Unsynchronised V and S Dataset\Categorised IOVNB (V) Dataset\V Dataset\Vw (Driver E)\Vw10\V-Vw10.csv|Unsynchronised V and S Dataset\Categorised IOVNB (V) Dataset\V Dataset\Vw (Driver E)\Vw11\V-Vw10.csv|Unsynchronised V and S Dataset\Uncategorised IOVNB (V and S) Dataset\V-Dataset\V-Vw10.csv,670,29,No of GPS Satellites Available|Time Since Start of Day (seconds)|Latitude (degrees)|Longitude (degrees)|Velocity (km/hr)|Heading (degrees)|Height (km)|Vertical velocity (km/hr)|Sample period (seconds)|Steering Angle (degrees)|Wheel Speed Front Left (rad/sec)|Wheel Speed Front Right (rad/sec)|Wheel Speed Rear Left (rad/sec)|Wheel Speed Rear Right (rad/sec)|Yaw Rate (deg/sec)|Indicated Vehicle Speed (km/hr)|Indicated Longitudinal Acceleration (g)|Indicated Lateral Acceleration (g)|Handbrake (0 or 1)|Gear Requested (Number fof gear employed 1-5)|Gear (Number fof gear employed 1-5)|Engine Speed (rev/min)|Coolant Temperature (degrees)|Clutch Position (0 or 1)|Brake Pressure (psi)|Brake Position (0 or 1)|Battery Voltage (volts)|Air Temperature (degrees)|Accelerator Pedal Position (0 or 1),,138464,,0,0.0,,0,0,Time Since Start of Day (seconds),0,58060.7,58127.6,True,0,0.1,0.1,0.1,0.0,0.1,10.0,0.0,0.0,0.0,0.0,66.9,False,False,False,False,False,True,False,True,True,44.27,0.1,0.1,0.0,669,0.0015,,,52.201835,52.203661,-2.201866,-2.192029,0,58.896,39.787,,,,
V-Vw10,V_sync,V,vw,E,FordFiestaTitanium,,2,Synchronised V abd S datasets\Categorised IOVNB Dataset\Vw (Driver E)\Vw10\V-Vw10.csv,Synchronised V abd S datasets\Categorised IOVNB Dataset\Vw (Driver E)\Vw10\V-Vw10.csv|Synchronised V abd S datasets\Uncategorised IOVNB Dataset\V-Dataset\V-Vw10.csv,652,29,No of GPS Satellites Available|Time Since Start of Day (seconds)|Latitude (degrees)|Longitude (degrees)|Velocity (km/hr)|Heading (degrees)|Height (km)|Vertical velocity (km/hr)|Sample period (seconds)|Steering Angle (degrees)|Wheel Speed Front Left (rad/sec)|Wheel Speed Front Right (rad/sec)|Wheel Speed Rear Left (rad/sec)|Wheel Speed Rear Right (rad/sec)|Yaw Rate (deg/sec)|Indicated Vehicle Speed (km/hr)|Indicated Longitudinal Acceleration (g)|Indicated Lateral Acceleration (g)|Handbrake (0 or 1)|Gear Requested (Number fof gear employed 1-5)|Gear (Number fof gear employed 1-5)|Engine Speed (rev/min)|Coolant Temperature (degrees)|Clutch Position (0 or 1)|Brake Pressure (psi)|Brake Position (0 or 1)|Battery Voltage (volts)|Air Temperature (degrees)|Accelerator Pedal Position (0 or 1),,141457,,0,0.0,,0,0,Time Since Start of Day (seconds),0,58062.4,58127.5,True,0,0.1,0.1,0.1,0.0,0.1,10.0,0.0,0.0,0.0,0.0,65.1,False,False,False,False,False,True,False,True,True,45.05,0.1,0.1,0.0,651,0.0015,,,52.201835,52.203658,-2.201767,-2.192033,0,58.896,40.49,,,,
V-Vw11,V_full,V,vw,E,FordFiestaTitanium,,1,Unsynchronised V and S Dataset\Uncategorised IOVNB (V and S) Dataset\V-Dataset\V-Vw11.csv,Unsynchronised V and S Dataset\Uncategorised IOVNB (V and S) Dataset\V-Dataset\V-Vw11.csv,4924,29,No of GPS Satellites Available|Time Since Start of Day (seconds)|Latitude (degrees)|Longitude (degrees)|Velocity (km/hr)|Heading (degrees)|Height (km)|Vertical velocity (km/hr)|Sample period (seconds)|Steering Angle (degrees)|Wheel Speed Front Left (rad/sec)|Wheel Speed Front Right (rad/sec)|Wheel Speed Rear Left (rad/sec)|Wheel Speed Rear Right (rad/sec)|Yaw Rate (deg/sec)|Indicated Vehicle Speed (km/hr)|Indicated Longitudinal Acceleration (g)|Indicated Lateral Acceleration (g)|Handbrake (0 or 1)|Gear Requested (Number fof gear employed 1-5)|Gear (Number fof gear employed 1-5)|Engine Speed (rev/min)|Coolant Temperature (degrees)|Clutch Position (0 or 1)|Brake Pressure (psi)|Brake Position (0 or 1)|Battery Voltage (volts)|Air Temperature (degrees)|Accelerator Pedal Position (0 or 1),,997043,,0,0.0,,0,0,Time Since Start of Day (seconds),0,58132.5,58624.8,True,0,0.1,0.1,0.1,0.0,0.1,10.0,0.0,0.0,0.0,0.0,492.3,False,False,False,False,False,True,False,True,True,136.62,0.1,1.2,0.0,4534,0.0792,,,52.201794,52.231036,-2.191882,-2.140375,0,98.431,42.725,,,,
V-Vw11,V_sync,V,vw,E,FordFiestaTitanium,,2,Synchronised V abd S datasets\Categorised IOVNB Dataset\Vw (Driver E)\Vw11\V-Vw11.csv,Synchronised V abd S datasets\Categorised IOVNB Dataset\Vw (Driver E)\Vw11\V-Vw11.csv|Synchronised V abd S datasets\Uncategorised IOVNB Dataset\V-Dataset\V-Vw11.csv,4909,29,No of GPS Satellites Available|Time Since Start of Day (seconds)|Latitude (degrees)|Longitude (degrees)|Velocity (km/hr)|Heading (degrees)|Height (km)|Vertical velocity (km/hr)|Sample period (seconds)|Steering Angle (degrees)|Wheel Speed Front Left (rad/sec)|Wheel Speed Front Right (rad/sec)|Wheel Speed Rear Left (rad/sec)|Wheel Speed Rear Right (rad/sec)|Yaw Rate (deg/sec)|Indicated Vehicle Speed (km/hr)|Indicated Longitudinal Acceleration (g)|Indicated Lateral Acceleration (g)|Handbrake (0 or 1)|Gear Requested (Number fof gear employed 1-5)|Gear (Number fof gear employed 1-5)|Engine Speed (rev/min)|Coolant Temperature (degrees)|Clutch Position (0 or 1)|Brake Pressure (psi)|Brake Position (0 or 1)|Battery Voltage (volts)|Air Temperature (degrees)|Accelerator Pedal Position (0 or 1),,1032515,,0,0.0,,0,0,Time Since Start of Day (seconds),0,58134.0,58624.8,True,0,0.1,0.1,0.1,0.0,0.1,10.0,0.0,0.0,0.0,0.0,490.8,False,False,False,False,False,True,False,True,True,136.62,0.1,1.2,0.0,4519,0.0794,,,52.201794,52.231036,-2.191803,-2.140375,0,98.431,42.81,,,,
V-Vw12,V_full,V,vw,E,FordFiestaTitanium,,2,Unsynchronised V and S Dataset\Categorised IOVNB (V) Dataset\V Dataset\Vw (Driver E)\Vw12\V-Vw12.csv,Unsynchronised V and S Dataset\Categorised IOVNB (V) Dataset\V Dataset\Vw (Driver E)\Vw12\V-Vw12.csv|Unsynchronised V and S Dataset\Uncategorised IOVNB (V and S) Dataset\V-Dataset\V-Vw12.csv,1069,29,No of GPS Satellites Available|Time Since Start of Day (seconds)|Latitude (degrees)|Longitude (degrees)|Velocity (km/hr)|Heading (degrees)|Height (km)|Vertical velocity (km/hr)|Sample period (seconds)|Steering Angle (degrees)|Wheel Speed Front Left (rad/sec)|Wheel Speed Front Right (rad/sec)|Wheel Speed Rear Left (rad/sec)|Wheel Speed Rear Right (rad/sec)|Yaw Rate (deg/sec)|Indicated Vehicle Speed (km/hr)|Indicated Longitudinal Acceleration (g)|Indicated Lateral Acceleration (g)|Handbrake (0 or 1)|Gear Requested (Number fof gear employed 1-5)|Gear (Number fof gear employed 1-5)|Engine Speed (rev/min)|Coolant Temperature (degrees)|Clutch Position (0 or 1)|Brake Pressure (psi)|Brake Position (0 or 1)|Battery Voltage (volts)|Air Temperature (degrees)|Accelerator Pedal Position (0 or 1),,212441,,0,0.0,,0,0,Time Since Start of Day (seconds),0,58630.2,58737.0,True,0,0.1,0.1,0.1,0.0,0.1,10.0,0.0,0.0,0.0,0.0,106.8,False,False,False,False,False,True,False,True,True,136.54,0.1,0.1,0.0,1068,0.0009,,,52.23208,52.255497,-2.13973,-2.133596,0,97.409,90.279,,,,
V-Vw12,V_sync,V,vw,E,FordFiestaTitanium,,2,Synchronised V abd S datasets\Categorised IOVNB Dataset\Vw (Driver E)\Vw12\V-Vw12.csv,Synchronised V abd S datasets\Categorised IOVNB Dataset\Vw (Driver E)\Vw12\V-Vw12.csv|Synchronised V abd S datasets\Uncategorised IOVNB Dataset\V-Dataset\V-Vw12.csv,918,29,No of GPS Satellites Available|Time Since Start of Day (seconds)|Latitude (degrees)|Longitude (degrees)|Velocity (km/hr)|Heading (degrees)|Height (km)|Vertical velocity (km/hr)|Sample period (seconds)|Steering Angle (degrees)|Wheel Speed Front Left (rad/sec)|Wheel Speed Front Right (rad/sec)|Wheel Speed Rear Left (rad/sec)|Wheel Speed Rear Right (rad/sec)|Yaw Rate (deg/sec)|Indicated Vehicle Speed (km/hr)|Indicated Longitudinal Acceleration (g)|Indicated Lateral Acceleration (g)|Handbrake (0 or 1)|Gear Requested (Number fof gear employed 1-5)|Gear (Number fof gear employed 1-5)|Engine Speed (rev/min)|Coolant Temperature (degrees)|Clutch Position (0 or 1)|Brake Pressure (psi)|Brake Position (0 or 1)|Battery Voltage (volts)|Air Temperature (degrees)|Accelerator Pedal Position (0 or 1),,188273,,0,0.0,,0,0,Time Since Start of Day (seconds),0,58636.2,58727.9,True,0,0.1,0.1,0.1,0.0,0.1,10.0,0.0,0.0,0.0,0.0,91.7,False,False,False,False,False,True,False,True,True,136.57,0.1,0.1,0.0,917,0.0011,,,52.233292,52.253468,-2.138987,-2.133596,0,97.409,90.408,,,,
V-Vw13,V_full,V,vw,E,FordFiestaTitanium,,2,Unsynchronised V and S Dataset\Categorised IOVNB (V) Dataset\V Dataset\Vw (Driver E)\Vw13\V-Vw13.csv,Unsynchronised V and S Dataset\Categorised IOVNB (V) Dataset\V Dataset\Vw (Driver E)\Vw13\V-Vw13.csv|Unsynchronised V and S Dataset\Uncategorised IOVNB (V and S) Dataset\V-Dataset\V-Vw13.csv,297,29,No of GPS Satellites Available|Time Since Start of Day (seconds)|Latitude (degrees)|Longitude (degrees)|Velocity (km/hr)|Heading (degrees)|Height (km)|Vertical velocity (km/hr)|Sample period (seconds)|Steering Angle (degrees)|Wheel Speed Front Left (rad/sec)|Wheel Speed Front Right (rad/sec)|Wheel Speed Rear Left (rad/sec)|Wheel Speed Rear Right (rad/sec)|Yaw Rate (deg/sec)|Indicated Vehicle Speed (km/hr)|Indicated Longitudinal Acceleration (g)|Indicated Lateral Acceleration (g)|Handbrake (0 or 1)|Gear Requested (Number fof gear employed 1-5)|Gear (Number fof gear employed 1-5)|Engine Speed (rev/min)|Coolant Temperature (degrees)|Clutch Position (0 or 1)|Brake Pressure (psi)|Brake Position (0 or 1)|Battery Voltage (volts)|Air Temperature (degrees)|Accelerator Pedal Position (0 or 1),,58854,,0,0.0,,0,0,Time Since Start of Day (seconds),0,58823.8,58853.4,True,0,0.1,0.1,0.1,0.0,0.1,10.0,0.0,0.0,0.0,0.0,29.6,False,False,False,False,False,True,False,True,True,137.75,0.1,0.1,0.0,296,0.0034,,,52.274727,52.281897,-2.122129,-2.119619,0,114.988,99.272,,,,
V-Vw13,V_sync,V,vw,E,FordFiestaTitanium,,2,Synchronised V abd S datasets\Categorised IOVNB Dataset\Vw (Driver E)\Vw13\V-Vw13.csv,Synchronised V abd S datasets\Categorised IOVNB Dataset\Vw (Driver E)\Vw13\V-Vw13.csv|Synchronised V abd S datasets\Uncategorised IOVNB Dataset\V-Dataset\V-Vw13.csv,284,29,No of GPS Satellites Available|Time Since Start of Day (seconds)|Latitude (degrees)|Longitude (degrees)|Velocity (km/hr)|Heading (degrees)|Height (km)|Vertical velocity (km/hr)|Sample period (seconds)|Steering Angle (degrees)|Wheel Speed Front Left (rad/sec)|Wheel Speed Front Right (rad/sec)|Wheel Speed Rear Left (rad/sec)|Wheel Speed Rear Right (rad/sec)|Yaw Rate (deg/sec)|Indicated Vehicle Speed (km/hr)|Indicated Longitudinal Acceleration (g)|Indicated Lateral Acceleration (g)|Handbrake (0 or 1)|Gear Requested (Number fof gear employed 1-5)|Gear (Number fof gear employed 1-5)|Engine Speed (rev/min)|Coolant Temperature (degrees)|Clutch Position (0 or 1)|Brake Pressure (psi)|Brake Position (0 or 1)|Battery Voltage (volts)|Air Temperature (degrees)|Accelerator Pedal Position (0 or 1),,59207,,0,0.0,,0,0,Time Since Start of Day (seconds),0,58825.1,58853.4,True,0,0.1,0.1,0.1,0.0,0.1,10.0,0.0,0.0,0.0,0.0,28.3,False,False,False,False,False,True,False,True,True,137.74,0.1,0.1,0.0,283,0.0035,,,52.275089,52.281897,-2.121994,-2.119619,0,113.544,98.572,,,,
V-Vw14a,V_full,V,vw,E,FordFiestaTitanium,,2,Unsynchronised V and S Dataset\Categorised IOVNB (V) Dataset\V Dataset\Vw (Driver E)\Vw14a\V-Vw14a.csv,Unsynchronised V and S Dataset\Categorised IOVNB (V) Dataset\V Dataset\Vw (Driver E)\Vw14a\V-Vw14a.csv|Unsynchronised V and S Dataset\Uncategorised IOVNB (V and S) Dataset\V-Dataset\V-Vw14a.csv,3140,29,No of GPS Satellites Available|Time Since Start of Day (seconds)|Latitude (degrees)|Longitude (degrees)|Velocity (km/hr)|Heading (degrees)|Height (km)|Vertical velocity (km/hr)|Sample period (seconds)|Steering Angle (degrees)|Wheel Speed Front Left (rad/sec)|Wheel Speed Front Right (rad/sec)|Wheel Speed Rear Left (rad/sec)|Wheel Speed Rear Right (rad/sec)|Yaw Rate (deg/sec)|Indicated Vehicle Speed (km/hr)|Indicated Longitudinal Acceleration (g)|Indicated Lateral Acceleration (g)|Handbrake (0 or 1)|Gear Requested (Number fof gear employed 1-5)|Gear (Number fof gear employed 1-5)|Engine Speed (rev/min)|Coolant Temperature (degrees)|Clutch Position (0 or 1)|Brake Pressure (psi)|Brake Position (0 or 1)|Battery Voltage (volts)|Air Temperature (degrees)|Accelerator Pedal Position (0 or 1),,627655,,0,0.0,,0,0,Time Since Start of Day (seconds),0,58870.0,59183.9,True,0,0.1,0.1,0.1,0.0,0.1,10.0,0.0,0.0,0.0,0.0,313.9,False,False,False,False,False,True,False,True,True,137.34,0.1,0.1,0.0,3139,0.0003,,,52.285937,52.348579,-2.121332,-2.074385,0,109.426,90.857,,,,
V-Vw14a,V_sync,V,vw,E,FordFiestaTitanium,,2,Synchronised V abd S datasets\Categorised IOVNB Dataset\Vw (Driver E)\Vw14a\V-Vw14a.csv,Synchronised V abd S datasets\Categorised IOVNB Dataset\Vw (Driver E)\Vw14a\V-Vw14a.csv|Synchronised V abd S datasets\Uncategorised IOVNB Dataset\V-Dataset\V-Vw14a.csv,3138,29,No of GPS Satellites Available|Time Since Start of Day (seconds)|Latitude (degrees)|Longitude (degrees)|Velocity (km/hr)|Heading (degrees)|Height (km)|Vertical velocity (km/hr)|Sample period (seconds)|Steering Angle (degrees)|Wheel Speed Front Left (rad/sec)|Wheel Speed Front Right (rad/sec)|Wheel Speed Rear Left (rad/sec)|Wheel Speed Rear Right (rad/sec)|Yaw Rate (deg/sec)|Indicated Vehicle Speed (km/hr)|Indicated Longitudinal Acceleration (g)|Indicated Lateral Acceleration (g)|Handbrake (0 or 1)|Gear Requested (Number fof gear employed 1-5)|Gear (Number fof gear employed 1-5)|Engine Speed (rev/min)|Coolant Temperature (degrees)|Clutch Position (0 or 1)|Brake Pressure (psi)|Brake Position (0 or 1)|Battery Voltage (volts)|Air Temperature (degrees)|Accelerator Pedal Position (0 or 1),,651054,,0,0.0,,0,0,Time Since Start of Day (seconds),0,58870.1,59183.8,True,0,0.1,0.1,0.1,0.0,0.1,10.0,0.0,0.0,0.0,0.0,313.7,False,False,False,False,False,True,False,True,True,137.34,0.1,0.1,0.0,3137,0.0003,,,52.285963,52.348557,-2.121332,-2.0744,0,109.426,90.85,,,,
V-Vw14b,V_full,V,vw,E,FordFiestaTitanium,,2,Unsynchronised V and S Dataset\Categorised IOVNB (V) Dataset\V Dataset\Vw (Driver E)\Vw14b\V-Vw14b.csv,Unsynchronised V and S Dataset\Categorised IOVNB (V) Dataset\V Dataset\Vw (Driver E)\Vw14b\V-Vw14b.csv|Unsynchronised V and S Dataset\Uncategorised IOVNB (V and S) Dataset\V-Dataset\V-Vw14b.csv,19600,29,No of GPS Satellites Available|Time Since Start of Day (seconds)|Latitude (degrees)|Longitude (degrees)|Velocity (km/hr)|Heading (degrees)|Height (km)|Vertical velocity (km/hr)|Sample period (seconds)|Steering Angle (degrees)|Wheel Speed Front Left (rad/sec)|Wheel Speed Front Right (rad/sec)|Wheel Speed Rear Left (rad/sec)|Wheel Speed Rear Right (rad/sec)|Yaw Rate (deg/sec)|Indicated Vehicle Speed (km/hr)|Indicated Longitudinal Acceleration (g)|Indicated Lateral Acceleration (g)|Handbrake (0 or 1)|Gear Requested (Number fof gear employed 1-5)|Gear (Number fof gear employed 1-5)|Engine Speed (rev/min)|Coolant Temperature (degrees)|Clutch Position (0 or 1)|Brake Pressure (psi)|Brake Position (0 or 1)|Battery Voltage (volts)|Air Temperature (degrees)|Accelerator Pedal Position (0 or 1),,3987718,,0,0.0,,0,0,Time Since Start of Day (seconds),0,59184.0,61143.9,True,0,0.099,0.101,0.1,1e-05,0.1,10.0,0.0,0.0,0.0,0.0,1959.9,False,False,False,False,False,True,False,True,True,136.92,0.1,0.101,0.0,19599,0.0001,,,52.347535,52.524179,-2.07437,-1.708881,0,120.139,75.664,,,,
V-Vw14b,V_sync,V,vw,E,FordFiestaTitanium,,2,Synchronised V abd S datasets\Categorised IOVNB Dataset\Vw (Driver E)\Vw14b\V-Vw14b.csv,Synchronised V abd S datasets\Categorised IOVNB Dataset\Vw (Driver E)\Vw14b\V-Vw14b.csv|Synchronised V abd S datasets\Uncategorised IOVNB Dataset\V-Dataset\V-Vw14b.csv,19588,29,No of GPS Satellites Available|Time Since Start of Day (seconds)|Latitude (degrees)|Longitude (degrees)|Velocity (km/hr)|Heading (degrees)|Height (km)|Vertical velocity (km/hr)|Sample period (seconds)|Steering Angle (degrees)|Wheel Speed Front Left (rad/sec)|Wheel Speed Front Right (rad/sec)|Wheel Speed Rear Left (rad/sec)|Wheel Speed Rear Right (rad/sec)|Yaw Rate (deg/sec)|Indicated Vehicle Speed (km/hr)|Indicated Longitudinal Acceleration (g)|Indicated Lateral Acceleration (g)|Handbrake (0 or 1)|Gear Requested (Number fof gear employed 1-5)|Gear (Number fof gear employed 1-5)|Engine Speed (rev/min)|Coolant Temperature (degrees)|Clutch Position (0 or 1)|Brake Pressure (psi)|Brake Position (0 or 1)|Battery Voltage (volts)|Air Temperature (degrees)|Accelerator Pedal Position (0 or 1),,4120915,,0,0.0,,0,0,Time Since Start of Day (seconds),0,59185.1,61143.8,True,0,0.099,0.101,0.1,1e-05,0.1,10.0,0.0,0.0,0.0,0.0,1958.7,False,False,False,False,False,True,False,True,True,136.92,0.1,0.101,0.0,19587,0.0001,,,52.347535,52.524161,-2.074221,-1.708881,0,120.139,75.655,,,,
V-Vw14c,V_full,V,vw,E,FordFiestaTitanium,,2,Unsynchronised V and S Dataset\Categorised IOVNB (V) Dataset\V Dataset\Vw (Driver E)\Vw14c\V-Vw14c.csv,Unsynchronised V and S Dataset\Categorised IOVNB (V) Dataset\V Dataset\Vw (Driver E)\Vw14c\V-Vw14c.csv|Unsynchronised V and S Dataset\Uncategorised IOVNB (V and S) Dataset\V-Dataset\V-Vw14c.csv,15857,29,No of GPS Satellites Available|Time Since Start of Day (seconds)|Latitude (degrees)|Longitude (degrees)|Velocity (km/hr)|Heading (degrees)|Height (km)|Vertical velocity (km/hr)|Sample period (seconds)|Steering Angle (degrees)|Wheel Speed Front Left (rad/sec)|Wheel Speed Front Right (rad/sec)|Wheel Speed Rear Left (rad/sec)|Wheel Speed Rear Right (rad/sec)|Yaw Rate (deg/sec)|Indicated Vehicle Speed (km/hr)|Indicated Longitudinal Acceleration (g)|Indicated Lateral Acceleration (g)|Handbrake (0 or 1)|Gear Requested (Number fof gear employed 1-5)|Gear (Number fof gear employed 1-5)|Engine Speed (rev/min)|Coolant Temperature (degrees)|Clutch Position (0 or 1)|Brake Pressure (psi)|Brake Position (0 or 1)|Battery Voltage (volts)|Air Temperature (degrees)|Accelerator Pedal Position (0 or 1),,3237111,,0,0.0,,0,0,Time Since Start of Day (seconds),0,61144.0,62729.6,True,0,0.1,0.1,0.1,0.0,0.1,10.0,0.0,0.0,0.0,0.0,1585.6,False,False,False,False,False,True,False,True,True,136.37,0.1,1.9,0.0,14939,0.0579,,,52.524196,52.604436,-1.731767,-1.608949,0,100.48,38.922,,,,
V-Vw14c,V_sync,V,vw,E,FordFiestaTitanium,,2,Synchronised V abd S datasets\Categorised IOVNB Dataset\Vw (Driver E)\Vw14c\V-Vw14c.csv,Synchronised V abd S datasets\Categorised IOVNB Dataset\Vw (Driver E)\Vw14c\V-Vw14c.csv|Synchronised V abd S datasets\Uncategorised IOVNB Dataset\V-Dataset\V-Vw14c.csv,15826,29,No of GPS Satellites Available|Time Since Start of Day (seconds)|Latitude (degrees)|Longitude (degrees)|Velocity (km/hr)|Heading (degrees)|Height (km)|Vertical velocity (km/hr)|Sample period (seconds)|Steering Angle (degrees)|Wheel Speed Front Left (rad/sec)|Wheel Speed Front Right (rad/sec)|Wheel Speed Rear Left (rad/sec)|Wheel Speed Rear Right (rad/sec)|Yaw Rate (deg/sec)|Indicated Vehicle Speed (km/hr)|Indicated Longitudinal Acceleration (g)|Indicated Lateral Acceleration (g)|Handbrake (0 or 1)|Gear Requested (Number fof gear employed 1-5)|Gear (Number fof gear employed 1-5)|Engine Speed (rev/min)|Coolant Temperature (degrees)|Clutch Position (0 or 1)|Brake Pressure (psi)|Brake Position (0 or 1)|Battery Voltage (volts)|Air Temperature (degrees)|Accelerator Pedal Position (0 or 1),,3363425,,0,0.0,,0,0,Time Since Start of Day (seconds),0,61147.0,62729.5,True,0,0.1,0.1,0.1,0.0,0.1,10.0,0.0,0.0,0.0,0.0,1582.5,False,False,False,False,False,True,False,True,True,136.37,0.1,1.9,0.0,14908,0.058,,,52.52472,52.604436,-1.731767,-1.608949,0,100.48,38.863,,,,
V-Vw15,V_full,V,vw,E,FordFiestaTitanium,,2,Unsynchronised V and S Dataset\Categorised IOVNB (V) Dataset\V Dataset\Vw (Driver E)\Vw15\V-Vw15.csv,Unsynchronised V and S Dataset\Categorised IOVNB (V) Dataset\V Dataset\Vw (Driver E)\Vw15\V-Vw15.csv|Unsynchronised V and S Dataset\Uncategorised IOVNB (V and S) Dataset\V-Dataset\V-Vw15.csv,1391,29,No of GPS Satellites Available|Time Since Start of Day (seconds)|Latitude (degrees)|Longitude (degrees)|Velocity (km/hr)|Heading (degrees)|Height (km)|Vertical velocity (km/hr)|Sample period (seconds)|Steering Angle (degrees)|Wheel Speed Front Left (rad/sec)|Wheel Speed Front Right (rad/sec)|Wheel Speed Rear Left (rad/sec)|Wheel Speed Rear Right (rad/sec)|Yaw Rate (deg/sec)|Indicated Vehicle Speed (km/hr)|Indicated Longitudinal Acceleration (g)|Indicated Lateral Acceleration (g)|Handbrake (0 or 1)|Gear Requested (Number fof gear employed 1-5)|Gear (Number fof gear employed 1-5)|Engine Speed (rev/min)|Coolant Temperature (degrees)|Clutch Position (0 or 1)|Brake Pressure (psi)|Brake Position (0 or 1)|Battery Voltage (volts)|Air Temperature (degrees)|Accelerator Pedal Position (0 or 1),,253875,,0,0.0,,0,0,Time Since Start of Day (seconds),0,62986.9,63125.9,True,0,0.1,0.1,0.1,0.0,0.1,10.0,0.0,0.0,0.0,0.0,139.0,False,False,False,False,False,True,False,True,True,71.38,0.1,2.6,0.0,891,0.3595,,,52.596276,52.596312,-1.608955,-1.608893,0,0.752,0.082,,,,
V-Vw15,V_sync,V,vw,E,FordFiestaTitanium,,2,Synchronised V abd S datasets\Categorised IOVNB Dataset\Vw (Driver E)\Vw15\V-Vw15.csv,Synchronised V abd S datasets\Categorised IOVNB Dataset\Vw (Driver E)\Vw15\V-Vw15.csv|Synchronised V abd S datasets\Uncategorised IOVNB Dataset\V-Dataset\V-Vw15.csv,1391,29,No of GPS Satellites Available|Time Since Start of Day (seconds)|Latitude (degrees)|Longitude (degrees)|Velocity (km/hr)|Heading (degrees)|Height (km)|Vertical velocity (km/hr)|Sample period (seconds)|Steering Angle (degrees)|Wheel Speed Front Left (rad/sec)|Wheel Speed Front Right (rad/sec)|Wheel Speed Rear Left (rad/sec)|Wheel Speed Rear Right (rad/sec)|Yaw Rate (deg/sec)|Indicated Vehicle Speed (km/hr)|Indicated Longitudinal Acceleration (g)|Indicated Lateral Acceleration (g)|Handbrake (0 or 1)|Gear Requested (Number fof gear employed 1-5)|Gear (Number fof gear employed 1-5)|Engine Speed (rev/min)|Coolant Temperature (degrees)|Clutch Position (0 or 1)|Brake Pressure (psi)|Brake Position (0 or 1)|Battery Voltage (volts)|Air Temperature (degrees)|Accelerator Pedal Position (0 or 1),,263885,,0,0.0,,0,0,Time Since Start of Day (seconds),0,62986.9,63125.9,True,0,0.1,0.1,0.1,0.0,0.1,10.0,0.0,0.0,0.0,0.0,139.0,False,False,False,False,False,True,False,True,True,71.38,0.1,2.6,0.0,891,0.3595,,,52.596276,52.596312,-1.608955,-1.608893,0,0.752,0.082,,,,
V-Vw16a,V_full,V,vw,E,FordFiestaTitanium,,2,Unsynchronised V and S Dataset\Categorised IOVNB (V) Dataset\V Dataset\Vw (Driver E)\Vw16a\V-Vw16a.csv,Unsynchronised V and S Dataset\Categorised IOVNB (V) Dataset\V Dataset\Vw (Driver E)\Vw16a\V-Vw16a.csv|Unsynchronised V and S Dataset\Uncategorised IOVNB (V and S) Dataset\V-Dataset\V-Vw16a.csv,6000,29,No of GPS Satellites Available|Time Since Start of Day (seconds)|Latitude (degrees)|Longitude (degrees)|Velocity (km/hr)|Heading (degrees)|Height (km)|Vertical velocity (km/hr)|Sample period (seconds)|Steering Angle (degrees)|Wheel Speed Front Left (rad/sec)|Wheel Speed Front Right (rad/sec)|Wheel Speed Rear Left (rad/sec)|Wheel Speed Rear Right (rad/sec)|Yaw Rate (deg/sec)|Indicated Vehicle Speed (km/hr)|Indicated Longitudinal Acceleration (g)|Indicated Lateral Acceleration (g)|Handbrake (0 or 1)|Gear Requested (Number fof gear employed 1-5)|Gear (Number fof gear employed 1-5)|Engine Speed (rev/min)|Coolant Temperature (degrees)|Clutch Position (0 or 1)|Brake Pressure (psi)|Brake Position (0 or 1)|Battery Voltage (volts)|Air Temperature (degrees)|Accelerator Pedal Position (0 or 1),,1209828,,0,0.0,,0,0,Time Since Start of Day (seconds),0,63131.8,63731.7,True,0,0.1,0.1,0.1,0.0,0.1,10.0,0.0,0.0,0.0,0.0,599.9,False,False,False,False,False,True,False,True,True,133.06,0.1,0.8,0.0,5821,0.0298,,,52.563347,52.596313,-1.608955,-1.499156,0,83.477,50.898,,,,
V-Vw16a,V_sync,V,vw,E,FordFiestaTitanium,,2,Synchronised V abd S datasets\Categorised IOVNB Dataset\Vw (Driver E)\Vw16a\V-Vw16a.csv,Synchronised V abd S datasets\Categorised IOVNB Dataset\Vw (Driver E)\Vw16a\V-Vw16a.csv|Synchronised V abd S datasets\Uncategorised IOVNB Dataset\V-Dataset\V-Vw16a.csv,5879,29,No of GPS Satellites Available|Time Since Start of Day (seconds)|Latitude (degrees)|Longitude (degrees)|Velocity (km/hr)|Heading (degrees)|Height (km)|Vertical velocity (km/hr)|Sample period (seconds)|Steering Angle (degrees)|Wheel Speed Front Left (rad/sec)|Wheel Speed Front Right (rad/sec)|Wheel Speed Rear Left (rad/sec)|Wheel Speed Rear Right (rad/sec)|Yaw Rate (deg/sec)|Indicated Vehicle Speed (km/hr)|Indicated Longitudinal Acceleration (g)|Indicated Lateral Acceleration (g)|Handbrake (0 or 1)|Gear Requested (Number fof gear employed 1-5)|Gear (Number fof gear employed 1-5)|Engine Speed (rev/min)|Coolant Temperature (degrees)|Clutch Position (0 or 1)|Brake Pressure (psi)|Brake Position (0 or 1)|Battery Voltage (volts)|Air Temperature (degrees)|Accelerator Pedal Position (0 or 1),,1241037,,0,0.0,,0,0,Time Since Start of Day (seconds),0,63143.8,63731.6,True,0,0.1,0.1,0.1,0.0,0.1,10.0,0.0,0.0,0.0,0.0,587.8,False,False,False,False,False,True,False,True,True,132.97,0.1,0.8,0.0,5728,0.0257,,,52.563355,52.596276,-1.608937,-1.499184,0,83.477,51.908,,,,
V-Vw16b,V_full,V,vw,E,FordFiestaTitanium,,2,Unsynchronised V and S Dataset\Categorised IOVNB (V) Dataset\V Dataset\Vw (Driver E)\Vw16b\V-Vw16b.csv,Unsynchronised V and S Dataset\Categorised IOVNB (V) Dataset\V Dataset\Vw (Driver E)\Vw16b\V-Vw16b.csv|Unsynchronised V and S Dataset\Uncategorised IOVNB (V and S) Dataset\V-Dataset\V-Vw16b.csv,1171,29,No of GPS Satellites Available|Time Since Start of Day (seconds)|Latitude (degrees)|Longitude (degrees)|Velocity (km/hr)|Heading (degrees)|Height (km)|Vertical velocity (km/hr)|Sample period (seconds)|Steering Angle (degrees)|Wheel Speed Front Left (rad/sec)|Wheel Speed Front Right (rad/sec)|Wheel Speed Rear Left (rad/sec)|Wheel Speed Rear Right (rad/sec)|Yaw Rate (deg/sec)|Indicated Vehicle Speed (km/hr)|Indicated Longitudinal Acceleration (g)|Indicated Lateral Acceleration (g)|Handbrake (0 or 1)|Gear Requested (Number fof gear employed 1-5)|Gear (Number fof gear employed 1-5)|Engine Speed (rev/min)|Coolant Temperature (degrees)|Clutch Position (0 or 1)|Brake Pressure (psi)|Brake Position (0 or 1)|Battery Voltage (volts)|Air Temperature (degrees)|Accelerator Pedal Position (0 or 1),,236875,,0,0.0,,0,0,Time Since Start of Day (seconds),0,63731.8,63848.8,True,0,0.1,0.1,0.1,0.0,0.1,10.0,0.0,0.0,0.0,0.0,117.0,False,False,False,False,False,True,False,True,True,137.9,0.1,0.1,0.0,1170,0.0009,,,52.555616,52.563339,-1.499129,-1.472774,0,86.332,61.077,,,,
V-Vw16b,V_sync,V,vw,E,FordFiestaTitanium,,2,Synchronised V abd S datasets\Categorised IOVNB Dataset\Vw (Driver E)\Vw16b\V-Vw16b.csv,Synchronised V abd S datasets\Categorised IOVNB Dataset\Vw (Driver E)\Vw16b\V-Vw16b.csv|Synchronised V abd S datasets\Uncategorised IOVNB Dataset\V-Dataset\V-Vw16b.csv,1126,29,No of GPS Satellites Available|Time Since Start of Day (seconds)|Latitude (degrees)|Longitude (degrees)|Velocity (km/hr)|Heading (degrees)|Height (km)|Vertical velocity (km/hr)|Sample period (seconds)|Steering Angle (degrees)|Wheel Speed Front Left (rad/sec)|Wheel Speed Front Right (rad/sec)|Wheel Speed Rear Left (rad/sec)|Wheel Speed Rear Right (rad/sec)|Yaw Rate (deg/sec)|Indicated Vehicle Speed (km/hr)|Indicated Longitudinal Acceleration (g)|Indicated Lateral Acceleration (g)|Handbrake (0 or 1)|Gear Requested (Number fof gear employed 1-5)|Gear (Number fof gear employed 1-5)|Engine Speed (rev/min)|Coolant Temperature (degrees)|Clutch Position (0 or 1)|Brake Pressure (psi)|Brake Position (0 or 1)|Battery Voltage (volts)|Air Temperature (degrees)|Accelerator Pedal Position (0 or 1),,239979,,0,0.0,,0,0,Time Since Start of Day (seconds),0,63736.2,63848.7,True,0,0.1,0.1,0.1,0.0,0.1,10.0,0.0,0.0,0.0,0.0,112.5,False,False,False,False,False,True,False,True,True,137.89,0.1,0.1,0.0,1125,0.0009,,,52.555624,52.562968,-1.49788,-1.472799,0,86.332,60.452,,,,
V-Vw17,V_full,V,vw,E,FordFiestaTitanium,,2,Unsynchronised V and S Dataset\Categorised IOVNB (V) Dataset\V Dataset\Vw (Driver E)\Vw17\V-Vw17.csv,Unsynchronised V and S Dataset\Categorised IOVNB (V) Dataset\V Dataset\Vw (Driver E)\Vw17\V-Vw17.csv|Unsynchronised V and S Dataset\Uncategorised IOVNB (V and S) Dataset\V-Dataset\V-Vw17.csv,329,29,No of GPS Satellites Available|Time Since Start of Day (seconds)|Latitude (degrees)|Longitude (degrees)|Velocity (km/hr)|Heading (degrees)|Height (km)|Vertical velocity (km/hr)|Sample period (seconds)|Steering Angle (degrees)|Wheel Speed Front Left (rad/sec)|Wheel Speed Front Right (rad/sec)|Wheel Speed Rear Left (rad/sec)|Wheel Speed Rear Right (rad/sec)|Yaw Rate (deg/sec)|Indicated Vehicle Speed (km/hr)|Indicated Longitudinal Acceleration (g)|Indicated Lateral Acceleration (g)|Handbrake (0 or 1)|Gear Requested (Number fof gear employed 1-5)|Gear (Number fof gear employed 1-5)|Engine Speed (rev/min)|Coolant Temperature (degrees)|Clutch Position (0 or 1)|Brake Pressure (psi)|Brake Position (0 or 1)|Battery Voltage (volts)|Air Temperature (degrees)|Accelerator Pedal Position (0 or 1),,68566,,0,0.0,,0,0,Time Since Start of Day (seconds),0,63853.1,63885.9,True,0,0.1,0.1,0.1,0.0,0.1,10.0,0.0,0.0,0.0,0.0,32.8,False,False,False,False,False,True,False,True,True,138.0,0.1,0.1,0.0,328,0.003,,,52.553149,52.555276,-1.471662,-1.464546,0,72.659,59.052,,,,
V-Vw17,V_sync,V,vw,E,FordFiestaTitanium,,2,Synchronised V abd S datasets\Categorised IOVNB Dataset\Vw (Driver E)\Vw17\V-Vw17.csv,Synchronised V abd S datasets\Categorised IOVNB Dataset\Vw (Driver E)\Vw17\V-Vw17.csv|Synchronised V abd S datasets\Uncategorised IOVNB Dataset\V-Dataset\V-Vw17.csv,329,29,No of GPS Satellites Available|Time Since Start of Day (seconds)|Latitude (degrees)|Longitude (degrees)|Velocity (km/hr)|Heading (degrees)|Height (km)|Vertical velocity (km/hr)|Sample period (seconds)|Steering Angle (degrees)|Wheel Speed Front Left (rad/sec)|Wheel Speed Front Right (rad/sec)|Wheel Speed Rear Left (rad/sec)|Wheel Speed Rear Right (rad/sec)|Yaw Rate (deg/sec)|Indicated Vehicle Speed (km/hr)|Indicated Longitudinal Acceleration (g)|Indicated Lateral Acceleration (g)|Handbrake (0 or 1)|Gear Requested (Number fof gear employed 1-5)|Gear (Number fof gear employed 1-5)|Engine Speed (rev/min)|Coolant Temperature (degrees)|Clutch Position (0 or 1)|Brake Pressure (psi)|Brake Position (0 or 1)|Battery Voltage (volts)|Air Temperature (degrees)|Accelerator Pedal Position (0 or 1),,71065,,0,0.0,,0,0,Time Since Start of Day (seconds),0,63853.1,63885.9,True,0,0.1,0.1,0.1,0.0,0.1,10.0,0.0,0.0,0.0,0.0,32.8,False,False,False,False,False,True,False,True,True,138.0,0.1,0.1,0.0,328,0.003,,,52.553149,52.555276,-1.471662,-1.464546,0,72.659,59.052,,,,
V-Vw2,V_full,V,vw,E,FordFiestaTitanium,,2,Unsynchronised V and S Dataset\Categorised IOVNB (V) Dataset\V Dataset\Vw (Driver E)\Vw02\V-Vw2.csv,Unsynchronised V and S Dataset\Categorised IOVNB (V) Dataset\V Dataset\Vw (Driver E)\Vw02\V-Vw2.csv|Unsynchronised V and S Dataset\Uncategorised IOVNB (V and S) Dataset\V-Dataset\V-Vw2.csv,52712,29,No of GPS Satellites Available|Time Since Start of Day (seconds)|Latitude (degrees)|Longitude (degrees)|Velocity (km/hr)|Heading (degrees)|Height (km)|Vertical velocity (km/hr)|Sample period (seconds)|Steering Angle (degrees)|Wheel Speed Front Left (rad/sec)|Wheel Speed Front Right (rad/sec)|Wheel Speed Rear Left (rad/sec)|Wheel Speed Rear Right (rad/sec)|Yaw Rate (deg/sec)|Indicated Vehicle Speed (km/hr)|Indicated Longitudinal Acceleration (g)|Indicated Lateral Acceleration (g)|Handbrake (0 or 1)|Gear Requested (Number fof gear employed 1-5)|Gear (Number fof gear employed 1-5)|Engine Speed (rev/min)|Coolant Temperature (degrees)|Clutch Position (0 or 1)|Brake Pressure (psi)|Brake Position (0 or 1)|Battery Voltage (volts)|Air Temperature (degrees)|Accelerator Pedal Position (0 or 1),,10887065,,0,0.0,,0,0,Time Since Start of Day (seconds),0,36944.8,42215.9,True,0,0.099,0.101,0.1,6e-06,0.1,10.0,0.0,0.0,0.0,0.0,5271.1,False,False,False,False,False,True,False,True,True,130.51,0.1,1.9,0.0,51512,0.0228,,,52.025301,52.555188,-1.464295,-0.602613,0,115.423,67.323,,,,
V-Vw2,V_sync,V,vw,E,FordFiestaTitanium,,2,Synchronised V abd S datasets\Categorised IOVNB Dataset\Vw (Driver E)\Vw02\V-Vw2.csv,Synchronised V abd S datasets\Categorised IOVNB Dataset\Vw (Driver E)\Vw02\V-Vw2.csv|Synchronised V abd S datasets\Uncategorised IOVNB Dataset\V-Dataset\V-Vw2.csv,52712,29,No of GPS Satellites Available|Time Since Start of Day (seconds)|Latitude (degrees)|Longitude (degrees)|Velocity (km/hr)|Heading (degrees)|Height (km)|Vertical velocity (km/hr)|Sample period (seconds)|Steering Angle (degrees)|Wheel Speed Front Left (rad/sec)|Wheel Speed Front Right (rad/sec)|Wheel Speed Rear Left (rad/sec)|Wheel Speed Rear Right (rad/sec)|Yaw Rate (deg/sec)|Indicated Vehicle Speed (km/hr)|Indicated Longitudinal Acceleration (g)|Indicated Lateral Acceleration (g)|Handbrake (0 or 1)|Gear Requested (Number fof gear employed 1-5)|Gear (Number fof gear employed 1-5)|Engine Speed (rev/min)|Coolant Temperature (degrees)|Clutch Position (0 or 1)|Brake Pressure (psi)|Brake Position (0 or 1)|Battery Voltage (volts)|Air Temperature (degrees)|Accelerator Pedal Position (0 or 1),,11341576,,0,0.0,,0,0,Time Since Start of Day (seconds),0,36944.8,42215.9,True,0,0.099,0.101,0.1,6e-06,0.1,10.0,0.0,0.0,0.0,0.0,5271.1,False,False,False,False,False,True,False,True,True,130.51,0.1,1.9,0.0,51512,0.0228,,,52.025301,52.555188,-1.464295,-0.602613,0,115.423,67.323,,,,
V-Vw3,V_full,V,vw,E,FordFiestaTitanium,,2,Unsynchronised V and S Dataset\Categorised IOVNB (V) Dataset\V Dataset\Vw (Driver E)\Vw03\V-Vw3.csv,Unsynchronised V and S Dataset\Categorised IOVNB (V) Dataset\V Dataset\Vw (Driver E)\Vw03\V-Vw3.csv|Unsynchronised V and S Dataset\Uncategorised IOVNB (V and S) Dataset\V-Dataset\V-Vw3.csv,3941,29,No of GPS Satellites Available|Time Since Start of Day (seconds)|Latitude (degrees)|Longitude (degrees)|Velocity (km/hr)|Heading (degrees)|Height (km)|Vertical velocity (km/hr)|Sample period (seconds)|Steering Angle (degrees)|Wheel Speed Front Left (rad/sec)|Wheel Speed Front Right (rad/sec)|Wheel Speed Rear Left (rad/sec)|Wheel Speed Rear Right (rad/sec)|Yaw Rate (deg/sec)|Indicated Vehicle Speed (km/hr)|Indicated Longitudinal Acceleration (g)|Indicated Lateral Acceleration (g)|Handbrake (0 or 1)|Gear Requested (Number fof gear employed 1-5)|Gear (Number fof gear employed 1-5)|Engine Speed (rev/min)|Coolant Temperature (degrees)|Clutch Position (0 or 1)|Brake Pressure (psi)|Brake Position (0 or 1)|Battery Voltage (volts)|Air Temperature (degrees)|Accelerator Pedal Position (0 or 1),,821795,,0,0.0,,0,0,Time Since Start of Day (seconds),0,42232.0,42626.0,True,0,0.1,0.1,0.1,0.0,0.1,10.0,0.0,0.0,0.0,0.0,394.0,False,False,False,False,False,True,False,True,True,123.47,0.1,0.3,0.0,3935,0.0015,,,52.021521,52.048976,-0.75575,-0.732538,0,77.382,46.081,,,,
V-Vw3,V_sync,V,vw,E,FordFiestaTitanium,,2,Synchronised V abd S datasets\Categorised IOVNB Dataset\Vw (Driver E)\Vw03\V-Vw3.csv,Synchronised V abd S datasets\Categorised IOVNB Dataset\Vw (Driver E)\Vw03\V-Vw3.csv|Synchronised V abd S datasets\Uncategorised IOVNB Dataset\V-Dataset\V-Vw3.csv,3861,29,No of GPS Satellites Available|Time Since Start of Day (seconds)|Latitude (degrees)|Longitude (degrees)|Velocity (km/hr)|Heading (degrees)|Height (km)|Vertical velocity (km/hr)|Sample period (seconds)|Steering Angle (degrees)|Wheel Speed Front Left (rad/sec)|Wheel Speed Front Right (rad/sec)|Wheel Speed Rear Left (rad/sec)|Wheel Speed Rear Right (rad/sec)|Yaw Rate (deg/sec)|Indicated Vehicle Speed (km/hr)|Indicated Longitudinal Acceleration (g)|Indicated Lateral Acceleration (g)|Handbrake (0 or 1)|Gear Requested (Number fof gear employed 1-5)|Gear (Number fof gear employed 1-5)|Engine Speed (rev/min)|Coolant Temperature (degrees)|Clutch Position (0 or 1)|Brake Pressure (psi)|Brake Position (0 or 1)|Battery Voltage (volts)|Air Temperature (degrees)|Accelerator Pedal Position (0 or 1),,839545,,0,0.0,,0,0,Time Since Start of Day (seconds),0,42240.0,42626.0,True,0,0.1,0.1,0.1,0.0,0.1,10.0,0.0,0.0,0.0,0.0,386.0,False,False,False,False,False,True,False,True,True,123.23,0.1,0.3,0.0,3855,0.0016,,,52.021521,52.048976,-0.75575,-0.733907,0,77.382,46.064,,,,
V-Vw4,V_full,V,vw,E,FordFiestaTitanium,,2,Unsynchronised V and S Dataset\Categorised IOVNB (V) Dataset\V Dataset\Vw (Driver E)\Vw04\V-Vw4.csv,Unsynchronised V and S Dataset\Categorised IOVNB (V) Dataset\V Dataset\Vw (Driver E)\Vw04\V-Vw4.csv|Unsynchronised V and S Dataset\Uncategorised IOVNB (V and S) Dataset\V-Dataset\V-Vw4.csv,126573,29,No of GPS Satellites Available|Time Since Start of Day (seconds)|Latitude (degrees)|Longitude (degrees)|Velocity (km/hr)|Heading (degrees)|Height (km)|Vertical velocity (km/hr)|Sample period (seconds)|Steering Angle (degrees)|Wheel Speed Front Left (rad/sec)|Wheel Speed Front Right (rad/sec)|Wheel Speed Rear Left (rad/sec)|Wheel Speed Rear Right (rad/sec)|Yaw Rate (deg/sec)|Indicated Vehicle Speed (km/hr)|Indicated Longitudinal Acceleration (g)|Indicated Lateral Acceleration (g)|Handbrake (0 or 1)|Gear Requested (Number fof gear employed 1-5)|Gear (Number fof gear employed 1-5)|Engine Speed (rev/min)|Coolant Temperature (degrees)|Clutch Position (0 or 1)|Brake Pressure (psi)|Brake Position (0 or 1)|Battery Voltage (volts)|Air Temperature (degrees)|Accelerator Pedal Position (0 or 1),,26069987,,0,0.0,,0,0,Time Since Start of Day (seconds),0,44122.1,56779.3,True,0,0.099,0.101,0.1,6e-06,0.1,10.0,0.0,0.0,0.0,0.0,12657.2,False,False,False,False,False,True,False,True,True,115.9,0.1,2.0,0.0,123808,0.0218,,,51.946283,52.39091,-2.253547,-0.690851,0,131.879,60.973,,,,
V-Vw4,V_sync,V,vw,E,FordFiestaTitanium,,2,Synchronised V abd S datasets\Categorised IOVNB Dataset\Vw (Driver E)\Vw04\V-Vw4.csv,Synchronised V abd S datasets\Categorised IOVNB Dataset\Vw (Driver E)\Vw04\V-Vw4.csv|Synchronised V abd S datasets\Uncategorised IOVNB Dataset\V-Dataset\V-Vw4.csv,126527,29,No of GPS Satellites Available|Time Since Start of Day (seconds)|Latitude (degrees)|Longitude (degrees)|Velocity (km/hr)|Heading (degrees)|Height (km)|Vertical velocity (km/hr)|Sample period (seconds)|Steering Angle (degrees)|Wheel Speed Front Left (rad/sec)|Wheel Speed Front Right (rad/sec)|Wheel Speed Rear Left (rad/sec)|Wheel Speed Rear Right (rad/sec)|Yaw Rate (deg/sec)|Indicated Vehicle Speed (km/hr)|Indicated Longitudinal Acceleration (g)|Indicated Lateral Acceleration (g)|Handbrake (0 or 1)|Gear Requested (Number fof gear employed 1-5)|Gear (Number fof gear employed 1-5)|Engine Speed (rev/min)|Coolant Temperature (degrees)|Clutch Position (0 or 1)|Brake Pressure (psi)|Brake Position (0 or 1)|Battery Voltage (volts)|Air Temperature (degrees)|Accelerator Pedal Position (0 or 1),,27124526,,0,0.0,,0,0,Time Since Start of Day (seconds),0,44126.7,56779.3,True,0,0.099,0.101,0.1,6e-06,0.1,10.0,0.0,0.0,0.0,0.0,12652.6,False,False,False,False,False,True,False,True,True,115.89,0.1,2.0,0.0,123765,0.0218,,,51.946283,52.39091,-2.253547,-0.690851,0,131.879,60.993,,,,
V-Vw5,V_full,V,vw,E,FordFiestaTitanium,,2,Unsynchronised V and S Dataset\Categorised IOVNB (V) Dataset\V Dataset\Vw (Driver E)\Vw05\V-Vw5.csv,Unsynchronised V and S Dataset\Categorised IOVNB (V) Dataset\V Dataset\Vw (Driver E)\Vw05\V-Vw5.csv|Unsynchronised V and S Dataset\Uncategorised IOVNB (V and S) Dataset\V-Dataset\V-Vw5.csv,1050,29,No of GPS Satellites Available|Time Since Start of Day (seconds)|Latitude (degrees)|Longitude (degrees)|Velocity (km/hr)|Heading (degrees)|Height (km)|Vertical velocity (km/hr)|Sample period (seconds)|Steering Angle (degrees)|Wheel Speed Front Left (rad/sec)|Wheel Speed Front Right (rad/sec)|Wheel Speed Rear Left (rad/sec)|Wheel Speed Rear Right (rad/sec)|Yaw Rate (deg/sec)|Indicated Vehicle Speed (km/hr)|Indicated Longitudinal Acceleration (g)|Indicated Lateral Acceleration (g)|Handbrake (0 or 1)|Gear Requested (Number fof gear employed 1-5)|Gear (Number fof gear employed 1-5)|Engine Speed (rev/min)|Coolant Temperature (degrees)|Clutch Position (0 or 1)|Brake Pressure (psi)|Brake Position (0 or 1)|Battery Voltage (volts)|Air Temperature (degrees)|Accelerator Pedal Position (0 or 1),,215664,,0,0.0,,0,0,Time Since Start of Day (seconds),0,56790.4,56895.3,True,0,0.1,0.1,0.1,0.0,0.1,10.0,0.0,0.0,0.0,0.0,104.9,False,False,False,False,False,True,False,True,True,10.43,0.1,0.3,0.0,1037,0.0124,,,52.208432,52.211344,-2.189947,-2.186915,0,38.66,24.128,,,,
V-Vw5,V_sync,V,vw,E,FordFiestaTitanium,,2,Synchronised V abd S datasets\Categorised IOVNB Dataset\Vw (Driver E)\Vw05\V-Vw5.csv,Synchronised V abd S datasets\Categorised IOVNB Dataset\Vw (Driver E)\Vw05\V-Vw5.csv|Synchronised V abd S datasets\Uncategorised IOVNB Dataset\V-Dataset\V-Vw5.csv,1012,29,No of GPS Satellites Available|Time Since Start of Day (seconds)|Latitude (degrees)|Longitude (degrees)|Velocity (km/hr)|Heading (degrees)|Height (km)|Vertical velocity (km/hr)|Sample period (seconds)|Steering Angle (degrees)|Wheel Speed Front Left (rad/sec)|Wheel Speed Front Right (rad/sec)|Wheel Speed Rear Left (rad/sec)|Wheel Speed Rear Right (rad/sec)|Yaw Rate (deg/sec)|Indicated Vehicle Speed (km/hr)|Indicated Longitudinal Acceleration (g)|Indicated Lateral Acceleration (g)|Handbrake (0 or 1)|Gear Requested (Number fof gear employed 1-5)|Gear (Number fof gear employed 1-5)|Engine Speed (rev/min)|Coolant Temperature (degrees)|Clutch Position (0 or 1)|Brake Pressure (psi)|Brake Position (0 or 1)|Battery Voltage (volts)|Air Temperature (degrees)|Accelerator Pedal Position (0 or 1),,216316,,0,0.0,,0,0,Time Since Start of Day (seconds),0,56794.1,56895.2,True,0,0.1,0.1,0.1,0.0,0.1,10.0,0.0,0.0,0.0,0.0,101.1,False,False,False,False,False,True,False,True,True,10.42,0.1,0.3,0.0,999,0.0128,,,52.208573,52.211344,-2.189947,-2.186916,0,37.368,23.695,,,,
V-Vw6,V_full,V,vw,E,FordFiestaTitanium,,2,Unsynchronised V and S Dataset\Categorised IOVNB (V) Dataset\V Dataset\Vw (Driver E)\Vw06\V-Vw6.csv,Unsynchronised V and S Dataset\Categorised IOVNB (V) Dataset\V Dataset\Vw (Driver E)\Vw06\V-Vw6.csv|Unsynchronised V and S Dataset\Uncategorised IOVNB (V and S) Dataset\V-Dataset\V-Vw6.csv,1288,29,No of GPS Satellites Available|Time Since Start of Day (seconds)|Latitude (degrees)|Longitude (degrees)|Velocity (km/hr)|Heading (degrees)|Height (km)|Vertical velocity (km/hr)|Sample period (seconds)|Steering Angle (degrees)|Wheel Speed Front Left (rad/sec)|Wheel Speed Front Right (rad/sec)|Wheel Speed Rear Left (rad/sec)|Wheel Speed Rear Right (rad/sec)|Yaw Rate (deg/sec)|Indicated Vehicle Speed (km/hr)|Indicated Longitudinal Acceleration (g)|Indicated Lateral Acceleration (g)|Handbrake (0 or 1)|Gear Requested (Number fof gear employed 1-5)|Gear (Number fof gear employed 1-5)|Engine Speed (rev/min)|Coolant Temperature (degrees)|Clutch Position (0 or 1)|Brake Pressure (psi)|Brake Position (0 or 1)|Battery Voltage (volts)|Air Temperature (degrees)|Accelerator Pedal Position (0 or 1),,269988,,0,0.0,,0,0,Time Since Start of Day (seconds),0,56903.6,57032.3,True,0,0.1,0.1,0.1,0.0,0.1,10.0,0.0,0.0,0.0,0.0,128.7,False,False,False,False,False,True,False,True,True,95.33,0.1,0.1,0.0,1287,0.0008,,,52.211031,52.214189,-2.188402,-2.184173,0,40.734,30.198,,,,
V-Vw6,V_sync,V,vw,E,FordFiestaTitanium,,2,Synchronised V abd S datasets\Categorised IOVNB Dataset\Vw (Driver E)\Vw06\V-Vw6.csv,Synchronised V abd S datasets\Categorised IOVNB Dataset\Vw (Driver E)\Vw06\V-Vw6.csv|Synchronised V abd S datasets\Uncategorised IOVNB Dataset\V-Dataset\V-Vw6.csv,1281,29,No of GPS Satellites Available|Time Since Start of Day (seconds)|Latitude (degrees)|Longitude (degrees)|Velocity (km/hr)|Heading (degrees)|Height (km)|Vertical velocity (km/hr)|Sample period (seconds)|Steering Angle (degrees)|Wheel Speed Front Left (rad/sec)|Wheel Speed Front Right (rad/sec)|Wheel Speed Rear Left (rad/sec)|Wheel Speed Rear Right (rad/sec)|Yaw Rate (deg/sec)|Indicated Vehicle Speed (km/hr)|Indicated Longitudinal Acceleration (g)|Indicated Lateral Acceleration (g)|Handbrake (0 or 1)|Gear Requested (Number fof gear employed 1-5)|Gear (Number fof gear employed 1-5)|Engine Speed (rev/min)|Coolant Temperature (degrees)|Clutch Position (0 or 1)|Brake Pressure (psi)|Brake Position (0 or 1)|Battery Voltage (volts)|Air Temperature (degrees)|Accelerator Pedal Position (0 or 1),,278191,,0,0.0,,0,0,Time Since Start of Day (seconds),0,56904.2,57032.2,True,0,0.1,0.1,0.1,0.0,0.1,10.0,0.0,0.0,0.0,0.0,128.0,False,False,False,False,False,True,False,True,True,95.69,0.1,0.1,0.0,1280,0.0008,,,52.211033,52.214189,-2.188402,-2.184173,0,40.734,30.336,,,,
V-Vw7,V_full,V,vw,E,FordFiestaTitanium,,2,Unsynchronised V and S Dataset\Categorised IOVNB (V) Dataset\V Dataset\Vw (Driver E)\Vw07\V-Vw7.csv,Unsynchronised V and S Dataset\Categorised IOVNB (V) Dataset\V Dataset\Vw (Driver E)\Vw07\V-Vw7.csv|Unsynchronised V and S Dataset\Uncategorised IOVNB (V and S) Dataset\V-Dataset\V-Vw7.csv,1689,29,No of GPS Satellites Available|Time Since Start of Day (seconds)|Latitude (degrees)|Longitude (degrees)|Velocity (km/hr)|Heading (degrees)|Height (km)|Vertical velocity (km/hr)|Sample period (seconds)|Steering Angle (degrees)|Wheel Speed Front Left (rad/sec)|Wheel Speed Front Right (rad/sec)|Wheel Speed Rear Left (rad/sec)|Wheel Speed Rear Right (rad/sec)|Yaw Rate (deg/sec)|Indicated Vehicle Speed (km/hr)|Indicated Longitudinal Acceleration (g)|Indicated Lateral Acceleration (g)|Handbrake (0 or 1)|Gear Requested (Number fof gear employed 1-5)|Gear (Number fof gear employed 1-5)|Engine Speed (rev/min)|Coolant Temperature (degrees)|Clutch Position (0 or 1)|Brake Pressure (psi)|Brake Position (0 or 1)|Battery Voltage (volts)|Air Temperature (degrees)|Accelerator Pedal Position (0 or 1),,350184,,0,0.0,,0,0,Time Since Start of Day (seconds),0,57468.2,57637.0,True,0,0.1,0.1,0.1,0.0,0.1,10.0,0.0,0.0,0.0,0.0,168.8,False,False,False,False,False,True,False,True,True,132.95,0.1,0.2,0.0,1687,0.0012,,,52.201781,52.203283,-2.202055,-2.195652,0,42.167,26.246,,,,
V-Vw7,V_sync,V,vw,E,FordFiestaTitanium,,2,Synchronised V abd S datasets\Categorised IOVNB Dataset\Vw (Driver E)\Vw07\V-Vw7.csv,Synchronised V abd S datasets\Categorised IOVNB Dataset\Vw (Driver E)\Vw07\V-Vw7.csv|Synchronised V abd S datasets\Uncategorised IOVNB Dataset\V-Dataset\V-Vw7.csv,1602,29,No of GPS Satellites Available|Time Since Start of Day (seconds)|Latitude (degrees)|Longitude (degrees)|Velocity (km/hr)|Heading (degrees)|Height (km)|Vertical velocity (km/hr)|Sample period (seconds)|Steering Angle (degrees)|Wheel Speed Front Left (rad/sec)|Wheel Speed Front Right (rad/sec)|Wheel Speed Rear Left (rad/sec)|Wheel Speed Rear Right (rad/sec)|Yaw Rate (deg/sec)|Indicated Vehicle Speed (km/hr)|Indicated Longitudinal Acceleration (g)|Indicated Lateral Acceleration (g)|Handbrake (0 or 1)|Gear Requested (Number fof gear employed 1-5)|Gear (Number fof gear employed 1-5)|Engine Speed (rev/min)|Coolant Temperature (degrees)|Clutch Position (0 or 1)|Brake Pressure (psi)|Brake Position (0 or 1)|Battery Voltage (volts)|Air Temperature (degrees)|Accelerator Pedal Position (0 or 1),,346895,,0,0.0,,0,0,Time Since Start of Day (seconds),0,57476.8,57636.9,True,0,0.1,0.1,0.1,0.0,0.1,10.0,0.0,0.0,0.0,0.0,160.1,False,False,False,False,False,True,False,True,True,132.78,0.1,0.2,0.0,1600,0.0012,,,52.201781,52.203283,-2.202055,-2.195652,0,42.167,26.05,,,,
V-Vw8,V_full,V,vw,E,FordFiestaTitanium,,2,Unsynchronised V and S Dataset\Categorised IOVNB (V) Dataset\V Dataset\Vw (Driver E)\Vw08\V-Vw8.csv,Unsynchronised V and S Dataset\Categorised IOVNB (V) Dataset\V Dataset\Vw (Driver E)\Vw08\V-Vw8.csv|Unsynchronised V and S Dataset\Uncategorised IOVNB (V and S) Dataset\V-Dataset\V-Vw8.csv,1599,29,No of GPS Satellites Available|Time Since Start of Day (seconds)|Latitude (degrees)|Longitude (degrees)|Velocity (km/hr)|Heading (degrees)|Height (km)|Vertical velocity (km/hr)|Sample period (seconds)|Steering Angle (degrees)|Wheel Speed Front Left (rad/sec)|Wheel Speed Front Right (rad/sec)|Wheel Speed Rear Left (rad/sec)|Wheel Speed Rear Right (rad/sec)|Yaw Rate (deg/sec)|Indicated Vehicle Speed (km/hr)|Indicated Longitudinal Acceleration (g)|Indicated Lateral Acceleration (g)|Handbrake (0 or 1)|Gear Requested (Number fof gear employed 1-5)|Gear (Number fof gear employed 1-5)|Engine Speed (rev/min)|Coolant Temperature (degrees)|Clutch Position (0 or 1)|Brake Pressure (psi)|Brake Position (0 or 1)|Battery Voltage (volts)|Air Temperature (degrees)|Accelerator Pedal Position (0 or 1),,332898,,0,0.0,,0,0,Time Since Start of Day (seconds),0,57643.1,57802.9,True,0,0.1,0.1,0.1,0.0,0.1,10.0,0.0,0.0,0.0,0.0,159.8,False,False,False,False,False,True,False,True,True,132.18,0.1,0.5,0.0,1591,0.005,,,52.201789,52.203275,-2.202046,-2.195659,0,46.429,25.161,,,,
V-Vw8,V_sync,V,vw,E,FordFiestaTitanium,,2,Synchronised V abd S datasets\Categorised IOVNB Dataset\Vw (Driver E)\Vw08\V-Vw8.csv,Synchronised V abd S datasets\Categorised IOVNB Dataset\Vw (Driver E)\Vw08\V-Vw8.csv|Synchronised V abd S datasets\Uncategorised IOVNB Dataset\V-Dataset\V-Vw8.csv,1529,29,No of GPS Satellites Available|Time Since Start of Day (seconds)|Latitude (degrees)|Longitude (degrees)|Velocity (km/hr)|Heading (degrees)|Height (km)|Vertical velocity (km/hr)|Sample period (seconds)|Steering Angle (degrees)|Wheel Speed Front Left (rad/sec)|Wheel Speed Front Right (rad/sec)|Wheel Speed Rear Left (rad/sec)|Wheel Speed Rear Right (rad/sec)|Yaw Rate (deg/sec)|Indicated Vehicle Speed (km/hr)|Indicated Longitudinal Acceleration (g)|Indicated Lateral Acceleration (g)|Handbrake (0 or 1)|Gear Requested (Number fof gear employed 1-5)|Gear (Number fof gear employed 1-5)|Engine Speed (rev/min)|Coolant Temperature (degrees)|Clutch Position (0 or 1)|Brake Pressure (psi)|Brake Position (0 or 1)|Battery Voltage (volts)|Air Temperature (degrees)|Accelerator Pedal Position (0 or 1),,332609,,0,0.0,,0,0,Time Since Start of Day (seconds),0,57650.0,57802.8,True,0,0.1,0.1,0.1,0.0,0.1,10.0,0.0,0.0,0.0,0.0,152.8,False,False,False,False,False,True,False,True,True,131.96,0.1,0.5,0.0,1521,0.0052,,,52.201789,52.203252,-2.202046,-2.195659,0,46.429,24.977,,,,
V-Vw9,V_full,V,vw,E,FordFiestaTitanium,,2,Unsynchronised V and S Dataset\Categorised IOVNB (V) Dataset\V Dataset\Vw (Driver E)\Vw09\V-Vw9.csv,Unsynchronised V and S Dataset\Categorised IOVNB (V) Dataset\V Dataset\Vw (Driver E)\Vw09\V-Vw9.csv|Unsynchronised V and S Dataset\Uncategorised IOVNB (V and S) Dataset\V-Dataset\V-Vw9.csv,601,29,No of GPS Satellites Available|Time Since Start of Day (seconds)|Latitude (degrees)|Longitude (degrees)|Velocity (km/hr)|Heading (degrees)|Height (km)|Vertical velocity (km/hr)|Sample period (seconds)|Steering Angle (degrees)|Wheel Speed Front Left (rad/sec)|Wheel Speed Front Right (rad/sec)|Wheel Speed Rear Left (rad/sec)|Wheel Speed Rear Right (rad/sec)|Yaw Rate (deg/sec)|Indicated Vehicle Speed (km/hr)|Indicated Longitudinal Acceleration (g)|Indicated Lateral Acceleration (g)|Handbrake (0 or 1)|Gear Requested (Number fof gear employed 1-5)|Gear (Number fof gear employed 1-5)|Engine Speed (rev/min)|Coolant Temperature (degrees)|Clutch Position (0 or 1)|Brake Pressure (psi)|Brake Position (0 or 1)|Battery Voltage (volts)|Air Temperature (degrees)|Accelerator Pedal Position (0 or 1),,125970,,0,0.0,,0,0,Time Since Start of Day (seconds),0,57835.1,57895.1,True,0,0.1,0.1,0.1,0.0,0.1,10.0,0.0,0.0,0.0,0.0,60.0,False,False,False,False,False,True,False,True,True,109.04,0.1,0.1,0.0,600,0.0017,,,52.201547,52.202851,-2.205774,-2.199734,0,41.99,27.2,,,,
V-Vw9,V_sync,V,vw,E,FordFiestaTitanium,,2,Synchronised V abd S datasets\Categorised IOVNB Dataset\Vw (Driver E)\Vw09\V-Vw9.csv,Synchronised V abd S datasets\Categorised IOVNB Dataset\Vw (Driver E)\Vw09\V-Vw9.csv|Synchronised V abd S datasets\Uncategorised IOVNB Dataset\V-Dataset\V-Vw9.csv,553,29,No of GPS Satellites Available|Time Since Start of Day (seconds)|Latitude (degrees)|Longitude (degrees)|Velocity (km/hr)|Heading (degrees)|Height (km)|Vertical velocity (km/hr)|Sample period (seconds)|Steering Angle (degrees)|Wheel Speed Front Left (rad/sec)|Wheel Speed Front Right (rad/sec)|Wheel Speed Rear Left (rad/sec)|Wheel Speed Rear Right (rad/sec)|Yaw Rate (deg/sec)|Indicated Vehicle Speed (km/hr)|Indicated Longitudinal Acceleration (g)|Indicated Lateral Acceleration (g)|Handbrake (0 or 1)|Gear Requested (Number fof gear employed 1-5)|Gear (Number fof gear employed 1-5)|Engine Speed (rev/min)|Coolant Temperature (degrees)|Clutch Position (0 or 1)|Brake Pressure (psi)|Brake Position (0 or 1)|Battery Voltage (volts)|Air Temperature (degrees)|Accelerator Pedal Position (0 or 1),,121383,,0,0.0,,0,0,Time Since Start of Day (seconds),0,57839.9,57895.1,True,0,0.1,0.1,0.1,0.0,0.1,10.0,0.0,0.0,0.0,0.0,55.2,False,False,False,False,False,True,False,True,True,106.69,0.1,0.1,0.0,552,0.0018,,,52.201547,52.202804,-2.205774,-2.200201,0,41.99,27.447,,,,
V-Y1,V_full,V,y,D,FordFiestaTitanium,,2,Unsynchronised V and S Dataset\Categorised IOVNB (V) Dataset\V Dataset\Y (Driver D)\Y1\V-Y1.csv,Unsynchronised V and S Dataset\Categorised IOVNB (V) Dataset\V Dataset\Y (Driver D)\Y1\V-Y1.csv|Unsynchronised V and S Dataset\Uncategorised IOVNB (V and S) Dataset\V-Dataset\V-Y1.csv,70341,29,No of GPS Satellites Available|Time Since Start of Day (seconds)|Latitude (degrees)|Longitude (degrees)|Velocity (km/hr)|Heading (degrees)|Height (km)|Vertical velocity (km/hr)|Sample period (seconds)|Steering Angle (degrees)|Wheel Speed Front Left (rad/sec)|Wheel Speed Front Right (rad/sec)|Wheel Speed Rear Left (rad/sec)|Wheel Speed Rear Right (rad/sec)|Yaw Rate (deg/sec)|Indicated Vehicle Speed (km/hr)|Indicated Longitudinal Acceleration (g)|Indicated Lateral Acceleration (g)|Handbrake (0 or 1)|Gear Requested (Number fof gear employed 1-5)|Gear (Number fof gear employed 1-5)|Engine Speed (rev/min)|Coolant Temperature (degrees)|Clutch Position (0 or 1)|Brake Pressure (psi)|Brake Position (0 or 1)|Battery Voltage (volts)|Air Temperature (degrees)|Accelerator Pedal Position (0 or 1),,14394860,,0,0.0,,0,0,Time Since Start of Day (seconds),0,61954.4,69626.8,True,0,0.099,384.6,0.109076,1.737307,0.1,10.0,0.0,2.0,2.0,2.0,7672.4,False,False,False,False,False,True,False,True,True,119.1,0.1,384.6,2.0,67967,0.0337,,,52.394734,52.470899,-1.545794,-1.470194,0,87.487,29.965,,,,
V-Y1,V_sync,V,y,D,FordFiestaTitanium,,2,Synchronised V abd S datasets\Categorised IOVNB Dataset\Y (Driver D)\Y1\V-Y1.csv,Synchronised V abd S datasets\Categorised IOVNB Dataset\Y (Driver D)\Y1\V-Y1.csv|Synchronised V abd S datasets\Uncategorised IOVNB Dataset\V-Dataset\V-Y1.csv,70285,29,No of GPS Satellites Available|Time Since Start of Day (seconds)|Latitude (degrees)|Longitude (degrees)|Velocity (km/hr)|Heading (degrees)|Height (km)|Vertical velocity (km/hr)|Sample period (seconds)|Steering Angle (degrees)|Wheel Speed Front Left (rad/sec)|Wheel Speed Front Right (rad/sec)|Wheel Speed Rear Left (rad/sec)|Wheel Speed Rear Right (rad/sec)|Yaw Rate (deg/sec)|Indicated Vehicle Speed (km/hr)|Indicated Longitudinal Acceleration (g)|Indicated Lateral Acceleration (g)|Handbrake (0 or 1)|Gear Requested (Number fof gear employed 1-5)|Gear (Number fof gear employed 1-5)|Engine Speed (rev/min)|Coolant Temperature (degrees)|Clutch Position (0 or 1)|Brake Pressure (psi)|Brake Position (0 or 1)|Battery Voltage (volts)|Air Temperature (degrees)|Accelerator Pedal Position (0 or 1),,14986075,,0,0.0,,0,0,Time Since Start of Day (seconds),0,61959.9,69626.7,True,0,0.099,384.6,0.109083,1.737999,0.1,10.0,0.0,2.0,2.0,2.0,7666.8,False,False,False,False,False,True,False,True,True,119.09,0.1,384.6,2.0,67911,0.0338,,,52.394734,52.470899,-1.545794,-1.470194,0,87.487,29.984,,,,
V-Y2,V_full,V,y,D,FordFiestaTitanium,,2,Unsynchronised V and S Dataset\Categorised IOVNB (V) Dataset\V Dataset\Y (Driver D)\Y2\V-Y2.csv,Unsynchronised V and S Dataset\Categorised IOVNB (V) Dataset\V Dataset\Y (Driver D)\Y2\V-Y2.csv|Unsynchronised V and S Dataset\Uncategorised IOVNB (V and S) Dataset\V-Dataset\V-Y2.csv,57213,29,No of GPS Satellites Available|Time Since Start of Day (seconds)|Latitude (degrees)|Longitude (degrees)|Velocity (km/hr)|Heading (degrees)|Height (km)|Vertical velocity (km/hr)|Sample period (seconds)|Steering Angle (degrees)|Wheel Speed Front Left (rad/sec)|Wheel Speed Front Right (rad/sec)|Wheel Speed Rear Left (rad/sec)|Wheel Speed Rear Right (rad/sec)|Yaw Rate (deg/sec)|Indicated Vehicle Speed (km/hr)|Indicated Longitudinal Acceleration (g)|Indicated Lateral Acceleration (g)|Handbrake (0 or 1)|Gear Requested (Number fof gear employed 1-5)|Gear (Number fof gear employed 1-5)|Engine Speed (rev/min)|Coolant Temperature (degrees)|Clutch Position (0 or 1)|Brake Pressure (psi)|Brake Position (0 or 1)|Battery Voltage (volts)|Air Temperature (degrees)|Accelerator Pedal Position (0 or 1),,11546741,,0,0.0,,0,0,Time Since Start of Day (seconds),0,35349.9,41071.1,True,0,0.1,0.1,0.1,0.0,0.1,10.0,0.0,0.0,0.0,0.0,5721.2,False,False,False,False,False,True,False,True,True,68.07,0.1,2.9,0.0,56197,0.0178,,,52.337643,52.411981,-1.581401,-1.496459,0,73.346,29.229,,,,
